ISO-10303-21;
HEADER;
/* Generated by software containing ST-Developer
 * from STEP Tools, Inc. (www.steptools.com) 
 */

FILE_DESCRIPTION(
/* description */ (''),
/* implementation_level */ '2;1');

FILE_NAME(
/* name */ 'unimog dash old style.step',
/* time_stamp */ '2026-06-18T16:32:57-07:00',
/* author */ (''),
/* organization */ (''),
/* preprocessor_version */ 'ST-DEVELOPER v20.1',
/* originating_system */ 'Autodesk Translation Framework v15.8.0.0',
/* authorisation */ '');

FILE_SCHEMA (('AUTOMOTIVE_DESIGN { 1 0 10303 214 3 1 1 }'));
ENDSEC;

DATA;
#10=MECHANICAL_DESIGN_GEOMETRIC_PRESENTATION_REPRESENTATION('',(#13),#5166);
#11=SHAPE_REPRESENTATION_RELATIONSHIP('SRR','None',#5173,#12);
#12=ADVANCED_BREP_SHAPE_REPRESENTATION('',(#14),#5165);
#13=STYLED_ITEM('',(#5182),#14);
#14=MANIFOLD_SOLID_BREP('Body1',#3238);
#15=CIRCLE('',#3324,16.);
#16=CIRCLE('',#3325,16.);
#17=CIRCLE('',#3331,16.875);
#18=CIRCLE('',#3332,16.875);
#19=CIRCLE('',#3334,52.75);
#20=CIRCLE('',#3335,52.75);
#21=CIRCLE('',#3338,14.);
#22=CIRCLE('',#3339,14.);
#23=CIRCLE('',#3343,14.);
#24=CIRCLE('',#3344,14.);
#25=CIRCLE('',#3350,14.);
#26=CIRCLE('',#3351,14.);
#27=CIRCLE('',#3355,6.);
#28=CIRCLE('',#3356,6.);
#29=CIRCLE('',#3358,6.25);
#30=CIRCLE('',#3359,6.25);
#31=CIRCLE('',#3361,3.4);
#32=CIRCLE('',#3362,3.4);
#33=CIRCLE('',#3364,3.4);
#34=CIRCLE('',#3365,3.4);
#35=CIRCLE('',#3367,1.25);
#36=CIRCLE('',#3368,1.25);
#37=CIRCLE('',#3370,8.99999999999999);
#38=CIRCLE('',#3371,8.99999999999999);
#39=CIRCLE('',#3373,8.99999999999999);
#40=CIRCLE('',#3374,8.99999999999999);
#41=CIRCLE('',#3376,3.40000000000003);
#42=CIRCLE('',#3377,3.40000000000003);
#43=CIRCLE('',#3381,14.);
#44=CIRCLE('',#3382,14.);
#45=CIRCLE('',#3385,3.40000000000003);
#46=CIRCLE('',#3386,3.40000000000003);
#47=CIRCLE('',#3389,14.);
#48=CIRCLE('',#3390,14.);
#49=CIRCLE('',#3394,6.00000000000001);
#50=CIRCLE('',#3395,6.00000000000001);
#51=CIRCLE('',#3397,72.625);
#52=CIRCLE('',#3398,72.625);
#53=CIRCLE('',#3401,14.);
#54=CIRCLE('',#3402,14.);
#55=CIRCLE('',#3407,14.);
#56=CIRCLE('',#3408,14.);
#57=CIRCLE('',#3412,6.25);
#58=CIRCLE('',#3413,6.25);
#59=CIRCLE('',#3415,7.15000000000003);
#60=CIRCLE('',#3416,7.15000000000003);
#61=CIRCLE('',#3418,8.99999999999999);
#62=CIRCLE('',#3419,8.99999999999999);
#63=CIRCLE('',#3422,14.);
#64=CIRCLE('',#3423,14.);
#65=CIRCLE('',#3427,72.625);
#66=CIRCLE('',#3428,72.625);
#67=CIRCLE('',#3433,13.2);
#68=CIRCLE('',#3434,13.2);
#69=CIRCLE('',#3439,13.2);
#70=CIRCLE('',#3440,13.2);
#71=CIRCLE('',#3442,14.5);
#72=CIRCLE('',#3443,14.5);
#73=CIRCLE('',#3445,6.);
#74=CIRCLE('',#3446,6.);
#75=CIRCLE('',#3451,13.2);
#76=CIRCLE('',#3452,13.2);
#77=CIRCLE('',#3457,13.2);
#78=CIRCLE('',#3458,13.2);
#79=CIRCLE('',#3460,1.25);
#80=CIRCLE('',#3461,1.25);
#81=CYLINDRICAL_SURFACE('',#3323,16.);
#82=CYLINDRICAL_SURFACE('',#3330,16.875);
#83=CYLINDRICAL_SURFACE('',#3333,52.75);
#84=CYLINDRICAL_SURFACE('',#3337,14.);
#85=CYLINDRICAL_SURFACE('',#3342,14.);
#86=CYLINDRICAL_SURFACE('',#3349,14.);
#87=CYLINDRICAL_SURFACE('',#3354,6.);
#88=CYLINDRICAL_SURFACE('',#3357,6.25);
#89=CYLINDRICAL_SURFACE('',#3360,3.4);
#90=CYLINDRICAL_SURFACE('',#3363,3.4);
#91=CYLINDRICAL_SURFACE('',#3366,1.25);
#92=CYLINDRICAL_SURFACE('',#3369,8.99999999999999);
#93=CYLINDRICAL_SURFACE('',#3372,8.99999999999999);
#94=CYLINDRICAL_SURFACE('',#3375,3.40000000000003);
#95=CYLINDRICAL_SURFACE('',#3380,14.);
#96=CYLINDRICAL_SURFACE('',#3384,3.40000000000003);
#97=CYLINDRICAL_SURFACE('',#3388,14.);
#98=CYLINDRICAL_SURFACE('',#3393,6.00000000000001);
#99=CYLINDRICAL_SURFACE('',#3396,72.625);
#100=CYLINDRICAL_SURFACE('',#3400,14.);
#101=CYLINDRICAL_SURFACE('',#3406,14.);
#102=CYLINDRICAL_SURFACE('',#3411,6.25);
#103=CYLINDRICAL_SURFACE('',#3414,7.15000000000003);
#104=CYLINDRICAL_SURFACE('',#3417,8.99999999999999);
#105=CYLINDRICAL_SURFACE('',#3421,14.);
#106=CYLINDRICAL_SURFACE('',#3426,72.625);
#107=CYLINDRICAL_SURFACE('',#3432,13.2);
#108=CYLINDRICAL_SURFACE('',#3438,13.2);
#109=CYLINDRICAL_SURFACE('',#3441,14.5);
#110=CYLINDRICAL_SURFACE('',#3444,6.);
#111=CYLINDRICAL_SURFACE('',#3450,13.2);
#112=CYLINDRICAL_SURFACE('',#3456,13.2);
#113=CYLINDRICAL_SURFACE('',#3459,1.25);
#114=FACE_BOUND('',#428,.T.);
#115=FACE_BOUND('',#429,.T.);
#116=FACE_BOUND('',#430,.T.);
#117=FACE_BOUND('',#431,.T.);
#118=FACE_BOUND('',#432,.T.);
#119=FACE_BOUND('',#433,.T.);
#120=FACE_BOUND('',#434,.T.);
#121=FACE_BOUND('',#435,.T.);
#122=FACE_BOUND('',#436,.T.);
#123=FACE_BOUND('',#437,.T.);
#124=FACE_BOUND('',#438,.T.);
#125=FACE_BOUND('',#439,.T.);
#126=FACE_BOUND('',#440,.T.);
#127=FACE_BOUND('',#441,.T.);
#128=FACE_BOUND('',#442,.T.);
#129=FACE_BOUND('',#443,.T.);
#130=FACE_BOUND('',#524,.T.);
#131=FACE_BOUND('',#525,.T.);
#132=FACE_BOUND('',#526,.T.);
#133=FACE_BOUND('',#527,.T.);
#134=FACE_BOUND('',#528,.T.);
#135=FACE_BOUND('',#529,.T.);
#136=FACE_BOUND('',#530,.T.);
#137=FACE_BOUND('',#531,.T.);
#138=FACE_BOUND('',#532,.T.);
#139=FACE_BOUND('',#533,.T.);
#140=FACE_BOUND('',#534,.T.);
#141=FACE_BOUND('',#535,.T.);
#142=FACE_BOUND('',#536,.T.);
#143=FACE_BOUND('',#537,.T.);
#144=FACE_BOUND('',#538,.T.);
#145=FACE_BOUND('',#539,.T.);
#146=FACE_BOUND('',#540,.T.);
#147=FACE_BOUND('',#541,.T.);
#148=FACE_BOUND('',#542,.T.);
#149=FACE_BOUND('',#543,.T.);
#150=FACE_BOUND('',#544,.T.);
#151=FACE_BOUND('',#545,.T.);
#152=FACE_BOUND('',#546,.T.);
#153=FACE_BOUND('',#547,.T.);
#154=FACE_BOUND('',#548,.T.);
#155=FACE_BOUND('',#549,.T.);
#156=FACE_BOUND('',#550,.T.);
#157=FACE_BOUND('',#551,.T.);
#158=FACE_BOUND('',#552,.T.);
#159=FACE_BOUND('',#553,.T.);
#160=FACE_BOUND('',#554,.T.);
#161=FACE_BOUND('',#555,.T.);
#162=FACE_BOUND('',#557,.T.);
#163=FACE_BOUND('',#558,.T.);
#164=FACE_BOUND('',#559,.T.);
#165=FACE_BOUND('',#560,.T.);
#166=FACE_BOUND('',#561,.T.);
#167=FACE_BOUND('',#562,.T.);
#168=FACE_BOUND('',#563,.T.);
#169=FACE_BOUND('',#564,.T.);
#170=FACE_BOUND('',#565,.T.);
#171=FACE_BOUND('',#566,.T.);
#172=FACE_BOUND('',#567,.T.);
#173=FACE_BOUND('',#568,.T.);
#174=FACE_BOUND('',#569,.T.);
#175=FACE_BOUND('',#570,.T.);
#176=FACE_BOUND('',#571,.T.);
#177=FACE_BOUND('',#572,.T.);
#178=FACE_BOUND('',#573,.T.);
#179=FACE_BOUND('',#574,.T.);
#180=FACE_BOUND('',#575,.T.);
#181=FACE_BOUND('',#576,.T.);
#182=FACE_BOUND('',#577,.T.);
#183=FACE_BOUND('',#578,.T.);
#184=FACE_BOUND('',#579,.T.);
#185=FACE_BOUND('',#580,.T.);
#186=FACE_BOUND('',#581,.T.);
#187=FACE_BOUND('',#582,.T.);
#188=FACE_BOUND('',#583,.T.);
#189=FACE_BOUND('',#584,.T.);
#190=FACE_BOUND('',#585,.T.);
#191=FACE_BOUND('',#586,.T.);
#192=FACE_BOUND('',#587,.T.);
#193=FACE_BOUND('',#588,.T.);
#194=FACE_BOUND('',#589,.T.);
#195=FACE_BOUND('',#590,.T.);
#196=FACE_BOUND('',#591,.T.);
#197=FACE_BOUND('',#592,.T.);
#198=FACE_BOUND('',#593,.T.);
#199=FACE_BOUND('',#594,.T.);
#200=FACE_BOUND('',#595,.T.);
#201=FACE_BOUND('',#596,.T.);
#202=FACE_BOUND('',#597,.T.);
#203=FACE_BOUND('',#598,.T.);
#204=FACE_BOUND('',#599,.T.);
#205=FACE_BOUND('',#600,.T.);
#206=FACE_BOUND('',#601,.T.);
#207=FACE_BOUND('',#602,.T.);
#208=FACE_BOUND('',#603,.T.);
#209=FACE_OUTER_BOUND('',#359,.T.);
#210=FACE_OUTER_BOUND('',#360,.T.);
#211=FACE_OUTER_BOUND('',#361,.T.);
#212=FACE_OUTER_BOUND('',#362,.T.);
#213=FACE_OUTER_BOUND('',#363,.T.);
#214=FACE_OUTER_BOUND('',#364,.T.);
#215=FACE_OUTER_BOUND('',#365,.T.);
#216=FACE_OUTER_BOUND('',#366,.T.);
#217=FACE_OUTER_BOUND('',#367,.T.);
#218=FACE_OUTER_BOUND('',#368,.T.);
#219=FACE_OUTER_BOUND('',#369,.T.);
#220=FACE_OUTER_BOUND('',#370,.T.);
#221=FACE_OUTER_BOUND('',#371,.T.);
#222=FACE_OUTER_BOUND('',#372,.T.);
#223=FACE_OUTER_BOUND('',#373,.T.);
#224=FACE_OUTER_BOUND('',#374,.T.);
#225=FACE_OUTER_BOUND('',#375,.T.);
#226=FACE_OUTER_BOUND('',#376,.T.);
#227=FACE_OUTER_BOUND('',#377,.T.);
#228=FACE_OUTER_BOUND('',#378,.T.);
#229=FACE_OUTER_BOUND('',#379,.T.);
#230=FACE_OUTER_BOUND('',#380,.T.);
#231=FACE_OUTER_BOUND('',#381,.T.);
#232=FACE_OUTER_BOUND('',#382,.T.);
#233=FACE_OUTER_BOUND('',#383,.T.);
#234=FACE_OUTER_BOUND('',#384,.T.);
#235=FACE_OUTER_BOUND('',#385,.T.);
#236=FACE_OUTER_BOUND('',#386,.T.);
#237=FACE_OUTER_BOUND('',#387,.T.);
#238=FACE_OUTER_BOUND('',#388,.T.);
#239=FACE_OUTER_BOUND('',#389,.T.);
#240=FACE_OUTER_BOUND('',#390,.T.);
#241=FACE_OUTER_BOUND('',#391,.T.);
#242=FACE_OUTER_BOUND('',#392,.T.);
#243=FACE_OUTER_BOUND('',#393,.T.);
#244=FACE_OUTER_BOUND('',#394,.T.);
#245=FACE_OUTER_BOUND('',#395,.T.);
#246=FACE_OUTER_BOUND('',#396,.T.);
#247=FACE_OUTER_BOUND('',#397,.T.);
#248=FACE_OUTER_BOUND('',#398,.T.);
#249=FACE_OUTER_BOUND('',#399,.T.);
#250=FACE_OUTER_BOUND('',#400,.T.);
#251=FACE_OUTER_BOUND('',#401,.T.);
#252=FACE_OUTER_BOUND('',#402,.T.);
#253=FACE_OUTER_BOUND('',#403,.T.);
#254=FACE_OUTER_BOUND('',#404,.T.);
#255=FACE_OUTER_BOUND('',#405,.T.);
#256=FACE_OUTER_BOUND('',#406,.T.);
#257=FACE_OUTER_BOUND('',#407,.T.);
#258=FACE_OUTER_BOUND('',#408,.T.);
#259=FACE_OUTER_BOUND('',#409,.T.);
#260=FACE_OUTER_BOUND('',#410,.T.);
#261=FACE_OUTER_BOUND('',#411,.T.);
#262=FACE_OUTER_BOUND('',#412,.T.);
#263=FACE_OUTER_BOUND('',#413,.T.);
#264=FACE_OUTER_BOUND('',#414,.T.);
#265=FACE_OUTER_BOUND('',#415,.T.);
#266=FACE_OUTER_BOUND('',#416,.T.);
#267=FACE_OUTER_BOUND('',#417,.T.);
#268=FACE_OUTER_BOUND('',#418,.T.);
#269=FACE_OUTER_BOUND('',#419,.T.);
#270=FACE_OUTER_BOUND('',#420,.T.);
#271=FACE_OUTER_BOUND('',#421,.T.);
#272=FACE_OUTER_BOUND('',#422,.T.);
#273=FACE_OUTER_BOUND('',#423,.T.);
#274=FACE_OUTER_BOUND('',#424,.T.);
#275=FACE_OUTER_BOUND('',#425,.T.);
#276=FACE_OUTER_BOUND('',#426,.T.);
#277=FACE_OUTER_BOUND('',#427,.T.);
#278=FACE_OUTER_BOUND('',#444,.T.);
#279=FACE_OUTER_BOUND('',#445,.T.);
#280=FACE_OUTER_BOUND('',#446,.T.);
#281=FACE_OUTER_BOUND('',#447,.T.);
#282=FACE_OUTER_BOUND('',#448,.T.);
#283=FACE_OUTER_BOUND('',#449,.T.);
#284=FACE_OUTER_BOUND('',#450,.T.);
#285=FACE_OUTER_BOUND('',#451,.T.);
#286=FACE_OUTER_BOUND('',#452,.T.);
#287=FACE_OUTER_BOUND('',#453,.T.);
#288=FACE_OUTER_BOUND('',#454,.T.);
#289=FACE_OUTER_BOUND('',#455,.T.);
#290=FACE_OUTER_BOUND('',#456,.T.);
#291=FACE_OUTER_BOUND('',#457,.T.);
#292=FACE_OUTER_BOUND('',#458,.T.);
#293=FACE_OUTER_BOUND('',#459,.T.);
#294=FACE_OUTER_BOUND('',#460,.T.);
#295=FACE_OUTER_BOUND('',#461,.T.);
#296=FACE_OUTER_BOUND('',#462,.T.);
#297=FACE_OUTER_BOUND('',#463,.T.);
#298=FACE_OUTER_BOUND('',#464,.T.);
#299=FACE_OUTER_BOUND('',#465,.T.);
#300=FACE_OUTER_BOUND('',#466,.T.);
#301=FACE_OUTER_BOUND('',#467,.T.);
#302=FACE_OUTER_BOUND('',#468,.T.);
#303=FACE_OUTER_BOUND('',#469,.T.);
#304=FACE_OUTER_BOUND('',#470,.T.);
#305=FACE_OUTER_BOUND('',#471,.T.);
#306=FACE_OUTER_BOUND('',#472,.T.);
#307=FACE_OUTER_BOUND('',#473,.T.);
#308=FACE_OUTER_BOUND('',#474,.T.);
#309=FACE_OUTER_BOUND('',#475,.T.);
#310=FACE_OUTER_BOUND('',#476,.T.);
#311=FACE_OUTER_BOUND('',#477,.T.);
#312=FACE_OUTER_BOUND('',#478,.T.);
#313=FACE_OUTER_BOUND('',#479,.T.);
#314=FACE_OUTER_BOUND('',#480,.T.);
#315=FACE_OUTER_BOUND('',#481,.T.);
#316=FACE_OUTER_BOUND('',#482,.T.);
#317=FACE_OUTER_BOUND('',#483,.T.);
#318=FACE_OUTER_BOUND('',#484,.T.);
#319=FACE_OUTER_BOUND('',#485,.T.);
#320=FACE_OUTER_BOUND('',#486,.T.);
#321=FACE_OUTER_BOUND('',#487,.T.);
#322=FACE_OUTER_BOUND('',#488,.T.);
#323=FACE_OUTER_BOUND('',#489,.T.);
#324=FACE_OUTER_BOUND('',#490,.T.);
#325=FACE_OUTER_BOUND('',#491,.T.);
#326=FACE_OUTER_BOUND('',#492,.T.);
#327=FACE_OUTER_BOUND('',#493,.T.);
#328=FACE_OUTER_BOUND('',#494,.T.);
#329=FACE_OUTER_BOUND('',#495,.T.);
#330=FACE_OUTER_BOUND('',#496,.T.);
#331=FACE_OUTER_BOUND('',#497,.T.);
#332=FACE_OUTER_BOUND('',#498,.T.);
#333=FACE_OUTER_BOUND('',#499,.T.);
#334=FACE_OUTER_BOUND('',#500,.T.);
#335=FACE_OUTER_BOUND('',#501,.T.);
#336=FACE_OUTER_BOUND('',#502,.T.);
#337=FACE_OUTER_BOUND('',#503,.T.);
#338=FACE_OUTER_BOUND('',#504,.T.);
#339=FACE_OUTER_BOUND('',#505,.T.);
#340=FACE_OUTER_BOUND('',#506,.T.);
#341=FACE_OUTER_BOUND('',#507,.T.);
#342=FACE_OUTER_BOUND('',#508,.T.);
#343=FACE_OUTER_BOUND('',#509,.T.);
#344=FACE_OUTER_BOUND('',#510,.T.);
#345=FACE_OUTER_BOUND('',#511,.T.);
#346=FACE_OUTER_BOUND('',#512,.T.);
#347=FACE_OUTER_BOUND('',#513,.T.);
#348=FACE_OUTER_BOUND('',#514,.T.);
#349=FACE_OUTER_BOUND('',#515,.T.);
#350=FACE_OUTER_BOUND('',#516,.T.);
#351=FACE_OUTER_BOUND('',#517,.T.);
#352=FACE_OUTER_BOUND('',#518,.T.);
#353=FACE_OUTER_BOUND('',#519,.T.);
#354=FACE_OUTER_BOUND('',#520,.T.);
#355=FACE_OUTER_BOUND('',#521,.T.);
#356=FACE_OUTER_BOUND('',#522,.T.);
#357=FACE_OUTER_BOUND('',#523,.T.);
#358=FACE_OUTER_BOUND('',#556,.T.);
#359=EDGE_LOOP('',(#2089,#2090,#2091,#2092));
#360=EDGE_LOOP('',(#2093,#2094,#2095,#2096));
#361=EDGE_LOOP('',(#2097,#2098,#2099,#2100));
#362=EDGE_LOOP('',(#2101,#2102,#2103,#2104));
#363=EDGE_LOOP('',(#2105,#2106,#2107,#2108));
#364=EDGE_LOOP('',(#2109,#2110,#2111,#2112));
#365=EDGE_LOOP('',(#2113,#2114,#2115,#2116));
#366=EDGE_LOOP('',(#2117,#2118,#2119,#2120));
#367=EDGE_LOOP('',(#2121,#2122,#2123,#2124));
#368=EDGE_LOOP('',(#2125,#2126,#2127,#2128));
#369=EDGE_LOOP('',(#2129,#2130,#2131,#2132));
#370=EDGE_LOOP('',(#2133,#2134,#2135,#2136));
#371=EDGE_LOOP('',(#2137,#2138,#2139,#2140));
#372=EDGE_LOOP('',(#2141,#2142,#2143,#2144));
#373=EDGE_LOOP('',(#2145,#2146,#2147,#2148));
#374=EDGE_LOOP('',(#2149,#2150,#2151,#2152));
#375=EDGE_LOOP('',(#2153,#2154,#2155,#2156));
#376=EDGE_LOOP('',(#2157,#2158,#2159,#2160));
#377=EDGE_LOOP('',(#2161,#2162,#2163,#2164));
#378=EDGE_LOOP('',(#2165,#2166,#2167,#2168));
#379=EDGE_LOOP('',(#2169,#2170,#2171,#2172));
#380=EDGE_LOOP('',(#2173,#2174,#2175,#2176));
#381=EDGE_LOOP('',(#2177,#2178,#2179,#2180));
#382=EDGE_LOOP('',(#2181,#2182,#2183,#2184));
#383=EDGE_LOOP('',(#2185,#2186,#2187,#2188));
#384=EDGE_LOOP('',(#2189,#2190,#2191,#2192));
#385=EDGE_LOOP('',(#2193,#2194,#2195,#2196));
#386=EDGE_LOOP('',(#2197,#2198,#2199,#2200));
#387=EDGE_LOOP('',(#2201,#2202,#2203,#2204));
#388=EDGE_LOOP('',(#2205,#2206,#2207,#2208));
#389=EDGE_LOOP('',(#2209,#2210,#2211,#2212));
#390=EDGE_LOOP('',(#2213,#2214,#2215,#2216));
#391=EDGE_LOOP('',(#2217,#2218,#2219,#2220));
#392=EDGE_LOOP('',(#2221,#2222,#2223,#2224));
#393=EDGE_LOOP('',(#2225,#2226,#2227,#2228));
#394=EDGE_LOOP('',(#2229,#2230,#2231,#2232));
#395=EDGE_LOOP('',(#2233,#2234,#2235,#2236));
#396=EDGE_LOOP('',(#2237,#2238,#2239,#2240));
#397=EDGE_LOOP('',(#2241,#2242,#2243,#2244));
#398=EDGE_LOOP('',(#2245,#2246,#2247,#2248));
#399=EDGE_LOOP('',(#2249,#2250,#2251,#2252));
#400=EDGE_LOOP('',(#2253,#2254,#2255,#2256));
#401=EDGE_LOOP('',(#2257,#2258,#2259,#2260));
#402=EDGE_LOOP('',(#2261,#2262,#2263,#2264));
#403=EDGE_LOOP('',(#2265,#2266,#2267,#2268));
#404=EDGE_LOOP('',(#2269,#2270,#2271,#2272));
#405=EDGE_LOOP('',(#2273,#2274,#2275,#2276));
#406=EDGE_LOOP('',(#2277,#2278,#2279,#2280));
#407=EDGE_LOOP('',(#2281,#2282,#2283,#2284));
#408=EDGE_LOOP('',(#2285,#2286,#2287,#2288));
#409=EDGE_LOOP('',(#2289,#2290,#2291,#2292));
#410=EDGE_LOOP('',(#2293,#2294,#2295,#2296));
#411=EDGE_LOOP('',(#2297,#2298,#2299,#2300));
#412=EDGE_LOOP('',(#2301,#2302,#2303,#2304));
#413=EDGE_LOOP('',(#2305,#2306,#2307,#2308));
#414=EDGE_LOOP('',(#2309,#2310,#2311,#2312));
#415=EDGE_LOOP('',(#2313,#2314,#2315,#2316));
#416=EDGE_LOOP('',(#2317,#2318,#2319,#2320));
#417=EDGE_LOOP('',(#2321,#2322,#2323,#2324));
#418=EDGE_LOOP('',(#2325,#2326,#2327,#2328));
#419=EDGE_LOOP('',(#2329,#2330,#2331,#2332));
#420=EDGE_LOOP('',(#2333,#2334,#2335,#2336));
#421=EDGE_LOOP('',(#2337,#2338,#2339,#2340));
#422=EDGE_LOOP('',(#2341,#2342,#2343,#2344));
#423=EDGE_LOOP('',(#2345,#2346,#2347,#2348));
#424=EDGE_LOOP('',(#2349,#2350,#2351,#2352));
#425=EDGE_LOOP('',(#2353,#2354,#2355,#2356));
#426=EDGE_LOOP('',(#2357,#2358,#2359,#2360));
#427=EDGE_LOOP('',(#2361,#2362,#2363,#2364));
#428=EDGE_LOOP('',(#2365,#2366,#2367,#2368));
#429=EDGE_LOOP('',(#2369,#2370,#2371,#2372));
#430=EDGE_LOOP('',(#2373,#2374,#2375,#2376));
#431=EDGE_LOOP('',(#2377,#2378,#2379,#2380));
#432=EDGE_LOOP('',(#2381,#2382,#2383,#2384));
#433=EDGE_LOOP('',(#2385,#2386,#2387,#2388));
#434=EDGE_LOOP('',(#2389,#2390,#2391,#2392));
#435=EDGE_LOOP('',(#2393,#2394,#2395,#2396));
#436=EDGE_LOOP('',(#2397,#2398,#2399,#2400));
#437=EDGE_LOOP('',(#2401,#2402,#2403,#2404));
#438=EDGE_LOOP('',(#2405,#2406,#2407,#2408));
#439=EDGE_LOOP('',(#2409,#2410,#2411,#2412));
#440=EDGE_LOOP('',(#2413,#2414,#2415,#2416));
#441=EDGE_LOOP('',(#2417,#2418,#2419,#2420));
#442=EDGE_LOOP('',(#2421,#2422,#2423,#2424));
#443=EDGE_LOOP('',(#2425,#2426,#2427,#2428));
#444=EDGE_LOOP('',(#2429,#2430,#2431,#2432));
#445=EDGE_LOOP('',(#2433,#2434,#2435,#2436));
#446=EDGE_LOOP('',(#2437,#2438,#2439,#2440));
#447=EDGE_LOOP('',(#2441,#2442,#2443,#2444));
#448=EDGE_LOOP('',(#2445,#2446,#2447,#2448));
#449=EDGE_LOOP('',(#2449,#2450,#2451,#2452));
#450=EDGE_LOOP('',(#2453,#2454,#2455,#2456));
#451=EDGE_LOOP('',(#2457,#2458,#2459,#2460));
#452=EDGE_LOOP('',(#2461,#2462,#2463,#2464));
#453=EDGE_LOOP('',(#2465,#2466,#2467,#2468));
#454=EDGE_LOOP('',(#2469,#2470,#2471,#2472));
#455=EDGE_LOOP('',(#2473,#2474,#2475,#2476));
#456=EDGE_LOOP('',(#2477,#2478,#2479,#2480));
#457=EDGE_LOOP('',(#2481,#2482,#2483,#2484));
#458=EDGE_LOOP('',(#2485,#2486,#2487,#2488));
#459=EDGE_LOOP('',(#2489,#2490,#2491,#2492));
#460=EDGE_LOOP('',(#2493,#2494,#2495,#2496));
#461=EDGE_LOOP('',(#2497,#2498,#2499,#2500));
#462=EDGE_LOOP('',(#2501,#2502,#2503,#2504));
#463=EDGE_LOOP('',(#2505,#2506,#2507,#2508));
#464=EDGE_LOOP('',(#2509,#2510,#2511,#2512));
#465=EDGE_LOOP('',(#2513,#2514,#2515,#2516));
#466=EDGE_LOOP('',(#2517,#2518,#2519,#2520));
#467=EDGE_LOOP('',(#2521,#2522,#2523,#2524));
#468=EDGE_LOOP('',(#2525,#2526,#2527,#2528));
#469=EDGE_LOOP('',(#2529,#2530,#2531,#2532));
#470=EDGE_LOOP('',(#2533,#2534,#2535,#2536));
#471=EDGE_LOOP('',(#2537,#2538,#2539,#2540));
#472=EDGE_LOOP('',(#2541,#2542,#2543,#2544));
#473=EDGE_LOOP('',(#2545,#2546,#2547,#2548));
#474=EDGE_LOOP('',(#2549,#2550,#2551,#2552));
#475=EDGE_LOOP('',(#2553,#2554,#2555,#2556));
#476=EDGE_LOOP('',(#2557,#2558,#2559,#2560));
#477=EDGE_LOOP('',(#2561,#2562,#2563,#2564));
#478=EDGE_LOOP('',(#2565,#2566,#2567,#2568));
#479=EDGE_LOOP('',(#2569,#2570,#2571,#2572));
#480=EDGE_LOOP('',(#2573,#2574,#2575,#2576));
#481=EDGE_LOOP('',(#2577,#2578,#2579,#2580));
#482=EDGE_LOOP('',(#2581,#2582,#2583,#2584));
#483=EDGE_LOOP('',(#2585,#2586,#2587,#2588));
#484=EDGE_LOOP('',(#2589,#2590,#2591,#2592));
#485=EDGE_LOOP('',(#2593,#2594,#2595,#2596));
#486=EDGE_LOOP('',(#2597,#2598,#2599,#2600));
#487=EDGE_LOOP('',(#2601,#2602,#2603,#2604));
#488=EDGE_LOOP('',(#2605,#2606,#2607,#2608));
#489=EDGE_LOOP('',(#2609,#2610,#2611,#2612));
#490=EDGE_LOOP('',(#2613,#2614,#2615,#2616));
#491=EDGE_LOOP('',(#2617,#2618,#2619,#2620));
#492=EDGE_LOOP('',(#2621,#2622,#2623,#2624));
#493=EDGE_LOOP('',(#2625,#2626,#2627,#2628));
#494=EDGE_LOOP('',(#2629,#2630,#2631,#2632));
#495=EDGE_LOOP('',(#2633,#2634,#2635,#2636));
#496=EDGE_LOOP('',(#2637,#2638,#2639,#2640));
#497=EDGE_LOOP('',(#2641,#2642,#2643,#2644));
#498=EDGE_LOOP('',(#2645,#2646,#2647,#2648));
#499=EDGE_LOOP('',(#2649,#2650,#2651,#2652));
#500=EDGE_LOOP('',(#2653,#2654,#2655,#2656));
#501=EDGE_LOOP('',(#2657,#2658,#2659,#2660));
#502=EDGE_LOOP('',(#2661,#2662,#2663,#2664));
#503=EDGE_LOOP('',(#2665,#2666,#2667,#2668));
#504=EDGE_LOOP('',(#2669,#2670,#2671,#2672));
#505=EDGE_LOOP('',(#2673,#2674,#2675,#2676));
#506=EDGE_LOOP('',(#2677,#2678,#2679,#2680));
#507=EDGE_LOOP('',(#2681,#2682,#2683,#2684));
#508=EDGE_LOOP('',(#2685,#2686,#2687,#2688));
#509=EDGE_LOOP('',(#2689,#2690,#2691,#2692));
#510=EDGE_LOOP('',(#2693,#2694,#2695,#2696));
#511=EDGE_LOOP('',(#2697,#2698,#2699,#2700));
#512=EDGE_LOOP('',(#2701,#2702,#2703,#2704));
#513=EDGE_LOOP('',(#2705,#2706,#2707,#2708));
#514=EDGE_LOOP('',(#2709,#2710,#2711,#2712));
#515=EDGE_LOOP('',(#2713,#2714,#2715,#2716));
#516=EDGE_LOOP('',(#2717,#2718,#2719,#2720));
#517=EDGE_LOOP('',(#2721,#2722,#2723,#2724));
#518=EDGE_LOOP('',(#2725,#2726,#2727,#2728));
#519=EDGE_LOOP('',(#2729,#2730,#2731,#2732));
#520=EDGE_LOOP('',(#2733,#2734,#2735,#2736));
#521=EDGE_LOOP('',(#2737,#2738,#2739,#2740));
#522=EDGE_LOOP('',(#2741,#2742,#2743,#2744));
#523=EDGE_LOOP('',(#2745,#2746,#2747,#2748));
#524=EDGE_LOOP('',(#2749,#2750,#2751,#2752));
#525=EDGE_LOOP('',(#2753,#2754,#2755,#2756));
#526=EDGE_LOOP('',(#2757));
#527=EDGE_LOOP('',(#2758,#2759,#2760,#2761));
#528=EDGE_LOOP('',(#2762,#2763,#2764,#2765));
#529=EDGE_LOOP('',(#2766,#2767,#2768,#2769));
#530=EDGE_LOOP('',(#2770));
#531=EDGE_LOOP('',(#2771));
#532=EDGE_LOOP('',(#2772));
#533=EDGE_LOOP('',(#2773));
#534=EDGE_LOOP('',(#2774));
#535=EDGE_LOOP('',(#2775));
#536=EDGE_LOOP('',(#2776));
#537=EDGE_LOOP('',(#2777));
#538=EDGE_LOOP('',(#2778,#2779,#2780,#2781));
#539=EDGE_LOOP('',(#2782));
#540=EDGE_LOOP('',(#2783,#2784,#2785,#2786));
#541=EDGE_LOOP('',(#2787));
#542=EDGE_LOOP('',(#2788));
#543=EDGE_LOOP('',(#2789,#2790,#2791,#2792));
#544=EDGE_LOOP('',(#2793,#2794,#2795,#2796));
#545=EDGE_LOOP('',(#2797));
#546=EDGE_LOOP('',(#2798));
#547=EDGE_LOOP('',(#2799));
#548=EDGE_LOOP('',(#2800,#2801,#2802,#2803));
#549=EDGE_LOOP('',(#2804));
#550=EDGE_LOOP('',(#2805,#2806,#2807,#2808,#2809,#2810,#2811,#2812));
#551=EDGE_LOOP('',(#2813));
#552=EDGE_LOOP('',(#2814));
#553=EDGE_LOOP('',(#2815,#2816,#2817,#2818,#2819,#2820,#2821,#2822));
#554=EDGE_LOOP('',(#2823));
#555=EDGE_LOOP('',(#2824,#2825,#2826,#2827));
#556=EDGE_LOOP('',(#2828,#2829,#2830,#2831));
#557=EDGE_LOOP('',(#2832,#2833,#2834,#2835));
#558=EDGE_LOOP('',(#2836,#2837,#2838,#2839));
#559=EDGE_LOOP('',(#2840));
#560=EDGE_LOOP('',(#2841,#2842,#2843,#2844));
#561=EDGE_LOOP('',(#2845,#2846,#2847,#2848));
#562=EDGE_LOOP('',(#2849,#2850,#2851,#2852));
#563=EDGE_LOOP('',(#2853));
#564=EDGE_LOOP('',(#2854));
#565=EDGE_LOOP('',(#2855));
#566=EDGE_LOOP('',(#2856));
#567=EDGE_LOOP('',(#2857));
#568=EDGE_LOOP('',(#2858));
#569=EDGE_LOOP('',(#2859));
#570=EDGE_LOOP('',(#2860));
#571=EDGE_LOOP('',(#2861,#2862,#2863,#2864));
#572=EDGE_LOOP('',(#2865));
#573=EDGE_LOOP('',(#2866,#2867,#2868,#2869));
#574=EDGE_LOOP('',(#2870));
#575=EDGE_LOOP('',(#2871));
#576=EDGE_LOOP('',(#2872,#2873,#2874,#2875));
#577=EDGE_LOOP('',(#2876,#2877,#2878,#2879));
#578=EDGE_LOOP('',(#2880));
#579=EDGE_LOOP('',(#2881));
#580=EDGE_LOOP('',(#2882));
#581=EDGE_LOOP('',(#2883,#2884,#2885,#2886));
#582=EDGE_LOOP('',(#2887));
#583=EDGE_LOOP('',(#2888,#2889,#2890,#2891,#2892,#2893,#2894,#2895));
#584=EDGE_LOOP('',(#2896));
#585=EDGE_LOOP('',(#2897));
#586=EDGE_LOOP('',(#2898,#2899,#2900,#2901,#2902,#2903,#2904,#2905));
#587=EDGE_LOOP('',(#2906));
#588=EDGE_LOOP('',(#2907,#2908,#2909,#2910));
#589=EDGE_LOOP('',(#2911,#2912,#2913,#2914));
#590=EDGE_LOOP('',(#2915,#2916,#2917,#2918));
#591=EDGE_LOOP('',(#2919,#2920,#2921,#2922));
#592=EDGE_LOOP('',(#2923,#2924,#2925,#2926));
#593=EDGE_LOOP('',(#2927,#2928,#2929,#2930));
#594=EDGE_LOOP('',(#2931,#2932,#2933,#2934));
#595=EDGE_LOOP('',(#2935,#2936,#2937,#2938));
#596=EDGE_LOOP('',(#2939,#2940,#2941,#2942));
#597=EDGE_LOOP('',(#2943,#2944,#2945,#2946));
#598=EDGE_LOOP('',(#2947,#2948,#2949,#2950));
#599=EDGE_LOOP('',(#2951,#2952,#2953,#2954));
#600=EDGE_LOOP('',(#2955,#2956,#2957,#2958));
#601=EDGE_LOOP('',(#2959,#2960,#2961,#2962));
#602=EDGE_LOOP('',(#2963,#2964,#2965,#2966));
#603=EDGE_LOOP('',(#2967,#2968,#2969,#2970));
#604=LINE('',#4281,#979);
#605=LINE('',#4283,#980);
#606=LINE('',#4285,#981);
#607=LINE('',#4286,#982);
#608=LINE('',#4289,#983);
#609=LINE('',#4291,#984);
#610=LINE('',#4292,#985);
#611=LINE('',#4295,#986);
#612=LINE('',#4297,#987);
#613=LINE('',#4298,#988);
#614=LINE('',#4300,#989);
#615=LINE('',#4301,#990);
#616=LINE('',#4305,#991);
#617=LINE('',#4307,#992);
#618=LINE('',#4309,#993);
#619=LINE('',#4310,#994);
#620=LINE('',#4313,#995);
#621=LINE('',#4315,#996);
#622=LINE('',#4316,#997);
#623=LINE('',#4319,#998);
#624=LINE('',#4321,#999);
#625=LINE('',#4322,#1000);
#626=LINE('',#4324,#1001);
#627=LINE('',#4325,#1002);
#628=LINE('',#4329,#1003);
#629=LINE('',#4331,#1004);
#630=LINE('',#4333,#1005);
#631=LINE('',#4334,#1006);
#632=LINE('',#4337,#1007);
#633=LINE('',#4339,#1008);
#634=LINE('',#4340,#1009);
#635=LINE('',#4343,#1010);
#636=LINE('',#4345,#1011);
#637=LINE('',#4346,#1012);
#638=LINE('',#4348,#1013);
#639=LINE('',#4349,#1014);
#640=LINE('',#4353,#1015);
#641=LINE('',#4355,#1016);
#642=LINE('',#4357,#1017);
#643=LINE('',#4358,#1018);
#644=LINE('',#4361,#1019);
#645=LINE('',#4363,#1020);
#646=LINE('',#4364,#1021);
#647=LINE('',#4367,#1022);
#648=LINE('',#4369,#1023);
#649=LINE('',#4370,#1024);
#650=LINE('',#4372,#1025);
#651=LINE('',#4373,#1026);
#652=LINE('',#4377,#1027);
#653=LINE('',#4379,#1028);
#654=LINE('',#4381,#1029);
#655=LINE('',#4382,#1030);
#656=LINE('',#4385,#1031);
#657=LINE('',#4387,#1032);
#658=LINE('',#4388,#1033);
#659=LINE('',#4391,#1034);
#660=LINE('',#4393,#1035);
#661=LINE('',#4394,#1036);
#662=LINE('',#4396,#1037);
#663=LINE('',#4397,#1038);
#664=LINE('',#4401,#1039);
#665=LINE('',#4403,#1040);
#666=LINE('',#4405,#1041);
#667=LINE('',#4406,#1042);
#668=LINE('',#4409,#1043);
#669=LINE('',#4411,#1044);
#670=LINE('',#4412,#1045);
#671=LINE('',#4415,#1046);
#672=LINE('',#4417,#1047);
#673=LINE('',#4418,#1048);
#674=LINE('',#4420,#1049);
#675=LINE('',#4421,#1050);
#676=LINE('',#4425,#1051);
#677=LINE('',#4427,#1052);
#678=LINE('',#4429,#1053);
#679=LINE('',#4430,#1054);
#680=LINE('',#4433,#1055);
#681=LINE('',#4435,#1056);
#682=LINE('',#4436,#1057);
#683=LINE('',#4439,#1058);
#684=LINE('',#4441,#1059);
#685=LINE('',#4442,#1060);
#686=LINE('',#4444,#1061);
#687=LINE('',#4445,#1062);
#688=LINE('',#4449,#1063);
#689=LINE('',#4451,#1064);
#690=LINE('',#4453,#1065);
#691=LINE('',#4454,#1066);
#692=LINE('',#4457,#1067);
#693=LINE('',#4459,#1068);
#694=LINE('',#4460,#1069);
#695=LINE('',#4463,#1070);
#696=LINE('',#4465,#1071);
#697=LINE('',#4466,#1072);
#698=LINE('',#4468,#1073);
#699=LINE('',#4469,#1074);
#700=LINE('',#4473,#1075);
#701=LINE('',#4475,#1076);
#702=LINE('',#4477,#1077);
#703=LINE('',#4478,#1078);
#704=LINE('',#4481,#1079);
#705=LINE('',#4483,#1080);
#706=LINE('',#4484,#1081);
#707=LINE('',#4487,#1082);
#708=LINE('',#4489,#1083);
#709=LINE('',#4490,#1084);
#710=LINE('',#4492,#1085);
#711=LINE('',#4493,#1086);
#712=LINE('',#4497,#1087);
#713=LINE('',#4499,#1088);
#714=LINE('',#4501,#1089);
#715=LINE('',#4502,#1090);
#716=LINE('',#4505,#1091);
#717=LINE('',#4507,#1092);
#718=LINE('',#4508,#1093);
#719=LINE('',#4511,#1094);
#720=LINE('',#4513,#1095);
#721=LINE('',#4514,#1096);
#722=LINE('',#4516,#1097);
#723=LINE('',#4517,#1098);
#724=LINE('',#4521,#1099);
#725=LINE('',#4523,#1100);
#726=LINE('',#4525,#1101);
#727=LINE('',#4526,#1102);
#728=LINE('',#4529,#1103);
#729=LINE('',#4531,#1104);
#730=LINE('',#4532,#1105);
#731=LINE('',#4535,#1106);
#732=LINE('',#4537,#1107);
#733=LINE('',#4538,#1108);
#734=LINE('',#4540,#1109);
#735=LINE('',#4541,#1110);
#736=LINE('',#4545,#1111);
#737=LINE('',#4547,#1112);
#738=LINE('',#4549,#1113);
#739=LINE('',#4550,#1114);
#740=LINE('',#4553,#1115);
#741=LINE('',#4555,#1116);
#742=LINE('',#4556,#1117);
#743=LINE('',#4559,#1118);
#744=LINE('',#4561,#1119);
#745=LINE('',#4562,#1120);
#746=LINE('',#4564,#1121);
#747=LINE('',#4565,#1122);
#748=LINE('',#4569,#1123);
#749=LINE('',#4571,#1124);
#750=LINE('',#4573,#1125);
#751=LINE('',#4574,#1126);
#752=LINE('',#4577,#1127);
#753=LINE('',#4579,#1128);
#754=LINE('',#4580,#1129);
#755=LINE('',#4583,#1130);
#756=LINE('',#4585,#1131);
#757=LINE('',#4586,#1132);
#758=LINE('',#4588,#1133);
#759=LINE('',#4589,#1134);
#760=LINE('',#4593,#1135);
#761=LINE('',#4595,#1136);
#762=LINE('',#4597,#1137);
#763=LINE('',#4598,#1138);
#764=LINE('',#4601,#1139);
#765=LINE('',#4603,#1140);
#766=LINE('',#4604,#1141);
#767=LINE('',#4607,#1142);
#768=LINE('',#4609,#1143);
#769=LINE('',#4610,#1144);
#770=LINE('',#4612,#1145);
#771=LINE('',#4613,#1146);
#772=LINE('',#4617,#1147);
#773=LINE('',#4619,#1148);
#774=LINE('',#4621,#1149);
#775=LINE('',#4622,#1150);
#776=LINE('',#4625,#1151);
#777=LINE('',#4627,#1152);
#778=LINE('',#4628,#1153);
#779=LINE('',#4631,#1154);
#780=LINE('',#4633,#1155);
#781=LINE('',#4634,#1156);
#782=LINE('',#4636,#1157);
#783=LINE('',#4637,#1158);
#784=LINE('',#4641,#1159);
#785=LINE('',#4643,#1160);
#786=LINE('',#4645,#1161);
#787=LINE('',#4646,#1162);
#788=LINE('',#4649,#1163);
#789=LINE('',#4651,#1164);
#790=LINE('',#4652,#1165);
#791=LINE('',#4655,#1166);
#792=LINE('',#4657,#1167);
#793=LINE('',#4658,#1168);
#794=LINE('',#4660,#1169);
#795=LINE('',#4661,#1170);
#796=LINE('',#4665,#1171);
#797=LINE('',#4667,#1172);
#798=LINE('',#4669,#1173);
#799=LINE('',#4670,#1174);
#800=LINE('',#4673,#1175);
#801=LINE('',#4675,#1176);
#802=LINE('',#4676,#1177);
#803=LINE('',#4679,#1178);
#804=LINE('',#4681,#1179);
#805=LINE('',#4682,#1180);
#806=LINE('',#4684,#1181);
#807=LINE('',#4685,#1182);
#808=LINE('',#4690,#1183);
#809=LINE('',#4692,#1184);
#810=LINE('',#4694,#1185);
#811=LINE('',#4695,#1186);
#812=LINE('',#4698,#1187);
#813=LINE('',#4700,#1188);
#814=LINE('',#4701,#1189);
#815=LINE('',#4707,#1190);
#816=LINE('',#4709,#1191);
#817=LINE('',#4710,#1192);
#818=LINE('',#4714,#1193);
#819=LINE('',#4716,#1194);
#820=LINE('',#4718,#1195);
#821=LINE('',#4719,#1196);
#822=LINE('',#4722,#1197);
#823=LINE('',#4724,#1198);
#824=LINE('',#4725,#1199);
#825=LINE('',#4728,#1200);
#826=LINE('',#4730,#1201);
#827=LINE('',#4731,#1202);
#828=LINE('',#4739,#1203);
#829=LINE('',#4744,#1204);
#830=LINE('',#4746,#1205);
#831=LINE('',#4748,#1206);
#832=LINE('',#4749,#1207);
#833=LINE('',#4755,#1208);
#834=LINE('',#4758,#1209);
#835=LINE('',#4760,#1210);
#836=LINE('',#4761,#1211);
#837=LINE('',#4763,#1212);
#838=LINE('',#4764,#1213);
#839=LINE('',#4770,#1214);
#840=LINE('',#4773,#1215);
#841=LINE('',#4776,#1216);
#842=LINE('',#4778,#1217);
#843=LINE('',#4779,#1218);
#844=LINE('',#4782,#1219);
#845=LINE('',#4784,#1220);
#846=LINE('',#4785,#1221);
#847=LINE('',#4787,#1222);
#848=LINE('',#4788,#1223);
#849=LINE('',#4792,#1224);
#850=LINE('',#4794,#1225);
#851=LINE('',#4796,#1226);
#852=LINE('',#4797,#1227);
#853=LINE('',#4803,#1228);
#854=LINE('',#4806,#1229);
#855=LINE('',#4808,#1230);
#856=LINE('',#4809,#1231);
#857=LINE('',#4811,#1232);
#858=LINE('',#4812,#1233);
#859=LINE('',#4817,#1234);
#860=LINE('',#4823,#1235);
#861=LINE('',#4829,#1236);
#862=LINE('',#4835,#1237);
#863=LINE('',#4841,#1238);
#864=LINE('',#4847,#1239);
#865=LINE('',#4853,#1240);
#866=LINE('',#4859,#1241);
#867=LINE('',#4864,#1242);
#868=LINE('',#4866,#1243);
#869=LINE('',#4868,#1244);
#870=LINE('',#4869,#1245);
#871=LINE('',#4872,#1246);
#872=LINE('',#4874,#1247);
#873=LINE('',#4875,#1248);
#874=LINE('',#4881,#1249);
#875=LINE('',#4883,#1250);
#876=LINE('',#4884,#1251);
#877=LINE('',#4889,#1252);
#878=LINE('',#4894,#1253);
#879=LINE('',#4896,#1254);
#880=LINE('',#4898,#1255);
#881=LINE('',#4899,#1256);
#882=LINE('',#4905,#1257);
#883=LINE('',#4908,#1258);
#884=LINE('',#4910,#1259);
#885=LINE('',#4911,#1260);
#886=LINE('',#4913,#1261);
#887=LINE('',#4914,#1262);
#888=LINE('',#4919,#1263);
#889=LINE('',#4925,#1264);
#890=LINE('',#4930,#1265);
#891=LINE('',#4932,#1266);
#892=LINE('',#4934,#1267);
#893=LINE('',#4935,#1268);
#894=LINE('',#4941,#1269);
#895=LINE('',#4944,#1270);
#896=LINE('',#4946,#1271);
#897=LINE('',#4947,#1272);
#898=LINE('',#4949,#1273);
#899=LINE('',#4950,#1274);
#900=LINE('',#4954,#1275);
#901=LINE('',#4956,#1276);
#902=LINE('',#4958,#1277);
#903=LINE('',#4959,#1278);
#904=LINE('',#4965,#1279);
#905=LINE('',#4968,#1280);
#906=LINE('',#4970,#1281);
#907=LINE('',#4971,#1282);
#908=LINE('',#4973,#1283);
#909=LINE('',#4974,#1284);
#910=LINE('',#4979,#1285);
#911=LINE('',#4985,#1286);
#912=LINE('',#4991,#1287);
#913=LINE('',#4996,#1288);
#914=LINE('',#4998,#1289);
#915=LINE('',#5000,#1290);
#916=LINE('',#5001,#1291);
#917=LINE('',#5007,#1292);
#918=LINE('',#5010,#1293);
#919=LINE('',#5012,#1294);
#920=LINE('',#5013,#1295);
#921=LINE('',#5015,#1296);
#922=LINE('',#5016,#1297);
#923=LINE('',#5021,#1298);
#924=LINE('',#5026,#1299);
#925=LINE('',#5028,#1300);
#926=LINE('',#5030,#1301);
#927=LINE('',#5031,#1302);
#928=LINE('',#5034,#1303);
#929=LINE('',#5036,#1304);
#930=LINE('',#5037,#1305);
#931=LINE('',#5040,#1306);
#932=LINE('',#5042,#1307);
#933=LINE('',#5043,#1308);
#934=LINE('',#5049,#1309);
#935=LINE('',#5052,#1310);
#936=LINE('',#5054,#1311);
#937=LINE('',#5055,#1312);
#938=LINE('',#5058,#1313);
#939=LINE('',#5060,#1314);
#940=LINE('',#5061,#1315);
#941=LINE('',#5064,#1316);
#942=LINE('',#5066,#1317);
#943=LINE('',#5067,#1318);
#944=LINE('',#5075,#1319);
#945=LINE('',#5081,#1320);
#946=LINE('',#5086,#1321);
#947=LINE('',#5088,#1322);
#948=LINE('',#5090,#1323);
#949=LINE('',#5091,#1324);
#950=LINE('',#5094,#1325);
#951=LINE('',#5096,#1326);
#952=LINE('',#5097,#1327);
#953=LINE('',#5100,#1328);
#954=LINE('',#5102,#1329);
#955=LINE('',#5103,#1330);
#956=LINE('',#5109,#1331);
#957=LINE('',#5112,#1332);
#958=LINE('',#5114,#1333);
#959=LINE('',#5115,#1334);
#960=LINE('',#5118,#1335);
#961=LINE('',#5120,#1336);
#962=LINE('',#5121,#1337);
#963=LINE('',#5124,#1338);
#964=LINE('',#5126,#1339);
#965=LINE('',#5127,#1340);
#966=LINE('',#5135,#1341);
#967=LINE('',#5140,#1342);
#968=LINE('',#5142,#1343);
#969=LINE('',#5144,#1344);
#970=LINE('',#5145,#1345);
#971=LINE('',#5148,#1346);
#972=LINE('',#5150,#1347);
#973=LINE('',#5151,#1348);
#974=LINE('',#5154,#1349);
#975=LINE('',#5156,#1350);
#976=LINE('',#5157,#1351);
#977=LINE('',#5159,#1352);
#978=LINE('',#5160,#1353);
#979=VECTOR('',#3472,10.);
#980=VECTOR('',#3473,10.);
#981=VECTOR('',#3474,10.);
#982=VECTOR('',#3475,10.);
#983=VECTOR('',#3478,10.);
#984=VECTOR('',#3479,10.);
#985=VECTOR('',#3480,10.);
#986=VECTOR('',#3483,10.);
#987=VECTOR('',#3484,10.);
#988=VECTOR('',#3485,10.);
#989=VECTOR('',#3488,10.);
#990=VECTOR('',#3489,10.);
#991=VECTOR('',#3492,10.);
#992=VECTOR('',#3493,10.);
#993=VECTOR('',#3494,10.);
#994=VECTOR('',#3495,10.);
#995=VECTOR('',#3498,10.);
#996=VECTOR('',#3499,10.);
#997=VECTOR('',#3500,10.);
#998=VECTOR('',#3503,10.);
#999=VECTOR('',#3504,10.);
#1000=VECTOR('',#3505,10.);
#1001=VECTOR('',#3508,10.);
#1002=VECTOR('',#3509,10.);
#1003=VECTOR('',#3512,10.);
#1004=VECTOR('',#3513,10.);
#1005=VECTOR('',#3514,10.);
#1006=VECTOR('',#3515,10.);
#1007=VECTOR('',#3518,10.);
#1008=VECTOR('',#3519,10.);
#1009=VECTOR('',#3520,10.);
#1010=VECTOR('',#3523,10.);
#1011=VECTOR('',#3524,10.);
#1012=VECTOR('',#3525,10.);
#1013=VECTOR('',#3528,10.);
#1014=VECTOR('',#3529,10.);
#1015=VECTOR('',#3532,10.);
#1016=VECTOR('',#3533,10.);
#1017=VECTOR('',#3534,10.);
#1018=VECTOR('',#3535,10.);
#1019=VECTOR('',#3538,10.);
#1020=VECTOR('',#3539,10.);
#1021=VECTOR('',#3540,10.);
#1022=VECTOR('',#3543,10.);
#1023=VECTOR('',#3544,10.);
#1024=VECTOR('',#3545,10.);
#1025=VECTOR('',#3548,10.);
#1026=VECTOR('',#3549,10.);
#1027=VECTOR('',#3552,10.);
#1028=VECTOR('',#3553,10.);
#1029=VECTOR('',#3554,10.);
#1030=VECTOR('',#3555,10.);
#1031=VECTOR('',#3558,10.);
#1032=VECTOR('',#3559,10.);
#1033=VECTOR('',#3560,10.);
#1034=VECTOR('',#3563,10.);
#1035=VECTOR('',#3564,10.);
#1036=VECTOR('',#3565,10.);
#1037=VECTOR('',#3568,10.);
#1038=VECTOR('',#3569,10.);
#1039=VECTOR('',#3572,10.);
#1040=VECTOR('',#3573,10.);
#1041=VECTOR('',#3574,10.);
#1042=VECTOR('',#3575,10.);
#1043=VECTOR('',#3578,10.);
#1044=VECTOR('',#3579,10.);
#1045=VECTOR('',#3580,10.);
#1046=VECTOR('',#3583,10.);
#1047=VECTOR('',#3584,10.);
#1048=VECTOR('',#3585,10.);
#1049=VECTOR('',#3588,10.);
#1050=VECTOR('',#3589,10.);
#1051=VECTOR('',#3592,10.);
#1052=VECTOR('',#3593,10.);
#1053=VECTOR('',#3594,10.);
#1054=VECTOR('',#3595,10.);
#1055=VECTOR('',#3598,10.);
#1056=VECTOR('',#3599,10.);
#1057=VECTOR('',#3600,10.);
#1058=VECTOR('',#3603,10.);
#1059=VECTOR('',#3604,10.);
#1060=VECTOR('',#3605,10.);
#1061=VECTOR('',#3608,10.);
#1062=VECTOR('',#3609,10.);
#1063=VECTOR('',#3612,10.);
#1064=VECTOR('',#3613,10.);
#1065=VECTOR('',#3614,10.);
#1066=VECTOR('',#3615,10.);
#1067=VECTOR('',#3618,10.);
#1068=VECTOR('',#3619,10.);
#1069=VECTOR('',#3620,10.);
#1070=VECTOR('',#3623,10.);
#1071=VECTOR('',#3624,10.);
#1072=VECTOR('',#3625,10.);
#1073=VECTOR('',#3628,10.);
#1074=VECTOR('',#3629,10.);
#1075=VECTOR('',#3632,10.);
#1076=VECTOR('',#3633,10.);
#1077=VECTOR('',#3634,10.);
#1078=VECTOR('',#3635,10.);
#1079=VECTOR('',#3638,10.);
#1080=VECTOR('',#3639,10.);
#1081=VECTOR('',#3640,10.);
#1082=VECTOR('',#3643,10.);
#1083=VECTOR('',#3644,10.);
#1084=VECTOR('',#3645,10.);
#1085=VECTOR('',#3648,10.);
#1086=VECTOR('',#3649,10.);
#1087=VECTOR('',#3652,10.);
#1088=VECTOR('',#3653,10.);
#1089=VECTOR('',#3654,10.);
#1090=VECTOR('',#3655,10.);
#1091=VECTOR('',#3658,10.);
#1092=VECTOR('',#3659,10.);
#1093=VECTOR('',#3660,10.);
#1094=VECTOR('',#3663,10.);
#1095=VECTOR('',#3664,10.);
#1096=VECTOR('',#3665,10.);
#1097=VECTOR('',#3668,10.);
#1098=VECTOR('',#3669,10.);
#1099=VECTOR('',#3672,10.);
#1100=VECTOR('',#3673,10.);
#1101=VECTOR('',#3674,10.);
#1102=VECTOR('',#3675,10.);
#1103=VECTOR('',#3678,10.);
#1104=VECTOR('',#3679,10.);
#1105=VECTOR('',#3680,10.);
#1106=VECTOR('',#3683,10.);
#1107=VECTOR('',#3684,10.);
#1108=VECTOR('',#3685,10.);
#1109=VECTOR('',#3688,10.);
#1110=VECTOR('',#3689,10.);
#1111=VECTOR('',#3692,10.);
#1112=VECTOR('',#3693,10.);
#1113=VECTOR('',#3694,10.);
#1114=VECTOR('',#3695,10.);
#1115=VECTOR('',#3698,10.);
#1116=VECTOR('',#3699,10.);
#1117=VECTOR('',#3700,10.);
#1118=VECTOR('',#3703,10.);
#1119=VECTOR('',#3704,10.);
#1120=VECTOR('',#3705,10.);
#1121=VECTOR('',#3708,10.);
#1122=VECTOR('',#3709,10.);
#1123=VECTOR('',#3712,10.);
#1124=VECTOR('',#3713,10.);
#1125=VECTOR('',#3714,10.);
#1126=VECTOR('',#3715,10.);
#1127=VECTOR('',#3718,10.);
#1128=VECTOR('',#3719,10.);
#1129=VECTOR('',#3720,10.);
#1130=VECTOR('',#3723,10.);
#1131=VECTOR('',#3724,10.);
#1132=VECTOR('',#3725,10.);
#1133=VECTOR('',#3728,10.);
#1134=VECTOR('',#3729,10.);
#1135=VECTOR('',#3732,10.);
#1136=VECTOR('',#3733,10.);
#1137=VECTOR('',#3734,10.);
#1138=VECTOR('',#3735,10.);
#1139=VECTOR('',#3738,10.);
#1140=VECTOR('',#3739,10.);
#1141=VECTOR('',#3740,10.);
#1142=VECTOR('',#3743,10.);
#1143=VECTOR('',#3744,10.);
#1144=VECTOR('',#3745,10.);
#1145=VECTOR('',#3748,10.);
#1146=VECTOR('',#3749,10.);
#1147=VECTOR('',#3752,10.);
#1148=VECTOR('',#3753,10.);
#1149=VECTOR('',#3754,10.);
#1150=VECTOR('',#3755,10.);
#1151=VECTOR('',#3758,10.);
#1152=VECTOR('',#3759,10.);
#1153=VECTOR('',#3760,10.);
#1154=VECTOR('',#3763,10.);
#1155=VECTOR('',#3764,10.);
#1156=VECTOR('',#3765,10.);
#1157=VECTOR('',#3768,10.);
#1158=VECTOR('',#3769,10.);
#1159=VECTOR('',#3772,10.);
#1160=VECTOR('',#3773,10.);
#1161=VECTOR('',#3774,10.);
#1162=VECTOR('',#3775,10.);
#1163=VECTOR('',#3778,10.);
#1164=VECTOR('',#3779,10.);
#1165=VECTOR('',#3780,10.);
#1166=VECTOR('',#3783,10.);
#1167=VECTOR('',#3784,10.);
#1168=VECTOR('',#3785,10.);
#1169=VECTOR('',#3788,10.);
#1170=VECTOR('',#3789,10.);
#1171=VECTOR('',#3792,10.);
#1172=VECTOR('',#3793,10.);
#1173=VECTOR('',#3794,10.);
#1174=VECTOR('',#3795,10.);
#1175=VECTOR('',#3798,10.);
#1176=VECTOR('',#3799,10.);
#1177=VECTOR('',#3800,10.);
#1178=VECTOR('',#3803,10.);
#1179=VECTOR('',#3804,10.);
#1180=VECTOR('',#3805,10.);
#1181=VECTOR('',#3808,10.);
#1182=VECTOR('',#3809,10.);
#1183=VECTOR('',#3814,10.);
#1184=VECTOR('',#3815,10.);
#1185=VECTOR('',#3816,10.);
#1186=VECTOR('',#3817,10.);
#1187=VECTOR('',#3820,10.);
#1188=VECTOR('',#3821,10.);
#1189=VECTOR('',#3822,10.);
#1190=VECTOR('',#3829,10.);
#1191=VECTOR('',#3832,10.);
#1192=VECTOR('',#3833,10.);
#1193=VECTOR('',#3836,10.);
#1194=VECTOR('',#3837,10.);
#1195=VECTOR('',#3838,10.);
#1196=VECTOR('',#3839,10.);
#1197=VECTOR('',#3842,10.);
#1198=VECTOR('',#3843,10.);
#1199=VECTOR('',#3844,10.);
#1200=VECTOR('',#3847,10.);
#1201=VECTOR('',#3848,10.);
#1202=VECTOR('',#3849,10.);
#1203=VECTOR('',#3860,52.75);
#1204=VECTOR('',#3865,10.);
#1205=VECTOR('',#3866,10.);
#1206=VECTOR('',#3867,10.);
#1207=VECTOR('',#3868,10.);
#1208=VECTOR('',#3875,10.);
#1209=VECTOR('',#3878,10.);
#1210=VECTOR('',#3879,10.);
#1211=VECTOR('',#3880,10.);
#1212=VECTOR('',#3883,10.);
#1213=VECTOR('',#3884,10.);
#1214=VECTOR('',#3889,10.);
#1215=VECTOR('',#3892,10.);
#1216=VECTOR('',#3895,10.);
#1217=VECTOR('',#3896,10.);
#1218=VECTOR('',#3897,10.);
#1219=VECTOR('',#3900,10.);
#1220=VECTOR('',#3901,10.);
#1221=VECTOR('',#3902,10.);
#1222=VECTOR('',#3905,10.);
#1223=VECTOR('',#3906,10.);
#1224=VECTOR('',#3909,10.);
#1225=VECTOR('',#3910,10.);
#1226=VECTOR('',#3911,10.);
#1227=VECTOR('',#3912,10.);
#1228=VECTOR('',#3919,10.);
#1229=VECTOR('',#3922,10.);
#1230=VECTOR('',#3923,10.);
#1231=VECTOR('',#3924,10.);
#1232=VECTOR('',#3927,10.);
#1233=VECTOR('',#3928,10.);
#1234=VECTOR('',#3933,6.);
#1235=VECTOR('',#3940,6.25);
#1236=VECTOR('',#3947,3.4);
#1237=VECTOR('',#3954,3.4);
#1238=VECTOR('',#3961,1.25);
#1239=VECTOR('',#3968,8.99999999999999);
#1240=VECTOR('',#3975,8.99999999999999);
#1241=VECTOR('',#3982,3.40000000000003);
#1242=VECTOR('',#3987,10.);
#1243=VECTOR('',#3988,10.);
#1244=VECTOR('',#3989,10.);
#1245=VECTOR('',#3990,10.);
#1246=VECTOR('',#3993,10.);
#1247=VECTOR('',#3994,10.);
#1248=VECTOR('',#3995,10.);
#1249=VECTOR('',#4002,10.);
#1250=VECTOR('',#4005,10.);
#1251=VECTOR('',#4006,10.);
#1252=VECTOR('',#4011,3.40000000000003);
#1253=VECTOR('',#4016,10.);
#1254=VECTOR('',#4017,10.);
#1255=VECTOR('',#4018,10.);
#1256=VECTOR('',#4019,10.);
#1257=VECTOR('',#4026,10.);
#1258=VECTOR('',#4029,10.);
#1259=VECTOR('',#4030,10.);
#1260=VECTOR('',#4031,10.);
#1261=VECTOR('',#4034,10.);
#1262=VECTOR('',#4035,10.);
#1263=VECTOR('',#4040,6.00000000000001);
#1264=VECTOR('',#4047,72.625);
#1265=VECTOR('',#4052,10.);
#1266=VECTOR('',#4053,10.);
#1267=VECTOR('',#4054,10.);
#1268=VECTOR('',#4055,10.);
#1269=VECTOR('',#4062,10.);
#1270=VECTOR('',#4065,10.);
#1271=VECTOR('',#4066,10.);
#1272=VECTOR('',#4067,10.);
#1273=VECTOR('',#4070,10.);
#1274=VECTOR('',#4071,10.);
#1275=VECTOR('',#4074,10.);
#1276=VECTOR('',#4075,10.);
#1277=VECTOR('',#4076,10.);
#1278=VECTOR('',#4077,10.);
#1279=VECTOR('',#4084,10.);
#1280=VECTOR('',#4087,10.);
#1281=VECTOR('',#4088,10.);
#1282=VECTOR('',#4089,10.);
#1283=VECTOR('',#4092,10.);
#1284=VECTOR('',#4093,10.);
#1285=VECTOR('',#4098,6.25);
#1286=VECTOR('',#4105,7.15000000000003);
#1287=VECTOR('',#4112,8.99999999999999);
#1288=VECTOR('',#4117,10.);
#1289=VECTOR('',#4118,10.);
#1290=VECTOR('',#4119,10.);
#1291=VECTOR('',#4120,10.);
#1292=VECTOR('',#4127,10.);
#1293=VECTOR('',#4130,10.);
#1294=VECTOR('',#4131,10.);
#1295=VECTOR('',#4132,10.);
#1296=VECTOR('',#4135,10.);
#1297=VECTOR('',#4136,10.);
#1298=VECTOR('',#4141,72.625);
#1299=VECTOR('',#4146,10.);
#1300=VECTOR('',#4147,10.);
#1301=VECTOR('',#4148,10.);
#1302=VECTOR('',#4149,10.);
#1303=VECTOR('',#4152,10.);
#1304=VECTOR('',#4153,10.);
#1305=VECTOR('',#4154,10.);
#1306=VECTOR('',#4157,10.);
#1307=VECTOR('',#4158,10.);
#1308=VECTOR('',#4159,10.);
#1309=VECTOR('',#4166,10.);
#1310=VECTOR('',#4169,10.);
#1311=VECTOR('',#4170,10.);
#1312=VECTOR('',#4171,10.);
#1313=VECTOR('',#4174,10.);
#1314=VECTOR('',#4175,10.);
#1315=VECTOR('',#4176,10.);
#1316=VECTOR('',#4179,10.);
#1317=VECTOR('',#4180,10.);
#1318=VECTOR('',#4181,10.);
#1319=VECTOR('',#4192,14.5);
#1320=VECTOR('',#4199,6.);
#1321=VECTOR('',#4204,10.);
#1322=VECTOR('',#4205,10.);
#1323=VECTOR('',#4206,10.);
#1324=VECTOR('',#4207,10.);
#1325=VECTOR('',#4210,10.);
#1326=VECTOR('',#4211,10.);
#1327=VECTOR('',#4212,10.);
#1328=VECTOR('',#4215,10.);
#1329=VECTOR('',#4216,10.);
#1330=VECTOR('',#4217,10.);
#1331=VECTOR('',#4224,10.);
#1332=VECTOR('',#4227,10.);
#1333=VECTOR('',#4228,10.);
#1334=VECTOR('',#4229,10.);
#1335=VECTOR('',#4232,10.);
#1336=VECTOR('',#4233,10.);
#1337=VECTOR('',#4234,10.);
#1338=VECTOR('',#4237,10.);
#1339=VECTOR('',#4238,10.);
#1340=VECTOR('',#4239,10.);
#1341=VECTOR('',#4250,1.25);
#1342=VECTOR('',#4255,10.);
#1343=VECTOR('',#4256,10.);
#1344=VECTOR('',#4257,10.);
#1345=VECTOR('',#4258,10.);
#1346=VECTOR('',#4261,10.);
#1347=VECTOR('',#4262,10.);
#1348=VECTOR('',#4263,10.);
#1349=VECTOR('',#4266,10.);
#1350=VECTOR('',#4267,10.);
#1351=VECTOR('',#4268,10.);
#1352=VECTOR('',#4271,10.);
#1353=VECTOR('',#4272,10.);
#1354=VERTEX_POINT('',#4279);
#1355=VERTEX_POINT('',#4280);
#1356=VERTEX_POINT('',#4282);
#1357=VERTEX_POINT('',#4284);
#1358=VERTEX_POINT('',#4288);
#1359=VERTEX_POINT('',#4290);
#1360=VERTEX_POINT('',#4294);
#1361=VERTEX_POINT('',#4296);
#1362=VERTEX_POINT('',#4303);
#1363=VERTEX_POINT('',#4304);
#1364=VERTEX_POINT('',#4306);
#1365=VERTEX_POINT('',#4308);
#1366=VERTEX_POINT('',#4312);
#1367=VERTEX_POINT('',#4314);
#1368=VERTEX_POINT('',#4318);
#1369=VERTEX_POINT('',#4320);
#1370=VERTEX_POINT('',#4327);
#1371=VERTEX_POINT('',#4328);
#1372=VERTEX_POINT('',#4330);
#1373=VERTEX_POINT('',#4332);
#1374=VERTEX_POINT('',#4336);
#1375=VERTEX_POINT('',#4338);
#1376=VERTEX_POINT('',#4342);
#1377=VERTEX_POINT('',#4344);
#1378=VERTEX_POINT('',#4351);
#1379=VERTEX_POINT('',#4352);
#1380=VERTEX_POINT('',#4354);
#1381=VERTEX_POINT('',#4356);
#1382=VERTEX_POINT('',#4360);
#1383=VERTEX_POINT('',#4362);
#1384=VERTEX_POINT('',#4366);
#1385=VERTEX_POINT('',#4368);
#1386=VERTEX_POINT('',#4375);
#1387=VERTEX_POINT('',#4376);
#1388=VERTEX_POINT('',#4378);
#1389=VERTEX_POINT('',#4380);
#1390=VERTEX_POINT('',#4384);
#1391=VERTEX_POINT('',#4386);
#1392=VERTEX_POINT('',#4390);
#1393=VERTEX_POINT('',#4392);
#1394=VERTEX_POINT('',#4399);
#1395=VERTEX_POINT('',#4400);
#1396=VERTEX_POINT('',#4402);
#1397=VERTEX_POINT('',#4404);
#1398=VERTEX_POINT('',#4408);
#1399=VERTEX_POINT('',#4410);
#1400=VERTEX_POINT('',#4414);
#1401=VERTEX_POINT('',#4416);
#1402=VERTEX_POINT('',#4423);
#1403=VERTEX_POINT('',#4424);
#1404=VERTEX_POINT('',#4426);
#1405=VERTEX_POINT('',#4428);
#1406=VERTEX_POINT('',#4432);
#1407=VERTEX_POINT('',#4434);
#1408=VERTEX_POINT('',#4438);
#1409=VERTEX_POINT('',#4440);
#1410=VERTEX_POINT('',#4447);
#1411=VERTEX_POINT('',#4448);
#1412=VERTEX_POINT('',#4450);
#1413=VERTEX_POINT('',#4452);
#1414=VERTEX_POINT('',#4456);
#1415=VERTEX_POINT('',#4458);
#1416=VERTEX_POINT('',#4462);
#1417=VERTEX_POINT('',#4464);
#1418=VERTEX_POINT('',#4471);
#1419=VERTEX_POINT('',#4472);
#1420=VERTEX_POINT('',#4474);
#1421=VERTEX_POINT('',#4476);
#1422=VERTEX_POINT('',#4480);
#1423=VERTEX_POINT('',#4482);
#1424=VERTEX_POINT('',#4486);
#1425=VERTEX_POINT('',#4488);
#1426=VERTEX_POINT('',#4495);
#1427=VERTEX_POINT('',#4496);
#1428=VERTEX_POINT('',#4498);
#1429=VERTEX_POINT('',#4500);
#1430=VERTEX_POINT('',#4504);
#1431=VERTEX_POINT('',#4506);
#1432=VERTEX_POINT('',#4510);
#1433=VERTEX_POINT('',#4512);
#1434=VERTEX_POINT('',#4519);
#1435=VERTEX_POINT('',#4520);
#1436=VERTEX_POINT('',#4522);
#1437=VERTEX_POINT('',#4524);
#1438=VERTEX_POINT('',#4528);
#1439=VERTEX_POINT('',#4530);
#1440=VERTEX_POINT('',#4534);
#1441=VERTEX_POINT('',#4536);
#1442=VERTEX_POINT('',#4543);
#1443=VERTEX_POINT('',#4544);
#1444=VERTEX_POINT('',#4546);
#1445=VERTEX_POINT('',#4548);
#1446=VERTEX_POINT('',#4552);
#1447=VERTEX_POINT('',#4554);
#1448=VERTEX_POINT('',#4558);
#1449=VERTEX_POINT('',#4560);
#1450=VERTEX_POINT('',#4567);
#1451=VERTEX_POINT('',#4568);
#1452=VERTEX_POINT('',#4570);
#1453=VERTEX_POINT('',#4572);
#1454=VERTEX_POINT('',#4576);
#1455=VERTEX_POINT('',#4578);
#1456=VERTEX_POINT('',#4582);
#1457=VERTEX_POINT('',#4584);
#1458=VERTEX_POINT('',#4591);
#1459=VERTEX_POINT('',#4592);
#1460=VERTEX_POINT('',#4594);
#1461=VERTEX_POINT('',#4596);
#1462=VERTEX_POINT('',#4600);
#1463=VERTEX_POINT('',#4602);
#1464=VERTEX_POINT('',#4606);
#1465=VERTEX_POINT('',#4608);
#1466=VERTEX_POINT('',#4615);
#1467=VERTEX_POINT('',#4616);
#1468=VERTEX_POINT('',#4618);
#1469=VERTEX_POINT('',#4620);
#1470=VERTEX_POINT('',#4624);
#1471=VERTEX_POINT('',#4626);
#1472=VERTEX_POINT('',#4630);
#1473=VERTEX_POINT('',#4632);
#1474=VERTEX_POINT('',#4639);
#1475=VERTEX_POINT('',#4640);
#1476=VERTEX_POINT('',#4642);
#1477=VERTEX_POINT('',#4644);
#1478=VERTEX_POINT('',#4648);
#1479=VERTEX_POINT('',#4650);
#1480=VERTEX_POINT('',#4654);
#1481=VERTEX_POINT('',#4656);
#1482=VERTEX_POINT('',#4663);
#1483=VERTEX_POINT('',#4664);
#1484=VERTEX_POINT('',#4666);
#1485=VERTEX_POINT('',#4668);
#1486=VERTEX_POINT('',#4672);
#1487=VERTEX_POINT('',#4674);
#1488=VERTEX_POINT('',#4678);
#1489=VERTEX_POINT('',#4680);
#1490=VERTEX_POINT('',#4688);
#1491=VERTEX_POINT('',#4689);
#1492=VERTEX_POINT('',#4691);
#1493=VERTEX_POINT('',#4693);
#1494=VERTEX_POINT('',#4697);
#1495=VERTEX_POINT('',#4699);
#1496=VERTEX_POINT('',#4703);
#1497=VERTEX_POINT('',#4705);
#1498=VERTEX_POINT('',#4712);
#1499=VERTEX_POINT('',#4713);
#1500=VERTEX_POINT('',#4715);
#1501=VERTEX_POINT('',#4717);
#1502=VERTEX_POINT('',#4721);
#1503=VERTEX_POINT('',#4723);
#1504=VERTEX_POINT('',#4727);
#1505=VERTEX_POINT('',#4729);
#1506=VERTEX_POINT('',#4736);
#1507=VERTEX_POINT('',#4738);
#1508=VERTEX_POINT('',#4742);
#1509=VERTEX_POINT('',#4743);
#1510=VERTEX_POINT('',#4745);
#1511=VERTEX_POINT('',#4747);
#1512=VERTEX_POINT('',#4751);
#1513=VERTEX_POINT('',#4753);
#1514=VERTEX_POINT('',#4757);
#1515=VERTEX_POINT('',#4759);
#1516=VERTEX_POINT('',#4766);
#1517=VERTEX_POINT('',#4767);
#1518=VERTEX_POINT('',#4769);
#1519=VERTEX_POINT('',#4771);
#1520=VERTEX_POINT('',#4775);
#1521=VERTEX_POINT('',#4777);
#1522=VERTEX_POINT('',#4781);
#1523=VERTEX_POINT('',#4783);
#1524=VERTEX_POINT('',#4790);
#1525=VERTEX_POINT('',#4791);
#1526=VERTEX_POINT('',#4793);
#1527=VERTEX_POINT('',#4795);
#1528=VERTEX_POINT('',#4799);
#1529=VERTEX_POINT('',#4801);
#1530=VERTEX_POINT('',#4805);
#1531=VERTEX_POINT('',#4807);
#1532=VERTEX_POINT('',#4814);
#1533=VERTEX_POINT('',#4816);
#1534=VERTEX_POINT('',#4820);
#1535=VERTEX_POINT('',#4822);
#1536=VERTEX_POINT('',#4826);
#1537=VERTEX_POINT('',#4828);
#1538=VERTEX_POINT('',#4832);
#1539=VERTEX_POINT('',#4834);
#1540=VERTEX_POINT('',#4838);
#1541=VERTEX_POINT('',#4840);
#1542=VERTEX_POINT('',#4844);
#1543=VERTEX_POINT('',#4846);
#1544=VERTEX_POINT('',#4850);
#1545=VERTEX_POINT('',#4852);
#1546=VERTEX_POINT('',#4856);
#1547=VERTEX_POINT('',#4858);
#1548=VERTEX_POINT('',#4862);
#1549=VERTEX_POINT('',#4863);
#1550=VERTEX_POINT('',#4865);
#1551=VERTEX_POINT('',#4867);
#1552=VERTEX_POINT('',#4871);
#1553=VERTEX_POINT('',#4873);
#1554=VERTEX_POINT('',#4877);
#1555=VERTEX_POINT('',#4879);
#1556=VERTEX_POINT('',#4886);
#1557=VERTEX_POINT('',#4888);
#1558=VERTEX_POINT('',#4892);
#1559=VERTEX_POINT('',#4893);
#1560=VERTEX_POINT('',#4895);
#1561=VERTEX_POINT('',#4897);
#1562=VERTEX_POINT('',#4901);
#1563=VERTEX_POINT('',#4903);
#1564=VERTEX_POINT('',#4907);
#1565=VERTEX_POINT('',#4909);
#1566=VERTEX_POINT('',#4916);
#1567=VERTEX_POINT('',#4918);
#1568=VERTEX_POINT('',#4922);
#1569=VERTEX_POINT('',#4924);
#1570=VERTEX_POINT('',#4928);
#1571=VERTEX_POINT('',#4929);
#1572=VERTEX_POINT('',#4931);
#1573=VERTEX_POINT('',#4933);
#1574=VERTEX_POINT('',#4937);
#1575=VERTEX_POINT('',#4939);
#1576=VERTEX_POINT('',#4943);
#1577=VERTEX_POINT('',#4945);
#1578=VERTEX_POINT('',#4952);
#1579=VERTEX_POINT('',#4953);
#1580=VERTEX_POINT('',#4955);
#1581=VERTEX_POINT('',#4957);
#1582=VERTEX_POINT('',#4961);
#1583=VERTEX_POINT('',#4963);
#1584=VERTEX_POINT('',#4967);
#1585=VERTEX_POINT('',#4969);
#1586=VERTEX_POINT('',#4976);
#1587=VERTEX_POINT('',#4978);
#1588=VERTEX_POINT('',#4982);
#1589=VERTEX_POINT('',#4984);
#1590=VERTEX_POINT('',#4988);
#1591=VERTEX_POINT('',#4990);
#1592=VERTEX_POINT('',#4994);
#1593=VERTEX_POINT('',#4995);
#1594=VERTEX_POINT('',#4997);
#1595=VERTEX_POINT('',#4999);
#1596=VERTEX_POINT('',#5003);
#1597=VERTEX_POINT('',#5005);
#1598=VERTEX_POINT('',#5009);
#1599=VERTEX_POINT('',#5011);
#1600=VERTEX_POINT('',#5018);
#1601=VERTEX_POINT('',#5020);
#1602=VERTEX_POINT('',#5024);
#1603=VERTEX_POINT('',#5025);
#1604=VERTEX_POINT('',#5027);
#1605=VERTEX_POINT('',#5029);
#1606=VERTEX_POINT('',#5033);
#1607=VERTEX_POINT('',#5035);
#1608=VERTEX_POINT('',#5039);
#1609=VERTEX_POINT('',#5041);
#1610=VERTEX_POINT('',#5045);
#1611=VERTEX_POINT('',#5047);
#1612=VERTEX_POINT('',#5051);
#1613=VERTEX_POINT('',#5053);
#1614=VERTEX_POINT('',#5057);
#1615=VERTEX_POINT('',#5059);
#1616=VERTEX_POINT('',#5063);
#1617=VERTEX_POINT('',#5065);
#1618=VERTEX_POINT('',#5072);
#1619=VERTEX_POINT('',#5074);
#1620=VERTEX_POINT('',#5078);
#1621=VERTEX_POINT('',#5080);
#1622=VERTEX_POINT('',#5084);
#1623=VERTEX_POINT('',#5085);
#1624=VERTEX_POINT('',#5087);
#1625=VERTEX_POINT('',#5089);
#1626=VERTEX_POINT('',#5093);
#1627=VERTEX_POINT('',#5095);
#1628=VERTEX_POINT('',#5099);
#1629=VERTEX_POINT('',#5101);
#1630=VERTEX_POINT('',#5105);
#1631=VERTEX_POINT('',#5107);
#1632=VERTEX_POINT('',#5111);
#1633=VERTEX_POINT('',#5113);
#1634=VERTEX_POINT('',#5117);
#1635=VERTEX_POINT('',#5119);
#1636=VERTEX_POINT('',#5123);
#1637=VERTEX_POINT('',#5125);
#1638=VERTEX_POINT('',#5132);
#1639=VERTEX_POINT('',#5134);
#1640=VERTEX_POINT('',#5138);
#1641=VERTEX_POINT('',#5139);
#1642=VERTEX_POINT('',#5141);
#1643=VERTEX_POINT('',#5143);
#1644=VERTEX_POINT('',#5147);
#1645=VERTEX_POINT('',#5149);
#1646=VERTEX_POINT('',#5153);
#1647=VERTEX_POINT('',#5155);
#1648=EDGE_CURVE('',#1354,#1355,#604,.T.);
#1649=EDGE_CURVE('',#1356,#1354,#605,.T.);
#1650=EDGE_CURVE('',#1356,#1357,#606,.T.);
#1651=EDGE_CURVE('',#1357,#1355,#607,.T.);
#1652=EDGE_CURVE('',#1355,#1358,#608,.T.);
#1653=EDGE_CURVE('',#1357,#1359,#609,.T.);
#1654=EDGE_CURVE('',#1359,#1358,#610,.T.);
#1655=EDGE_CURVE('',#1358,#1360,#611,.T.);
#1656=EDGE_CURVE('',#1359,#1361,#612,.T.);
#1657=EDGE_CURVE('',#1361,#1360,#613,.T.);
#1658=EDGE_CURVE('',#1360,#1354,#614,.T.);
#1659=EDGE_CURVE('',#1361,#1356,#615,.T.);
#1660=EDGE_CURVE('',#1362,#1363,#616,.T.);
#1661=EDGE_CURVE('',#1364,#1362,#617,.T.);
#1662=EDGE_CURVE('',#1364,#1365,#618,.T.);
#1663=EDGE_CURVE('',#1365,#1363,#619,.T.);
#1664=EDGE_CURVE('',#1363,#1366,#620,.T.);
#1665=EDGE_CURVE('',#1365,#1367,#621,.T.);
#1666=EDGE_CURVE('',#1367,#1366,#622,.T.);
#1667=EDGE_CURVE('',#1366,#1368,#623,.T.);
#1668=EDGE_CURVE('',#1367,#1369,#624,.T.);
#1669=EDGE_CURVE('',#1369,#1368,#625,.T.);
#1670=EDGE_CURVE('',#1368,#1362,#626,.T.);
#1671=EDGE_CURVE('',#1369,#1364,#627,.T.);
#1672=EDGE_CURVE('',#1370,#1371,#628,.T.);
#1673=EDGE_CURVE('',#1372,#1370,#629,.T.);
#1674=EDGE_CURVE('',#1372,#1373,#630,.T.);
#1675=EDGE_CURVE('',#1373,#1371,#631,.T.);
#1676=EDGE_CURVE('',#1371,#1374,#632,.T.);
#1677=EDGE_CURVE('',#1373,#1375,#633,.T.);
#1678=EDGE_CURVE('',#1375,#1374,#634,.T.);
#1679=EDGE_CURVE('',#1374,#1376,#635,.T.);
#1680=EDGE_CURVE('',#1375,#1377,#636,.T.);
#1681=EDGE_CURVE('',#1377,#1376,#637,.T.);
#1682=EDGE_CURVE('',#1376,#1370,#638,.T.);
#1683=EDGE_CURVE('',#1377,#1372,#639,.T.);
#1684=EDGE_CURVE('',#1378,#1379,#640,.T.);
#1685=EDGE_CURVE('',#1380,#1378,#641,.T.);
#1686=EDGE_CURVE('',#1380,#1381,#642,.T.);
#1687=EDGE_CURVE('',#1381,#1379,#643,.T.);
#1688=EDGE_CURVE('',#1379,#1382,#644,.T.);
#1689=EDGE_CURVE('',#1381,#1383,#645,.T.);
#1690=EDGE_CURVE('',#1383,#1382,#646,.T.);
#1691=EDGE_CURVE('',#1382,#1384,#647,.T.);
#1692=EDGE_CURVE('',#1383,#1385,#648,.T.);
#1693=EDGE_CURVE('',#1385,#1384,#649,.T.);
#1694=EDGE_CURVE('',#1384,#1378,#650,.T.);
#1695=EDGE_CURVE('',#1385,#1380,#651,.T.);
#1696=EDGE_CURVE('',#1386,#1387,#652,.T.);
#1697=EDGE_CURVE('',#1388,#1386,#653,.T.);
#1698=EDGE_CURVE('',#1388,#1389,#654,.T.);
#1699=EDGE_CURVE('',#1389,#1387,#655,.T.);
#1700=EDGE_CURVE('',#1387,#1390,#656,.T.);
#1701=EDGE_CURVE('',#1389,#1391,#657,.T.);
#1702=EDGE_CURVE('',#1391,#1390,#658,.T.);
#1703=EDGE_CURVE('',#1390,#1392,#659,.T.);
#1704=EDGE_CURVE('',#1391,#1393,#660,.T.);
#1705=EDGE_CURVE('',#1393,#1392,#661,.T.);
#1706=EDGE_CURVE('',#1392,#1386,#662,.T.);
#1707=EDGE_CURVE('',#1393,#1388,#663,.T.);
#1708=EDGE_CURVE('',#1394,#1395,#664,.T.);
#1709=EDGE_CURVE('',#1396,#1394,#665,.T.);
#1710=EDGE_CURVE('',#1396,#1397,#666,.T.);
#1711=EDGE_CURVE('',#1397,#1395,#667,.T.);
#1712=EDGE_CURVE('',#1395,#1398,#668,.T.);
#1713=EDGE_CURVE('',#1397,#1399,#669,.T.);
#1714=EDGE_CURVE('',#1399,#1398,#670,.T.);
#1715=EDGE_CURVE('',#1398,#1400,#671,.T.);
#1716=EDGE_CURVE('',#1399,#1401,#672,.T.);
#1717=EDGE_CURVE('',#1401,#1400,#673,.T.);
#1718=EDGE_CURVE('',#1400,#1394,#674,.T.);
#1719=EDGE_CURVE('',#1401,#1396,#675,.T.);
#1720=EDGE_CURVE('',#1402,#1403,#676,.T.);
#1721=EDGE_CURVE('',#1404,#1402,#677,.T.);
#1722=EDGE_CURVE('',#1404,#1405,#678,.T.);
#1723=EDGE_CURVE('',#1405,#1403,#679,.T.);
#1724=EDGE_CURVE('',#1403,#1406,#680,.T.);
#1725=EDGE_CURVE('',#1405,#1407,#681,.T.);
#1726=EDGE_CURVE('',#1407,#1406,#682,.T.);
#1727=EDGE_CURVE('',#1406,#1408,#683,.T.);
#1728=EDGE_CURVE('',#1407,#1409,#684,.T.);
#1729=EDGE_CURVE('',#1409,#1408,#685,.T.);
#1730=EDGE_CURVE('',#1408,#1402,#686,.T.);
#1731=EDGE_CURVE('',#1409,#1404,#687,.T.);
#1732=EDGE_CURVE('',#1410,#1411,#688,.T.);
#1733=EDGE_CURVE('',#1412,#1410,#689,.T.);
#1734=EDGE_CURVE('',#1412,#1413,#690,.T.);
#1735=EDGE_CURVE('',#1413,#1411,#691,.T.);
#1736=EDGE_CURVE('',#1411,#1414,#692,.T.);
#1737=EDGE_CURVE('',#1413,#1415,#693,.T.);
#1738=EDGE_CURVE('',#1415,#1414,#694,.T.);
#1739=EDGE_CURVE('',#1414,#1416,#695,.T.);
#1740=EDGE_CURVE('',#1415,#1417,#696,.T.);
#1741=EDGE_CURVE('',#1417,#1416,#697,.T.);
#1742=EDGE_CURVE('',#1416,#1410,#698,.T.);
#1743=EDGE_CURVE('',#1417,#1412,#699,.T.);
#1744=EDGE_CURVE('',#1418,#1419,#700,.T.);
#1745=EDGE_CURVE('',#1420,#1418,#701,.T.);
#1746=EDGE_CURVE('',#1420,#1421,#702,.T.);
#1747=EDGE_CURVE('',#1421,#1419,#703,.T.);
#1748=EDGE_CURVE('',#1419,#1422,#704,.T.);
#1749=EDGE_CURVE('',#1421,#1423,#705,.T.);
#1750=EDGE_CURVE('',#1423,#1422,#706,.T.);
#1751=EDGE_CURVE('',#1422,#1424,#707,.T.);
#1752=EDGE_CURVE('',#1423,#1425,#708,.T.);
#1753=EDGE_CURVE('',#1425,#1424,#709,.T.);
#1754=EDGE_CURVE('',#1424,#1418,#710,.T.);
#1755=EDGE_CURVE('',#1425,#1420,#711,.T.);
#1756=EDGE_CURVE('',#1426,#1427,#712,.T.);
#1757=EDGE_CURVE('',#1428,#1426,#713,.T.);
#1758=EDGE_CURVE('',#1428,#1429,#714,.T.);
#1759=EDGE_CURVE('',#1429,#1427,#715,.T.);
#1760=EDGE_CURVE('',#1427,#1430,#716,.T.);
#1761=EDGE_CURVE('',#1429,#1431,#717,.T.);
#1762=EDGE_CURVE('',#1431,#1430,#718,.T.);
#1763=EDGE_CURVE('',#1430,#1432,#719,.T.);
#1764=EDGE_CURVE('',#1431,#1433,#720,.T.);
#1765=EDGE_CURVE('',#1433,#1432,#721,.T.);
#1766=EDGE_CURVE('',#1432,#1426,#722,.T.);
#1767=EDGE_CURVE('',#1433,#1428,#723,.T.);
#1768=EDGE_CURVE('',#1434,#1435,#724,.T.);
#1769=EDGE_CURVE('',#1436,#1434,#725,.T.);
#1770=EDGE_CURVE('',#1436,#1437,#726,.T.);
#1771=EDGE_CURVE('',#1437,#1435,#727,.T.);
#1772=EDGE_CURVE('',#1435,#1438,#728,.T.);
#1773=EDGE_CURVE('',#1437,#1439,#729,.T.);
#1774=EDGE_CURVE('',#1439,#1438,#730,.T.);
#1775=EDGE_CURVE('',#1438,#1440,#731,.T.);
#1776=EDGE_CURVE('',#1439,#1441,#732,.T.);
#1777=EDGE_CURVE('',#1441,#1440,#733,.T.);
#1778=EDGE_CURVE('',#1440,#1434,#734,.T.);
#1779=EDGE_CURVE('',#1441,#1436,#735,.T.);
#1780=EDGE_CURVE('',#1442,#1443,#736,.T.);
#1781=EDGE_CURVE('',#1444,#1442,#737,.T.);
#1782=EDGE_CURVE('',#1444,#1445,#738,.T.);
#1783=EDGE_CURVE('',#1445,#1443,#739,.T.);
#1784=EDGE_CURVE('',#1443,#1446,#740,.T.);
#1785=EDGE_CURVE('',#1445,#1447,#741,.T.);
#1786=EDGE_CURVE('',#1447,#1446,#742,.T.);
#1787=EDGE_CURVE('',#1446,#1448,#743,.T.);
#1788=EDGE_CURVE('',#1447,#1449,#744,.T.);
#1789=EDGE_CURVE('',#1449,#1448,#745,.T.);
#1790=EDGE_CURVE('',#1448,#1442,#746,.T.);
#1791=EDGE_CURVE('',#1449,#1444,#747,.T.);
#1792=EDGE_CURVE('',#1450,#1451,#748,.T.);
#1793=EDGE_CURVE('',#1452,#1450,#749,.T.);
#1794=EDGE_CURVE('',#1452,#1453,#750,.T.);
#1795=EDGE_CURVE('',#1453,#1451,#751,.T.);
#1796=EDGE_CURVE('',#1451,#1454,#752,.T.);
#1797=EDGE_CURVE('',#1453,#1455,#753,.T.);
#1798=EDGE_CURVE('',#1455,#1454,#754,.T.);
#1799=EDGE_CURVE('',#1454,#1456,#755,.T.);
#1800=EDGE_CURVE('',#1455,#1457,#756,.T.);
#1801=EDGE_CURVE('',#1457,#1456,#757,.T.);
#1802=EDGE_CURVE('',#1456,#1450,#758,.T.);
#1803=EDGE_CURVE('',#1457,#1452,#759,.T.);
#1804=EDGE_CURVE('',#1458,#1459,#760,.T.);
#1805=EDGE_CURVE('',#1460,#1458,#761,.T.);
#1806=EDGE_CURVE('',#1460,#1461,#762,.T.);
#1807=EDGE_CURVE('',#1461,#1459,#763,.T.);
#1808=EDGE_CURVE('',#1459,#1462,#764,.T.);
#1809=EDGE_CURVE('',#1461,#1463,#765,.T.);
#1810=EDGE_CURVE('',#1463,#1462,#766,.T.);
#1811=EDGE_CURVE('',#1462,#1464,#767,.T.);
#1812=EDGE_CURVE('',#1463,#1465,#768,.T.);
#1813=EDGE_CURVE('',#1465,#1464,#769,.T.);
#1814=EDGE_CURVE('',#1464,#1458,#770,.T.);
#1815=EDGE_CURVE('',#1465,#1460,#771,.T.);
#1816=EDGE_CURVE('',#1466,#1467,#772,.T.);
#1817=EDGE_CURVE('',#1468,#1466,#773,.T.);
#1818=EDGE_CURVE('',#1468,#1469,#774,.T.);
#1819=EDGE_CURVE('',#1469,#1467,#775,.T.);
#1820=EDGE_CURVE('',#1467,#1470,#776,.T.);
#1821=EDGE_CURVE('',#1469,#1471,#777,.T.);
#1822=EDGE_CURVE('',#1471,#1470,#778,.T.);
#1823=EDGE_CURVE('',#1470,#1472,#779,.T.);
#1824=EDGE_CURVE('',#1471,#1473,#780,.T.);
#1825=EDGE_CURVE('',#1473,#1472,#781,.T.);
#1826=EDGE_CURVE('',#1472,#1466,#782,.T.);
#1827=EDGE_CURVE('',#1473,#1468,#783,.T.);
#1828=EDGE_CURVE('',#1474,#1475,#784,.T.);
#1829=EDGE_CURVE('',#1476,#1474,#785,.T.);
#1830=EDGE_CURVE('',#1476,#1477,#786,.T.);
#1831=EDGE_CURVE('',#1477,#1475,#787,.T.);
#1832=EDGE_CURVE('',#1475,#1478,#788,.T.);
#1833=EDGE_CURVE('',#1477,#1479,#789,.T.);
#1834=EDGE_CURVE('',#1479,#1478,#790,.T.);
#1835=EDGE_CURVE('',#1478,#1480,#791,.T.);
#1836=EDGE_CURVE('',#1479,#1481,#792,.T.);
#1837=EDGE_CURVE('',#1481,#1480,#793,.T.);
#1838=EDGE_CURVE('',#1480,#1474,#794,.T.);
#1839=EDGE_CURVE('',#1481,#1476,#795,.T.);
#1840=EDGE_CURVE('',#1482,#1483,#796,.T.);
#1841=EDGE_CURVE('',#1482,#1484,#797,.T.);
#1842=EDGE_CURVE('',#1484,#1485,#798,.T.);
#1843=EDGE_CURVE('',#1483,#1485,#799,.T.);
#1844=EDGE_CURVE('',#1486,#1482,#800,.T.);
#1845=EDGE_CURVE('',#1486,#1487,#801,.T.);
#1846=EDGE_CURVE('',#1487,#1484,#802,.T.);
#1847=EDGE_CURVE('',#1488,#1486,#803,.T.);
#1848=EDGE_CURVE('',#1488,#1489,#804,.T.);
#1849=EDGE_CURVE('',#1489,#1487,#805,.T.);
#1850=EDGE_CURVE('',#1483,#1488,#806,.T.);
#1851=EDGE_CURVE('',#1485,#1489,#807,.T.);
#1852=EDGE_CURVE('',#1490,#1491,#808,.T.);
#1853=EDGE_CURVE('',#1490,#1492,#809,.T.);
#1854=EDGE_CURVE('',#1493,#1492,#810,.T.);
#1855=EDGE_CURVE('',#1491,#1493,#811,.T.);
#1856=EDGE_CURVE('',#1491,#1494,#812,.T.);
#1857=EDGE_CURVE('',#1495,#1493,#813,.T.);
#1858=EDGE_CURVE('',#1494,#1495,#814,.T.);
#1859=EDGE_CURVE('',#1494,#1496,#15,.T.);
#1860=EDGE_CURVE('',#1497,#1495,#16,.T.);
#1861=EDGE_CURVE('',#1496,#1497,#815,.T.);
#1862=EDGE_CURVE('',#1496,#1490,#816,.T.);
#1863=EDGE_CURVE('',#1492,#1497,#817,.T.);
#1864=EDGE_CURVE('',#1498,#1499,#818,.T.);
#1865=EDGE_CURVE('',#1498,#1500,#819,.T.);
#1866=EDGE_CURVE('',#1501,#1500,#820,.T.);
#1867=EDGE_CURVE('',#1499,#1501,#821,.T.);
#1868=EDGE_CURVE('',#1499,#1502,#822,.T.);
#1869=EDGE_CURVE('',#1503,#1501,#823,.T.);
#1870=EDGE_CURVE('',#1502,#1503,#824,.T.);
#1871=EDGE_CURVE('',#1502,#1504,#825,.T.);
#1872=EDGE_CURVE('',#1505,#1503,#826,.T.);
#1873=EDGE_CURVE('',#1504,#1505,#827,.T.);
#1874=EDGE_CURVE('',#1504,#1498,#17,.T.);
#1875=EDGE_CURVE('',#1500,#1505,#18,.T.);
#1876=EDGE_CURVE('',#1506,#1506,#19,.T.);
#1877=EDGE_CURVE('',#1506,#1507,#828,.T.);
#1878=EDGE_CURVE('',#1507,#1507,#20,.T.);
#1879=EDGE_CURVE('',#1508,#1509,#829,.T.);
#1880=EDGE_CURVE('',#1508,#1510,#830,.T.);
#1881=EDGE_CURVE('',#1511,#1510,#831,.T.);
#1882=EDGE_CURVE('',#1509,#1511,#832,.T.);
#1883=EDGE_CURVE('',#1509,#1512,#21,.T.);
#1884=EDGE_CURVE('',#1513,#1511,#22,.T.);
#1885=EDGE_CURVE('',#1512,#1513,#833,.T.);
#1886=EDGE_CURVE('',#1512,#1514,#834,.T.);
#1887=EDGE_CURVE('',#1515,#1513,#835,.T.);
#1888=EDGE_CURVE('',#1514,#1515,#836,.T.);
#1889=EDGE_CURVE('',#1514,#1508,#837,.T.);
#1890=EDGE_CURVE('',#1510,#1515,#838,.T.);
#1891=EDGE_CURVE('',#1516,#1517,#23,.T.);
#1892=EDGE_CURVE('',#1516,#1518,#839,.T.);
#1893=EDGE_CURVE('',#1519,#1518,#24,.T.);
#1894=EDGE_CURVE('',#1517,#1519,#840,.T.);
#1895=EDGE_CURVE('',#1517,#1520,#841,.T.);
#1896=EDGE_CURVE('',#1521,#1519,#842,.T.);
#1897=EDGE_CURVE('',#1520,#1521,#843,.T.);
#1898=EDGE_CURVE('',#1520,#1522,#844,.T.);
#1899=EDGE_CURVE('',#1523,#1521,#845,.T.);
#1900=EDGE_CURVE('',#1522,#1523,#846,.T.);
#1901=EDGE_CURVE('',#1522,#1516,#847,.T.);
#1902=EDGE_CURVE('',#1518,#1523,#848,.T.);
#1903=EDGE_CURVE('',#1524,#1525,#849,.T.);
#1904=EDGE_CURVE('',#1524,#1526,#850,.T.);
#1905=EDGE_CURVE('',#1527,#1526,#851,.T.);
#1906=EDGE_CURVE('',#1525,#1527,#852,.T.);
#1907=EDGE_CURVE('',#1525,#1528,#25,.T.);
#1908=EDGE_CURVE('',#1529,#1527,#26,.T.);
#1909=EDGE_CURVE('',#1528,#1529,#853,.T.);
#1910=EDGE_CURVE('',#1528,#1530,#854,.T.);
#1911=EDGE_CURVE('',#1531,#1529,#855,.T.);
#1912=EDGE_CURVE('',#1530,#1531,#856,.T.);
#1913=EDGE_CURVE('',#1530,#1524,#857,.T.);
#1914=EDGE_CURVE('',#1526,#1531,#858,.T.);
#1915=EDGE_CURVE('',#1532,#1532,#27,.T.);
#1916=EDGE_CURVE('',#1532,#1533,#859,.T.);
#1917=EDGE_CURVE('',#1533,#1533,#28,.T.);
#1918=EDGE_CURVE('',#1534,#1534,#29,.T.);
#1919=EDGE_CURVE('',#1534,#1535,#860,.T.);
#1920=EDGE_CURVE('',#1535,#1535,#30,.T.);
#1921=EDGE_CURVE('',#1536,#1536,#31,.T.);
#1922=EDGE_CURVE('',#1536,#1537,#861,.T.);
#1923=EDGE_CURVE('',#1537,#1537,#32,.T.);
#1924=EDGE_CURVE('',#1538,#1538,#33,.T.);
#1925=EDGE_CURVE('',#1538,#1539,#862,.T.);
#1926=EDGE_CURVE('',#1539,#1539,#34,.T.);
#1927=EDGE_CURVE('',#1540,#1540,#35,.T.);
#1928=EDGE_CURVE('',#1540,#1541,#863,.T.);
#1929=EDGE_CURVE('',#1541,#1541,#36,.T.);
#1930=EDGE_CURVE('',#1542,#1542,#37,.T.);
#1931=EDGE_CURVE('',#1542,#1543,#864,.T.);
#1932=EDGE_CURVE('',#1543,#1543,#38,.T.);
#1933=EDGE_CURVE('',#1544,#1544,#39,.T.);
#1934=EDGE_CURVE('',#1544,#1545,#865,.T.);
#1935=EDGE_CURVE('',#1545,#1545,#40,.T.);
#1936=EDGE_CURVE('',#1546,#1546,#41,.T.);
#1937=EDGE_CURVE('',#1546,#1547,#866,.T.);
#1938=EDGE_CURVE('',#1547,#1547,#42,.T.);
#1939=EDGE_CURVE('',#1548,#1549,#867,.T.);
#1940=EDGE_CURVE('',#1548,#1550,#868,.T.);
#1941=EDGE_CURVE('',#1551,#1550,#869,.T.);
#1942=EDGE_CURVE('',#1549,#1551,#870,.T.);
#1943=EDGE_CURVE('',#1549,#1552,#871,.T.);
#1944=EDGE_CURVE('',#1553,#1551,#872,.T.);
#1945=EDGE_CURVE('',#1552,#1553,#873,.T.);
#1946=EDGE_CURVE('',#1552,#1554,#43,.T.);
#1947=EDGE_CURVE('',#1555,#1553,#44,.T.);
#1948=EDGE_CURVE('',#1554,#1555,#874,.T.);
#1949=EDGE_CURVE('',#1554,#1548,#875,.T.);
#1950=EDGE_CURVE('',#1550,#1555,#876,.T.);
#1951=EDGE_CURVE('',#1556,#1556,#45,.T.);
#1952=EDGE_CURVE('',#1556,#1557,#877,.T.);
#1953=EDGE_CURVE('',#1557,#1557,#46,.T.);
#1954=EDGE_CURVE('',#1558,#1559,#878,.T.);
#1955=EDGE_CURVE('',#1558,#1560,#879,.T.);
#1956=EDGE_CURVE('',#1561,#1560,#880,.T.);
#1957=EDGE_CURVE('',#1559,#1561,#881,.T.);
#1958=EDGE_CURVE('',#1559,#1562,#47,.T.);
#1959=EDGE_CURVE('',#1563,#1561,#48,.T.);
#1960=EDGE_CURVE('',#1562,#1563,#882,.T.);
#1961=EDGE_CURVE('',#1562,#1564,#883,.T.);
#1962=EDGE_CURVE('',#1565,#1563,#884,.T.);
#1963=EDGE_CURVE('',#1564,#1565,#885,.T.);
#1964=EDGE_CURVE('',#1564,#1558,#886,.T.);
#1965=EDGE_CURVE('',#1560,#1565,#887,.T.);
#1966=EDGE_CURVE('',#1566,#1566,#49,.T.);
#1967=EDGE_CURVE('',#1566,#1567,#888,.T.);
#1968=EDGE_CURVE('',#1567,#1567,#50,.T.);
#1969=EDGE_CURVE('',#1568,#1568,#51,.T.);
#1970=EDGE_CURVE('',#1568,#1569,#889,.T.);
#1971=EDGE_CURVE('',#1569,#1569,#52,.T.);
#1972=EDGE_CURVE('',#1570,#1571,#890,.T.);
#1973=EDGE_CURVE('',#1570,#1572,#891,.T.);
#1974=EDGE_CURVE('',#1573,#1572,#892,.T.);
#1975=EDGE_CURVE('',#1571,#1573,#893,.T.);
#1976=EDGE_CURVE('',#1571,#1574,#53,.T.);
#1977=EDGE_CURVE('',#1575,#1573,#54,.T.);
#1978=EDGE_CURVE('',#1574,#1575,#894,.T.);
#1979=EDGE_CURVE('',#1574,#1576,#895,.T.);
#1980=EDGE_CURVE('',#1577,#1575,#896,.T.);
#1981=EDGE_CURVE('',#1576,#1577,#897,.T.);
#1982=EDGE_CURVE('',#1576,#1570,#898,.T.);
#1983=EDGE_CURVE('',#1572,#1577,#899,.T.);
#1984=EDGE_CURVE('',#1578,#1579,#900,.T.);
#1985=EDGE_CURVE('',#1578,#1580,#901,.T.);
#1986=EDGE_CURVE('',#1581,#1580,#902,.T.);
#1987=EDGE_CURVE('',#1579,#1581,#903,.T.);
#1988=EDGE_CURVE('',#1579,#1582,#55,.T.);
#1989=EDGE_CURVE('',#1583,#1581,#56,.T.);
#1990=EDGE_CURVE('',#1582,#1583,#904,.T.);
#1991=EDGE_CURVE('',#1582,#1584,#905,.T.);
#1992=EDGE_CURVE('',#1585,#1583,#906,.T.);
#1993=EDGE_CURVE('',#1584,#1585,#907,.T.);
#1994=EDGE_CURVE('',#1584,#1578,#908,.T.);
#1995=EDGE_CURVE('',#1580,#1585,#909,.T.);
#1996=EDGE_CURVE('',#1586,#1586,#57,.T.);
#1997=EDGE_CURVE('',#1586,#1587,#910,.T.);
#1998=EDGE_CURVE('',#1587,#1587,#58,.T.);
#1999=EDGE_CURVE('',#1588,#1588,#59,.T.);
#2000=EDGE_CURVE('',#1588,#1589,#911,.T.);
#2001=EDGE_CURVE('',#1589,#1589,#60,.T.);
#2002=EDGE_CURVE('',#1590,#1590,#61,.T.);
#2003=EDGE_CURVE('',#1590,#1591,#912,.T.);
#2004=EDGE_CURVE('',#1591,#1591,#62,.T.);
#2005=EDGE_CURVE('',#1592,#1593,#913,.T.);
#2006=EDGE_CURVE('',#1592,#1594,#914,.T.);
#2007=EDGE_CURVE('',#1595,#1594,#915,.T.);
#2008=EDGE_CURVE('',#1593,#1595,#916,.T.);
#2009=EDGE_CURVE('',#1593,#1596,#63,.T.);
#2010=EDGE_CURVE('',#1597,#1595,#64,.T.);
#2011=EDGE_CURVE('',#1596,#1597,#917,.T.);
#2012=EDGE_CURVE('',#1596,#1598,#918,.T.);
#2013=EDGE_CURVE('',#1599,#1597,#919,.T.);
#2014=EDGE_CURVE('',#1598,#1599,#920,.T.);
#2015=EDGE_CURVE('',#1598,#1592,#921,.T.);
#2016=EDGE_CURVE('',#1594,#1599,#922,.T.);
#2017=EDGE_CURVE('',#1600,#1600,#65,.T.);
#2018=EDGE_CURVE('',#1600,#1601,#923,.T.);
#2019=EDGE_CURVE('',#1601,#1601,#66,.T.);
#2020=EDGE_CURVE('',#1602,#1603,#924,.T.);
#2021=EDGE_CURVE('',#1602,#1604,#925,.T.);
#2022=EDGE_CURVE('',#1605,#1604,#926,.T.);
#2023=EDGE_CURVE('',#1603,#1605,#927,.T.);
#2024=EDGE_CURVE('',#1603,#1606,#928,.T.);
#2025=EDGE_CURVE('',#1607,#1605,#929,.T.);
#2026=EDGE_CURVE('',#1606,#1607,#930,.T.);
#2027=EDGE_CURVE('',#1606,#1608,#931,.T.);
#2028=EDGE_CURVE('',#1609,#1607,#932,.T.);
#2029=EDGE_CURVE('',#1608,#1609,#933,.T.);
#2030=EDGE_CURVE('',#1608,#1610,#67,.T.);
#2031=EDGE_CURVE('',#1611,#1609,#68,.T.);
#2032=EDGE_CURVE('',#1610,#1611,#934,.T.);
#2033=EDGE_CURVE('',#1610,#1612,#935,.T.);
#2034=EDGE_CURVE('',#1613,#1611,#936,.T.);
#2035=EDGE_CURVE('',#1612,#1613,#937,.T.);
#2036=EDGE_CURVE('',#1612,#1614,#938,.T.);
#2037=EDGE_CURVE('',#1615,#1613,#939,.T.);
#2038=EDGE_CURVE('',#1614,#1615,#940,.T.);
#2039=EDGE_CURVE('',#1614,#1616,#941,.T.);
#2040=EDGE_CURVE('',#1617,#1615,#942,.T.);
#2041=EDGE_CURVE('',#1616,#1617,#943,.T.);
#2042=EDGE_CURVE('',#1616,#1602,#69,.T.);
#2043=EDGE_CURVE('',#1604,#1617,#70,.T.);
#2044=EDGE_CURVE('',#1618,#1618,#71,.T.);
#2045=EDGE_CURVE('',#1618,#1619,#944,.T.);
#2046=EDGE_CURVE('',#1619,#1619,#72,.T.);
#2047=EDGE_CURVE('',#1620,#1620,#73,.T.);
#2048=EDGE_CURVE('',#1620,#1621,#945,.T.);
#2049=EDGE_CURVE('',#1621,#1621,#74,.T.);
#2050=EDGE_CURVE('',#1622,#1623,#946,.T.);
#2051=EDGE_CURVE('',#1622,#1624,#947,.T.);
#2052=EDGE_CURVE('',#1625,#1624,#948,.T.);
#2053=EDGE_CURVE('',#1623,#1625,#949,.T.);
#2054=EDGE_CURVE('',#1623,#1626,#950,.T.);
#2055=EDGE_CURVE('',#1627,#1625,#951,.T.);
#2056=EDGE_CURVE('',#1626,#1627,#952,.T.);
#2057=EDGE_CURVE('',#1626,#1628,#953,.T.);
#2058=EDGE_CURVE('',#1629,#1627,#954,.T.);
#2059=EDGE_CURVE('',#1628,#1629,#955,.T.);
#2060=EDGE_CURVE('',#1628,#1630,#75,.T.);
#2061=EDGE_CURVE('',#1631,#1629,#76,.T.);
#2062=EDGE_CURVE('',#1630,#1631,#956,.T.);
#2063=EDGE_CURVE('',#1630,#1632,#957,.T.);
#2064=EDGE_CURVE('',#1633,#1631,#958,.T.);
#2065=EDGE_CURVE('',#1632,#1633,#959,.T.);
#2066=EDGE_CURVE('',#1632,#1634,#960,.T.);
#2067=EDGE_CURVE('',#1635,#1633,#961,.T.);
#2068=EDGE_CURVE('',#1634,#1635,#962,.T.);
#2069=EDGE_CURVE('',#1634,#1636,#963,.T.);
#2070=EDGE_CURVE('',#1637,#1635,#964,.T.);
#2071=EDGE_CURVE('',#1636,#1637,#965,.T.);
#2072=EDGE_CURVE('',#1636,#1622,#77,.T.);
#2073=EDGE_CURVE('',#1624,#1637,#78,.T.);
#2074=EDGE_CURVE('',#1638,#1638,#79,.T.);
#2075=EDGE_CURVE('',#1638,#1639,#966,.T.);
#2076=EDGE_CURVE('',#1639,#1639,#80,.T.);
#2077=EDGE_CURVE('',#1640,#1641,#967,.T.);
#2078=EDGE_CURVE('',#1640,#1642,#968,.T.);
#2079=EDGE_CURVE('',#1643,#1642,#969,.T.);
#2080=EDGE_CURVE('',#1641,#1643,#970,.T.);
#2081=EDGE_CURVE('',#1641,#1644,#971,.T.);
#2082=EDGE_CURVE('',#1645,#1643,#972,.T.);
#2083=EDGE_CURVE('',#1644,#1645,#973,.T.);
#2084=EDGE_CURVE('',#1644,#1646,#974,.T.);
#2085=EDGE_CURVE('',#1647,#1645,#975,.T.);
#2086=EDGE_CURVE('',#1646,#1647,#976,.T.);
#2087=EDGE_CURVE('',#1646,#1640,#977,.T.);
#2088=EDGE_CURVE('',#1642,#1647,#978,.T.);
#2089=ORIENTED_EDGE('',*,*,#1648,.F.);
#2090=ORIENTED_EDGE('',*,*,#1649,.F.);
#2091=ORIENTED_EDGE('',*,*,#1650,.T.);
#2092=ORIENTED_EDGE('',*,*,#1651,.T.);
#2093=ORIENTED_EDGE('',*,*,#1652,.F.);
#2094=ORIENTED_EDGE('',*,*,#1651,.F.);
#2095=ORIENTED_EDGE('',*,*,#1653,.T.);
#2096=ORIENTED_EDGE('',*,*,#1654,.T.);
#2097=ORIENTED_EDGE('',*,*,#1655,.F.);
#2098=ORIENTED_EDGE('',*,*,#1654,.F.);
#2099=ORIENTED_EDGE('',*,*,#1656,.T.);
#2100=ORIENTED_EDGE('',*,*,#1657,.T.);
#2101=ORIENTED_EDGE('',*,*,#1658,.F.);
#2102=ORIENTED_EDGE('',*,*,#1657,.F.);
#2103=ORIENTED_EDGE('',*,*,#1659,.T.);
#2104=ORIENTED_EDGE('',*,*,#1649,.T.);
#2105=ORIENTED_EDGE('',*,*,#1660,.F.);
#2106=ORIENTED_EDGE('',*,*,#1661,.F.);
#2107=ORIENTED_EDGE('',*,*,#1662,.T.);
#2108=ORIENTED_EDGE('',*,*,#1663,.T.);
#2109=ORIENTED_EDGE('',*,*,#1664,.F.);
#2110=ORIENTED_EDGE('',*,*,#1663,.F.);
#2111=ORIENTED_EDGE('',*,*,#1665,.T.);
#2112=ORIENTED_EDGE('',*,*,#1666,.T.);
#2113=ORIENTED_EDGE('',*,*,#1667,.F.);
#2114=ORIENTED_EDGE('',*,*,#1666,.F.);
#2115=ORIENTED_EDGE('',*,*,#1668,.T.);
#2116=ORIENTED_EDGE('',*,*,#1669,.T.);
#2117=ORIENTED_EDGE('',*,*,#1670,.F.);
#2118=ORIENTED_EDGE('',*,*,#1669,.F.);
#2119=ORIENTED_EDGE('',*,*,#1671,.T.);
#2120=ORIENTED_EDGE('',*,*,#1661,.T.);
#2121=ORIENTED_EDGE('',*,*,#1672,.F.);
#2122=ORIENTED_EDGE('',*,*,#1673,.F.);
#2123=ORIENTED_EDGE('',*,*,#1674,.T.);
#2124=ORIENTED_EDGE('',*,*,#1675,.T.);
#2125=ORIENTED_EDGE('',*,*,#1676,.F.);
#2126=ORIENTED_EDGE('',*,*,#1675,.F.);
#2127=ORIENTED_EDGE('',*,*,#1677,.T.);
#2128=ORIENTED_EDGE('',*,*,#1678,.T.);
#2129=ORIENTED_EDGE('',*,*,#1679,.F.);
#2130=ORIENTED_EDGE('',*,*,#1678,.F.);
#2131=ORIENTED_EDGE('',*,*,#1680,.T.);
#2132=ORIENTED_EDGE('',*,*,#1681,.T.);
#2133=ORIENTED_EDGE('',*,*,#1682,.F.);
#2134=ORIENTED_EDGE('',*,*,#1681,.F.);
#2135=ORIENTED_EDGE('',*,*,#1683,.T.);
#2136=ORIENTED_EDGE('',*,*,#1673,.T.);
#2137=ORIENTED_EDGE('',*,*,#1684,.F.);
#2138=ORIENTED_EDGE('',*,*,#1685,.F.);
#2139=ORIENTED_EDGE('',*,*,#1686,.T.);
#2140=ORIENTED_EDGE('',*,*,#1687,.T.);
#2141=ORIENTED_EDGE('',*,*,#1688,.F.);
#2142=ORIENTED_EDGE('',*,*,#1687,.F.);
#2143=ORIENTED_EDGE('',*,*,#1689,.T.);
#2144=ORIENTED_EDGE('',*,*,#1690,.T.);
#2145=ORIENTED_EDGE('',*,*,#1691,.F.);
#2146=ORIENTED_EDGE('',*,*,#1690,.F.);
#2147=ORIENTED_EDGE('',*,*,#1692,.T.);
#2148=ORIENTED_EDGE('',*,*,#1693,.T.);
#2149=ORIENTED_EDGE('',*,*,#1694,.F.);
#2150=ORIENTED_EDGE('',*,*,#1693,.F.);
#2151=ORIENTED_EDGE('',*,*,#1695,.T.);
#2152=ORIENTED_EDGE('',*,*,#1685,.T.);
#2153=ORIENTED_EDGE('',*,*,#1696,.F.);
#2154=ORIENTED_EDGE('',*,*,#1697,.F.);
#2155=ORIENTED_EDGE('',*,*,#1698,.T.);
#2156=ORIENTED_EDGE('',*,*,#1699,.T.);
#2157=ORIENTED_EDGE('',*,*,#1700,.F.);
#2158=ORIENTED_EDGE('',*,*,#1699,.F.);
#2159=ORIENTED_EDGE('',*,*,#1701,.T.);
#2160=ORIENTED_EDGE('',*,*,#1702,.T.);
#2161=ORIENTED_EDGE('',*,*,#1703,.F.);
#2162=ORIENTED_EDGE('',*,*,#1702,.F.);
#2163=ORIENTED_EDGE('',*,*,#1704,.T.);
#2164=ORIENTED_EDGE('',*,*,#1705,.T.);
#2165=ORIENTED_EDGE('',*,*,#1706,.F.);
#2166=ORIENTED_EDGE('',*,*,#1705,.F.);
#2167=ORIENTED_EDGE('',*,*,#1707,.T.);
#2168=ORIENTED_EDGE('',*,*,#1697,.T.);
#2169=ORIENTED_EDGE('',*,*,#1708,.F.);
#2170=ORIENTED_EDGE('',*,*,#1709,.F.);
#2171=ORIENTED_EDGE('',*,*,#1710,.T.);
#2172=ORIENTED_EDGE('',*,*,#1711,.T.);
#2173=ORIENTED_EDGE('',*,*,#1712,.F.);
#2174=ORIENTED_EDGE('',*,*,#1711,.F.);
#2175=ORIENTED_EDGE('',*,*,#1713,.T.);
#2176=ORIENTED_EDGE('',*,*,#1714,.T.);
#2177=ORIENTED_EDGE('',*,*,#1715,.F.);
#2178=ORIENTED_EDGE('',*,*,#1714,.F.);
#2179=ORIENTED_EDGE('',*,*,#1716,.T.);
#2180=ORIENTED_EDGE('',*,*,#1717,.T.);
#2181=ORIENTED_EDGE('',*,*,#1718,.F.);
#2182=ORIENTED_EDGE('',*,*,#1717,.F.);
#2183=ORIENTED_EDGE('',*,*,#1719,.T.);
#2184=ORIENTED_EDGE('',*,*,#1709,.T.);
#2185=ORIENTED_EDGE('',*,*,#1720,.F.);
#2186=ORIENTED_EDGE('',*,*,#1721,.F.);
#2187=ORIENTED_EDGE('',*,*,#1722,.T.);
#2188=ORIENTED_EDGE('',*,*,#1723,.T.);
#2189=ORIENTED_EDGE('',*,*,#1724,.F.);
#2190=ORIENTED_EDGE('',*,*,#1723,.F.);
#2191=ORIENTED_EDGE('',*,*,#1725,.T.);
#2192=ORIENTED_EDGE('',*,*,#1726,.T.);
#2193=ORIENTED_EDGE('',*,*,#1727,.F.);
#2194=ORIENTED_EDGE('',*,*,#1726,.F.);
#2195=ORIENTED_EDGE('',*,*,#1728,.T.);
#2196=ORIENTED_EDGE('',*,*,#1729,.T.);
#2197=ORIENTED_EDGE('',*,*,#1730,.F.);
#2198=ORIENTED_EDGE('',*,*,#1729,.F.);
#2199=ORIENTED_EDGE('',*,*,#1731,.T.);
#2200=ORIENTED_EDGE('',*,*,#1721,.T.);
#2201=ORIENTED_EDGE('',*,*,#1732,.F.);
#2202=ORIENTED_EDGE('',*,*,#1733,.F.);
#2203=ORIENTED_EDGE('',*,*,#1734,.T.);
#2204=ORIENTED_EDGE('',*,*,#1735,.T.);
#2205=ORIENTED_EDGE('',*,*,#1736,.F.);
#2206=ORIENTED_EDGE('',*,*,#1735,.F.);
#2207=ORIENTED_EDGE('',*,*,#1737,.T.);
#2208=ORIENTED_EDGE('',*,*,#1738,.T.);
#2209=ORIENTED_EDGE('',*,*,#1739,.F.);
#2210=ORIENTED_EDGE('',*,*,#1738,.F.);
#2211=ORIENTED_EDGE('',*,*,#1740,.T.);
#2212=ORIENTED_EDGE('',*,*,#1741,.T.);
#2213=ORIENTED_EDGE('',*,*,#1742,.F.);
#2214=ORIENTED_EDGE('',*,*,#1741,.F.);
#2215=ORIENTED_EDGE('',*,*,#1743,.T.);
#2216=ORIENTED_EDGE('',*,*,#1733,.T.);
#2217=ORIENTED_EDGE('',*,*,#1744,.F.);
#2218=ORIENTED_EDGE('',*,*,#1745,.F.);
#2219=ORIENTED_EDGE('',*,*,#1746,.T.);
#2220=ORIENTED_EDGE('',*,*,#1747,.T.);
#2221=ORIENTED_EDGE('',*,*,#1748,.F.);
#2222=ORIENTED_EDGE('',*,*,#1747,.F.);
#2223=ORIENTED_EDGE('',*,*,#1749,.T.);
#2224=ORIENTED_EDGE('',*,*,#1750,.T.);
#2225=ORIENTED_EDGE('',*,*,#1751,.F.);
#2226=ORIENTED_EDGE('',*,*,#1750,.F.);
#2227=ORIENTED_EDGE('',*,*,#1752,.T.);
#2228=ORIENTED_EDGE('',*,*,#1753,.T.);
#2229=ORIENTED_EDGE('',*,*,#1754,.F.);
#2230=ORIENTED_EDGE('',*,*,#1753,.F.);
#2231=ORIENTED_EDGE('',*,*,#1755,.T.);
#2232=ORIENTED_EDGE('',*,*,#1745,.T.);
#2233=ORIENTED_EDGE('',*,*,#1756,.F.);
#2234=ORIENTED_EDGE('',*,*,#1757,.F.);
#2235=ORIENTED_EDGE('',*,*,#1758,.T.);
#2236=ORIENTED_EDGE('',*,*,#1759,.T.);
#2237=ORIENTED_EDGE('',*,*,#1760,.F.);
#2238=ORIENTED_EDGE('',*,*,#1759,.F.);
#2239=ORIENTED_EDGE('',*,*,#1761,.T.);
#2240=ORIENTED_EDGE('',*,*,#1762,.T.);
#2241=ORIENTED_EDGE('',*,*,#1763,.F.);
#2242=ORIENTED_EDGE('',*,*,#1762,.F.);
#2243=ORIENTED_EDGE('',*,*,#1764,.T.);
#2244=ORIENTED_EDGE('',*,*,#1765,.T.);
#2245=ORIENTED_EDGE('',*,*,#1766,.F.);
#2246=ORIENTED_EDGE('',*,*,#1765,.F.);
#2247=ORIENTED_EDGE('',*,*,#1767,.T.);
#2248=ORIENTED_EDGE('',*,*,#1757,.T.);
#2249=ORIENTED_EDGE('',*,*,#1768,.F.);
#2250=ORIENTED_EDGE('',*,*,#1769,.F.);
#2251=ORIENTED_EDGE('',*,*,#1770,.T.);
#2252=ORIENTED_EDGE('',*,*,#1771,.T.);
#2253=ORIENTED_EDGE('',*,*,#1772,.F.);
#2254=ORIENTED_EDGE('',*,*,#1771,.F.);
#2255=ORIENTED_EDGE('',*,*,#1773,.T.);
#2256=ORIENTED_EDGE('',*,*,#1774,.T.);
#2257=ORIENTED_EDGE('',*,*,#1775,.F.);
#2258=ORIENTED_EDGE('',*,*,#1774,.F.);
#2259=ORIENTED_EDGE('',*,*,#1776,.T.);
#2260=ORIENTED_EDGE('',*,*,#1777,.T.);
#2261=ORIENTED_EDGE('',*,*,#1778,.F.);
#2262=ORIENTED_EDGE('',*,*,#1777,.F.);
#2263=ORIENTED_EDGE('',*,*,#1779,.T.);
#2264=ORIENTED_EDGE('',*,*,#1769,.T.);
#2265=ORIENTED_EDGE('',*,*,#1780,.F.);
#2266=ORIENTED_EDGE('',*,*,#1781,.F.);
#2267=ORIENTED_EDGE('',*,*,#1782,.T.);
#2268=ORIENTED_EDGE('',*,*,#1783,.T.);
#2269=ORIENTED_EDGE('',*,*,#1784,.F.);
#2270=ORIENTED_EDGE('',*,*,#1783,.F.);
#2271=ORIENTED_EDGE('',*,*,#1785,.T.);
#2272=ORIENTED_EDGE('',*,*,#1786,.T.);
#2273=ORIENTED_EDGE('',*,*,#1787,.F.);
#2274=ORIENTED_EDGE('',*,*,#1786,.F.);
#2275=ORIENTED_EDGE('',*,*,#1788,.T.);
#2276=ORIENTED_EDGE('',*,*,#1789,.T.);
#2277=ORIENTED_EDGE('',*,*,#1790,.F.);
#2278=ORIENTED_EDGE('',*,*,#1789,.F.);
#2279=ORIENTED_EDGE('',*,*,#1791,.T.);
#2280=ORIENTED_EDGE('',*,*,#1781,.T.);
#2281=ORIENTED_EDGE('',*,*,#1792,.F.);
#2282=ORIENTED_EDGE('',*,*,#1793,.F.);
#2283=ORIENTED_EDGE('',*,*,#1794,.T.);
#2284=ORIENTED_EDGE('',*,*,#1795,.T.);
#2285=ORIENTED_EDGE('',*,*,#1796,.F.);
#2286=ORIENTED_EDGE('',*,*,#1795,.F.);
#2287=ORIENTED_EDGE('',*,*,#1797,.T.);
#2288=ORIENTED_EDGE('',*,*,#1798,.T.);
#2289=ORIENTED_EDGE('',*,*,#1799,.F.);
#2290=ORIENTED_EDGE('',*,*,#1798,.F.);
#2291=ORIENTED_EDGE('',*,*,#1800,.T.);
#2292=ORIENTED_EDGE('',*,*,#1801,.T.);
#2293=ORIENTED_EDGE('',*,*,#1802,.F.);
#2294=ORIENTED_EDGE('',*,*,#1801,.F.);
#2295=ORIENTED_EDGE('',*,*,#1803,.T.);
#2296=ORIENTED_EDGE('',*,*,#1793,.T.);
#2297=ORIENTED_EDGE('',*,*,#1804,.F.);
#2298=ORIENTED_EDGE('',*,*,#1805,.F.);
#2299=ORIENTED_EDGE('',*,*,#1806,.T.);
#2300=ORIENTED_EDGE('',*,*,#1807,.T.);
#2301=ORIENTED_EDGE('',*,*,#1808,.F.);
#2302=ORIENTED_EDGE('',*,*,#1807,.F.);
#2303=ORIENTED_EDGE('',*,*,#1809,.T.);
#2304=ORIENTED_EDGE('',*,*,#1810,.T.);
#2305=ORIENTED_EDGE('',*,*,#1811,.F.);
#2306=ORIENTED_EDGE('',*,*,#1810,.F.);
#2307=ORIENTED_EDGE('',*,*,#1812,.T.);
#2308=ORIENTED_EDGE('',*,*,#1813,.T.);
#2309=ORIENTED_EDGE('',*,*,#1814,.F.);
#2310=ORIENTED_EDGE('',*,*,#1813,.F.);
#2311=ORIENTED_EDGE('',*,*,#1815,.T.);
#2312=ORIENTED_EDGE('',*,*,#1805,.T.);
#2313=ORIENTED_EDGE('',*,*,#1816,.F.);
#2314=ORIENTED_EDGE('',*,*,#1817,.F.);
#2315=ORIENTED_EDGE('',*,*,#1818,.T.);
#2316=ORIENTED_EDGE('',*,*,#1819,.T.);
#2317=ORIENTED_EDGE('',*,*,#1820,.F.);
#2318=ORIENTED_EDGE('',*,*,#1819,.F.);
#2319=ORIENTED_EDGE('',*,*,#1821,.T.);
#2320=ORIENTED_EDGE('',*,*,#1822,.T.);
#2321=ORIENTED_EDGE('',*,*,#1823,.F.);
#2322=ORIENTED_EDGE('',*,*,#1822,.F.);
#2323=ORIENTED_EDGE('',*,*,#1824,.T.);
#2324=ORIENTED_EDGE('',*,*,#1825,.T.);
#2325=ORIENTED_EDGE('',*,*,#1826,.F.);
#2326=ORIENTED_EDGE('',*,*,#1825,.F.);
#2327=ORIENTED_EDGE('',*,*,#1827,.T.);
#2328=ORIENTED_EDGE('',*,*,#1817,.T.);
#2329=ORIENTED_EDGE('',*,*,#1828,.F.);
#2330=ORIENTED_EDGE('',*,*,#1829,.F.);
#2331=ORIENTED_EDGE('',*,*,#1830,.T.);
#2332=ORIENTED_EDGE('',*,*,#1831,.T.);
#2333=ORIENTED_EDGE('',*,*,#1832,.F.);
#2334=ORIENTED_EDGE('',*,*,#1831,.F.);
#2335=ORIENTED_EDGE('',*,*,#1833,.T.);
#2336=ORIENTED_EDGE('',*,*,#1834,.T.);
#2337=ORIENTED_EDGE('',*,*,#1835,.F.);
#2338=ORIENTED_EDGE('',*,*,#1834,.F.);
#2339=ORIENTED_EDGE('',*,*,#1836,.T.);
#2340=ORIENTED_EDGE('',*,*,#1837,.T.);
#2341=ORIENTED_EDGE('',*,*,#1838,.F.);
#2342=ORIENTED_EDGE('',*,*,#1837,.F.);
#2343=ORIENTED_EDGE('',*,*,#1839,.T.);
#2344=ORIENTED_EDGE('',*,*,#1829,.T.);
#2345=ORIENTED_EDGE('',*,*,#1840,.F.);
#2346=ORIENTED_EDGE('',*,*,#1841,.T.);
#2347=ORIENTED_EDGE('',*,*,#1842,.T.);
#2348=ORIENTED_EDGE('',*,*,#1843,.F.);
#2349=ORIENTED_EDGE('',*,*,#1844,.F.);
#2350=ORIENTED_EDGE('',*,*,#1845,.T.);
#2351=ORIENTED_EDGE('',*,*,#1846,.T.);
#2352=ORIENTED_EDGE('',*,*,#1841,.F.);
#2353=ORIENTED_EDGE('',*,*,#1847,.F.);
#2354=ORIENTED_EDGE('',*,*,#1848,.T.);
#2355=ORIENTED_EDGE('',*,*,#1849,.T.);
#2356=ORIENTED_EDGE('',*,*,#1845,.F.);
#2357=ORIENTED_EDGE('',*,*,#1850,.F.);
#2358=ORIENTED_EDGE('',*,*,#1843,.T.);
#2359=ORIENTED_EDGE('',*,*,#1851,.T.);
#2360=ORIENTED_EDGE('',*,*,#1848,.F.);
#2361=ORIENTED_EDGE('',*,*,#1851,.F.);
#2362=ORIENTED_EDGE('',*,*,#1842,.F.);
#2363=ORIENTED_EDGE('',*,*,#1846,.F.);
#2364=ORIENTED_EDGE('',*,*,#1849,.F.);
#2365=ORIENTED_EDGE('',*,*,#1761,.F.);
#2366=ORIENTED_EDGE('',*,*,#1758,.F.);
#2367=ORIENTED_EDGE('',*,*,#1767,.F.);
#2368=ORIENTED_EDGE('',*,*,#1764,.F.);
#2369=ORIENTED_EDGE('',*,*,#1689,.F.);
#2370=ORIENTED_EDGE('',*,*,#1686,.F.);
#2371=ORIENTED_EDGE('',*,*,#1695,.F.);
#2372=ORIENTED_EDGE('',*,*,#1692,.F.);
#2373=ORIENTED_EDGE('',*,*,#1737,.F.);
#2374=ORIENTED_EDGE('',*,*,#1734,.F.);
#2375=ORIENTED_EDGE('',*,*,#1743,.F.);
#2376=ORIENTED_EDGE('',*,*,#1740,.F.);
#2377=ORIENTED_EDGE('',*,*,#1653,.F.);
#2378=ORIENTED_EDGE('',*,*,#1650,.F.);
#2379=ORIENTED_EDGE('',*,*,#1659,.F.);
#2380=ORIENTED_EDGE('',*,*,#1656,.F.);
#2381=ORIENTED_EDGE('',*,*,#1677,.F.);
#2382=ORIENTED_EDGE('',*,*,#1674,.F.);
#2383=ORIENTED_EDGE('',*,*,#1683,.F.);
#2384=ORIENTED_EDGE('',*,*,#1680,.F.);
#2385=ORIENTED_EDGE('',*,*,#1749,.F.);
#2386=ORIENTED_EDGE('',*,*,#1746,.F.);
#2387=ORIENTED_EDGE('',*,*,#1755,.F.);
#2388=ORIENTED_EDGE('',*,*,#1752,.F.);
#2389=ORIENTED_EDGE('',*,*,#1725,.F.);
#2390=ORIENTED_EDGE('',*,*,#1722,.F.);
#2391=ORIENTED_EDGE('',*,*,#1731,.F.);
#2392=ORIENTED_EDGE('',*,*,#1728,.F.);
#2393=ORIENTED_EDGE('',*,*,#1773,.F.);
#2394=ORIENTED_EDGE('',*,*,#1770,.F.);
#2395=ORIENTED_EDGE('',*,*,#1779,.F.);
#2396=ORIENTED_EDGE('',*,*,#1776,.F.);
#2397=ORIENTED_EDGE('',*,*,#1665,.F.);
#2398=ORIENTED_EDGE('',*,*,#1662,.F.);
#2399=ORIENTED_EDGE('',*,*,#1671,.F.);
#2400=ORIENTED_EDGE('',*,*,#1668,.F.);
#2401=ORIENTED_EDGE('',*,*,#1785,.F.);
#2402=ORIENTED_EDGE('',*,*,#1782,.F.);
#2403=ORIENTED_EDGE('',*,*,#1791,.F.);
#2404=ORIENTED_EDGE('',*,*,#1788,.F.);
#2405=ORIENTED_EDGE('',*,*,#1833,.F.);
#2406=ORIENTED_EDGE('',*,*,#1830,.F.);
#2407=ORIENTED_EDGE('',*,*,#1839,.F.);
#2408=ORIENTED_EDGE('',*,*,#1836,.F.);
#2409=ORIENTED_EDGE('',*,*,#1821,.F.);
#2410=ORIENTED_EDGE('',*,*,#1818,.F.);
#2411=ORIENTED_EDGE('',*,*,#1827,.F.);
#2412=ORIENTED_EDGE('',*,*,#1824,.F.);
#2413=ORIENTED_EDGE('',*,*,#1701,.F.);
#2414=ORIENTED_EDGE('',*,*,#1698,.F.);
#2415=ORIENTED_EDGE('',*,*,#1707,.F.);
#2416=ORIENTED_EDGE('',*,*,#1704,.F.);
#2417=ORIENTED_EDGE('',*,*,#1797,.F.);
#2418=ORIENTED_EDGE('',*,*,#1794,.F.);
#2419=ORIENTED_EDGE('',*,*,#1803,.F.);
#2420=ORIENTED_EDGE('',*,*,#1800,.F.);
#2421=ORIENTED_EDGE('',*,*,#1809,.F.);
#2422=ORIENTED_EDGE('',*,*,#1806,.F.);
#2423=ORIENTED_EDGE('',*,*,#1815,.F.);
#2424=ORIENTED_EDGE('',*,*,#1812,.F.);
#2425=ORIENTED_EDGE('',*,*,#1713,.F.);
#2426=ORIENTED_EDGE('',*,*,#1710,.F.);
#2427=ORIENTED_EDGE('',*,*,#1719,.F.);
#2428=ORIENTED_EDGE('',*,*,#1716,.F.);
#2429=ORIENTED_EDGE('',*,*,#1852,.F.);
#2430=ORIENTED_EDGE('',*,*,#1853,.T.);
#2431=ORIENTED_EDGE('',*,*,#1854,.F.);
#2432=ORIENTED_EDGE('',*,*,#1855,.F.);
#2433=ORIENTED_EDGE('',*,*,#1856,.F.);
#2434=ORIENTED_EDGE('',*,*,#1855,.T.);
#2435=ORIENTED_EDGE('',*,*,#1857,.F.);
#2436=ORIENTED_EDGE('',*,*,#1858,.F.);
#2437=ORIENTED_EDGE('',*,*,#1859,.F.);
#2438=ORIENTED_EDGE('',*,*,#1858,.T.);
#2439=ORIENTED_EDGE('',*,*,#1860,.F.);
#2440=ORIENTED_EDGE('',*,*,#1861,.F.);
#2441=ORIENTED_EDGE('',*,*,#1862,.F.);
#2442=ORIENTED_EDGE('',*,*,#1861,.T.);
#2443=ORIENTED_EDGE('',*,*,#1863,.F.);
#2444=ORIENTED_EDGE('',*,*,#1853,.F.);
#2445=ORIENTED_EDGE('',*,*,#1864,.F.);
#2446=ORIENTED_EDGE('',*,*,#1865,.T.);
#2447=ORIENTED_EDGE('',*,*,#1866,.F.);
#2448=ORIENTED_EDGE('',*,*,#1867,.F.);
#2449=ORIENTED_EDGE('',*,*,#1868,.F.);
#2450=ORIENTED_EDGE('',*,*,#1867,.T.);
#2451=ORIENTED_EDGE('',*,*,#1869,.F.);
#2452=ORIENTED_EDGE('',*,*,#1870,.F.);
#2453=ORIENTED_EDGE('',*,*,#1871,.F.);
#2454=ORIENTED_EDGE('',*,*,#1870,.T.);
#2455=ORIENTED_EDGE('',*,*,#1872,.F.);
#2456=ORIENTED_EDGE('',*,*,#1873,.F.);
#2457=ORIENTED_EDGE('',*,*,#1874,.F.);
#2458=ORIENTED_EDGE('',*,*,#1873,.T.);
#2459=ORIENTED_EDGE('',*,*,#1875,.F.);
#2460=ORIENTED_EDGE('',*,*,#1865,.F.);
#2461=ORIENTED_EDGE('',*,*,#1876,.F.);
#2462=ORIENTED_EDGE('',*,*,#1877,.T.);
#2463=ORIENTED_EDGE('',*,*,#1878,.F.);
#2464=ORIENTED_EDGE('',*,*,#1877,.F.);
#2465=ORIENTED_EDGE('',*,*,#1879,.F.);
#2466=ORIENTED_EDGE('',*,*,#1880,.T.);
#2467=ORIENTED_EDGE('',*,*,#1881,.F.);
#2468=ORIENTED_EDGE('',*,*,#1882,.F.);
#2469=ORIENTED_EDGE('',*,*,#1883,.F.);
#2470=ORIENTED_EDGE('',*,*,#1882,.T.);
#2471=ORIENTED_EDGE('',*,*,#1884,.F.);
#2472=ORIENTED_EDGE('',*,*,#1885,.F.);
#2473=ORIENTED_EDGE('',*,*,#1886,.F.);
#2474=ORIENTED_EDGE('',*,*,#1885,.T.);
#2475=ORIENTED_EDGE('',*,*,#1887,.F.);
#2476=ORIENTED_EDGE('',*,*,#1888,.F.);
#2477=ORIENTED_EDGE('',*,*,#1889,.F.);
#2478=ORIENTED_EDGE('',*,*,#1888,.T.);
#2479=ORIENTED_EDGE('',*,*,#1890,.F.);
#2480=ORIENTED_EDGE('',*,*,#1880,.F.);
#2481=ORIENTED_EDGE('',*,*,#1891,.F.);
#2482=ORIENTED_EDGE('',*,*,#1892,.T.);
#2483=ORIENTED_EDGE('',*,*,#1893,.F.);
#2484=ORIENTED_EDGE('',*,*,#1894,.F.);
#2485=ORIENTED_EDGE('',*,*,#1895,.F.);
#2486=ORIENTED_EDGE('',*,*,#1894,.T.);
#2487=ORIENTED_EDGE('',*,*,#1896,.F.);
#2488=ORIENTED_EDGE('',*,*,#1897,.F.);
#2489=ORIENTED_EDGE('',*,*,#1898,.F.);
#2490=ORIENTED_EDGE('',*,*,#1897,.T.);
#2491=ORIENTED_EDGE('',*,*,#1899,.F.);
#2492=ORIENTED_EDGE('',*,*,#1900,.F.);
#2493=ORIENTED_EDGE('',*,*,#1901,.F.);
#2494=ORIENTED_EDGE('',*,*,#1900,.T.);
#2495=ORIENTED_EDGE('',*,*,#1902,.F.);
#2496=ORIENTED_EDGE('',*,*,#1892,.F.);
#2497=ORIENTED_EDGE('',*,*,#1903,.F.);
#2498=ORIENTED_EDGE('',*,*,#1904,.T.);
#2499=ORIENTED_EDGE('',*,*,#1905,.F.);
#2500=ORIENTED_EDGE('',*,*,#1906,.F.);
#2501=ORIENTED_EDGE('',*,*,#1907,.F.);
#2502=ORIENTED_EDGE('',*,*,#1906,.T.);
#2503=ORIENTED_EDGE('',*,*,#1908,.F.);
#2504=ORIENTED_EDGE('',*,*,#1909,.F.);
#2505=ORIENTED_EDGE('',*,*,#1910,.F.);
#2506=ORIENTED_EDGE('',*,*,#1909,.T.);
#2507=ORIENTED_EDGE('',*,*,#1911,.F.);
#2508=ORIENTED_EDGE('',*,*,#1912,.F.);
#2509=ORIENTED_EDGE('',*,*,#1913,.F.);
#2510=ORIENTED_EDGE('',*,*,#1912,.T.);
#2511=ORIENTED_EDGE('',*,*,#1914,.F.);
#2512=ORIENTED_EDGE('',*,*,#1904,.F.);
#2513=ORIENTED_EDGE('',*,*,#1915,.F.);
#2514=ORIENTED_EDGE('',*,*,#1916,.T.);
#2515=ORIENTED_EDGE('',*,*,#1917,.F.);
#2516=ORIENTED_EDGE('',*,*,#1916,.F.);
#2517=ORIENTED_EDGE('',*,*,#1918,.F.);
#2518=ORIENTED_EDGE('',*,*,#1919,.T.);
#2519=ORIENTED_EDGE('',*,*,#1920,.F.);
#2520=ORIENTED_EDGE('',*,*,#1919,.F.);
#2521=ORIENTED_EDGE('',*,*,#1921,.F.);
#2522=ORIENTED_EDGE('',*,*,#1922,.T.);
#2523=ORIENTED_EDGE('',*,*,#1923,.F.);
#2524=ORIENTED_EDGE('',*,*,#1922,.F.);
#2525=ORIENTED_EDGE('',*,*,#1924,.F.);
#2526=ORIENTED_EDGE('',*,*,#1925,.T.);
#2527=ORIENTED_EDGE('',*,*,#1926,.F.);
#2528=ORIENTED_EDGE('',*,*,#1925,.F.);
#2529=ORIENTED_EDGE('',*,*,#1927,.F.);
#2530=ORIENTED_EDGE('',*,*,#1928,.T.);
#2531=ORIENTED_EDGE('',*,*,#1929,.F.);
#2532=ORIENTED_EDGE('',*,*,#1928,.F.);
#2533=ORIENTED_EDGE('',*,*,#1930,.F.);
#2534=ORIENTED_EDGE('',*,*,#1931,.T.);
#2535=ORIENTED_EDGE('',*,*,#1932,.F.);
#2536=ORIENTED_EDGE('',*,*,#1931,.F.);
#2537=ORIENTED_EDGE('',*,*,#1933,.F.);
#2538=ORIENTED_EDGE('',*,*,#1934,.T.);
#2539=ORIENTED_EDGE('',*,*,#1935,.F.);
#2540=ORIENTED_EDGE('',*,*,#1934,.F.);
#2541=ORIENTED_EDGE('',*,*,#1936,.F.);
#2542=ORIENTED_EDGE('',*,*,#1937,.T.);
#2543=ORIENTED_EDGE('',*,*,#1938,.F.);
#2544=ORIENTED_EDGE('',*,*,#1937,.F.);
#2545=ORIENTED_EDGE('',*,*,#1939,.F.);
#2546=ORIENTED_EDGE('',*,*,#1940,.T.);
#2547=ORIENTED_EDGE('',*,*,#1941,.F.);
#2548=ORIENTED_EDGE('',*,*,#1942,.F.);
#2549=ORIENTED_EDGE('',*,*,#1943,.F.);
#2550=ORIENTED_EDGE('',*,*,#1942,.T.);
#2551=ORIENTED_EDGE('',*,*,#1944,.F.);
#2552=ORIENTED_EDGE('',*,*,#1945,.F.);
#2553=ORIENTED_EDGE('',*,*,#1946,.F.);
#2554=ORIENTED_EDGE('',*,*,#1945,.T.);
#2555=ORIENTED_EDGE('',*,*,#1947,.F.);
#2556=ORIENTED_EDGE('',*,*,#1948,.F.);
#2557=ORIENTED_EDGE('',*,*,#1949,.F.);
#2558=ORIENTED_EDGE('',*,*,#1948,.T.);
#2559=ORIENTED_EDGE('',*,*,#1950,.F.);
#2560=ORIENTED_EDGE('',*,*,#1940,.F.);
#2561=ORIENTED_EDGE('',*,*,#1951,.F.);
#2562=ORIENTED_EDGE('',*,*,#1952,.T.);
#2563=ORIENTED_EDGE('',*,*,#1953,.F.);
#2564=ORIENTED_EDGE('',*,*,#1952,.F.);
#2565=ORIENTED_EDGE('',*,*,#1954,.F.);
#2566=ORIENTED_EDGE('',*,*,#1955,.T.);
#2567=ORIENTED_EDGE('',*,*,#1956,.F.);
#2568=ORIENTED_EDGE('',*,*,#1957,.F.);
#2569=ORIENTED_EDGE('',*,*,#1958,.F.);
#2570=ORIENTED_EDGE('',*,*,#1957,.T.);
#2571=ORIENTED_EDGE('',*,*,#1959,.F.);
#2572=ORIENTED_EDGE('',*,*,#1960,.F.);
#2573=ORIENTED_EDGE('',*,*,#1961,.F.);
#2574=ORIENTED_EDGE('',*,*,#1960,.T.);
#2575=ORIENTED_EDGE('',*,*,#1962,.F.);
#2576=ORIENTED_EDGE('',*,*,#1963,.F.);
#2577=ORIENTED_EDGE('',*,*,#1964,.F.);
#2578=ORIENTED_EDGE('',*,*,#1963,.T.);
#2579=ORIENTED_EDGE('',*,*,#1965,.F.);
#2580=ORIENTED_EDGE('',*,*,#1955,.F.);
#2581=ORIENTED_EDGE('',*,*,#1966,.F.);
#2582=ORIENTED_EDGE('',*,*,#1967,.T.);
#2583=ORIENTED_EDGE('',*,*,#1968,.F.);
#2584=ORIENTED_EDGE('',*,*,#1967,.F.);
#2585=ORIENTED_EDGE('',*,*,#1969,.F.);
#2586=ORIENTED_EDGE('',*,*,#1970,.T.);
#2587=ORIENTED_EDGE('',*,*,#1971,.F.);
#2588=ORIENTED_EDGE('',*,*,#1970,.F.);
#2589=ORIENTED_EDGE('',*,*,#1972,.F.);
#2590=ORIENTED_EDGE('',*,*,#1973,.T.);
#2591=ORIENTED_EDGE('',*,*,#1974,.F.);
#2592=ORIENTED_EDGE('',*,*,#1975,.F.);
#2593=ORIENTED_EDGE('',*,*,#1976,.F.);
#2594=ORIENTED_EDGE('',*,*,#1975,.T.);
#2595=ORIENTED_EDGE('',*,*,#1977,.F.);
#2596=ORIENTED_EDGE('',*,*,#1978,.F.);
#2597=ORIENTED_EDGE('',*,*,#1979,.F.);
#2598=ORIENTED_EDGE('',*,*,#1978,.T.);
#2599=ORIENTED_EDGE('',*,*,#1980,.F.);
#2600=ORIENTED_EDGE('',*,*,#1981,.F.);
#2601=ORIENTED_EDGE('',*,*,#1982,.F.);
#2602=ORIENTED_EDGE('',*,*,#1981,.T.);
#2603=ORIENTED_EDGE('',*,*,#1983,.F.);
#2604=ORIENTED_EDGE('',*,*,#1973,.F.);
#2605=ORIENTED_EDGE('',*,*,#1984,.F.);
#2606=ORIENTED_EDGE('',*,*,#1985,.T.);
#2607=ORIENTED_EDGE('',*,*,#1986,.F.);
#2608=ORIENTED_EDGE('',*,*,#1987,.F.);
#2609=ORIENTED_EDGE('',*,*,#1988,.F.);
#2610=ORIENTED_EDGE('',*,*,#1987,.T.);
#2611=ORIENTED_EDGE('',*,*,#1989,.F.);
#2612=ORIENTED_EDGE('',*,*,#1990,.F.);
#2613=ORIENTED_EDGE('',*,*,#1991,.F.);
#2614=ORIENTED_EDGE('',*,*,#1990,.T.);
#2615=ORIENTED_EDGE('',*,*,#1992,.F.);
#2616=ORIENTED_EDGE('',*,*,#1993,.F.);
#2617=ORIENTED_EDGE('',*,*,#1994,.F.);
#2618=ORIENTED_EDGE('',*,*,#1993,.T.);
#2619=ORIENTED_EDGE('',*,*,#1995,.F.);
#2620=ORIENTED_EDGE('',*,*,#1985,.F.);
#2621=ORIENTED_EDGE('',*,*,#1996,.F.);
#2622=ORIENTED_EDGE('',*,*,#1997,.T.);
#2623=ORIENTED_EDGE('',*,*,#1998,.F.);
#2624=ORIENTED_EDGE('',*,*,#1997,.F.);
#2625=ORIENTED_EDGE('',*,*,#1999,.F.);
#2626=ORIENTED_EDGE('',*,*,#2000,.T.);
#2627=ORIENTED_EDGE('',*,*,#2001,.F.);
#2628=ORIENTED_EDGE('',*,*,#2000,.F.);
#2629=ORIENTED_EDGE('',*,*,#2002,.F.);
#2630=ORIENTED_EDGE('',*,*,#2003,.T.);
#2631=ORIENTED_EDGE('',*,*,#2004,.F.);
#2632=ORIENTED_EDGE('',*,*,#2003,.F.);
#2633=ORIENTED_EDGE('',*,*,#2005,.F.);
#2634=ORIENTED_EDGE('',*,*,#2006,.T.);
#2635=ORIENTED_EDGE('',*,*,#2007,.F.);
#2636=ORIENTED_EDGE('',*,*,#2008,.F.);
#2637=ORIENTED_EDGE('',*,*,#2009,.F.);
#2638=ORIENTED_EDGE('',*,*,#2008,.T.);
#2639=ORIENTED_EDGE('',*,*,#2010,.F.);
#2640=ORIENTED_EDGE('',*,*,#2011,.F.);
#2641=ORIENTED_EDGE('',*,*,#2012,.F.);
#2642=ORIENTED_EDGE('',*,*,#2011,.T.);
#2643=ORIENTED_EDGE('',*,*,#2013,.F.);
#2644=ORIENTED_EDGE('',*,*,#2014,.F.);
#2645=ORIENTED_EDGE('',*,*,#2015,.F.);
#2646=ORIENTED_EDGE('',*,*,#2014,.T.);
#2647=ORIENTED_EDGE('',*,*,#2016,.F.);
#2648=ORIENTED_EDGE('',*,*,#2006,.F.);
#2649=ORIENTED_EDGE('',*,*,#2017,.F.);
#2650=ORIENTED_EDGE('',*,*,#2018,.T.);
#2651=ORIENTED_EDGE('',*,*,#2019,.F.);
#2652=ORIENTED_EDGE('',*,*,#2018,.F.);
#2653=ORIENTED_EDGE('',*,*,#2020,.F.);
#2654=ORIENTED_EDGE('',*,*,#2021,.T.);
#2655=ORIENTED_EDGE('',*,*,#2022,.F.);
#2656=ORIENTED_EDGE('',*,*,#2023,.F.);
#2657=ORIENTED_EDGE('',*,*,#2024,.F.);
#2658=ORIENTED_EDGE('',*,*,#2023,.T.);
#2659=ORIENTED_EDGE('',*,*,#2025,.F.);
#2660=ORIENTED_EDGE('',*,*,#2026,.F.);
#2661=ORIENTED_EDGE('',*,*,#2027,.F.);
#2662=ORIENTED_EDGE('',*,*,#2026,.T.);
#2663=ORIENTED_EDGE('',*,*,#2028,.F.);
#2664=ORIENTED_EDGE('',*,*,#2029,.F.);
#2665=ORIENTED_EDGE('',*,*,#2030,.F.);
#2666=ORIENTED_EDGE('',*,*,#2029,.T.);
#2667=ORIENTED_EDGE('',*,*,#2031,.F.);
#2668=ORIENTED_EDGE('',*,*,#2032,.F.);
#2669=ORIENTED_EDGE('',*,*,#2033,.F.);
#2670=ORIENTED_EDGE('',*,*,#2032,.T.);
#2671=ORIENTED_EDGE('',*,*,#2034,.F.);
#2672=ORIENTED_EDGE('',*,*,#2035,.F.);
#2673=ORIENTED_EDGE('',*,*,#2036,.F.);
#2674=ORIENTED_EDGE('',*,*,#2035,.T.);
#2675=ORIENTED_EDGE('',*,*,#2037,.F.);
#2676=ORIENTED_EDGE('',*,*,#2038,.F.);
#2677=ORIENTED_EDGE('',*,*,#2039,.F.);
#2678=ORIENTED_EDGE('',*,*,#2038,.T.);
#2679=ORIENTED_EDGE('',*,*,#2040,.F.);
#2680=ORIENTED_EDGE('',*,*,#2041,.F.);
#2681=ORIENTED_EDGE('',*,*,#2042,.F.);
#2682=ORIENTED_EDGE('',*,*,#2041,.T.);
#2683=ORIENTED_EDGE('',*,*,#2043,.F.);
#2684=ORIENTED_EDGE('',*,*,#2021,.F.);
#2685=ORIENTED_EDGE('',*,*,#2044,.F.);
#2686=ORIENTED_EDGE('',*,*,#2045,.T.);
#2687=ORIENTED_EDGE('',*,*,#2046,.F.);
#2688=ORIENTED_EDGE('',*,*,#2045,.F.);
#2689=ORIENTED_EDGE('',*,*,#2047,.F.);
#2690=ORIENTED_EDGE('',*,*,#2048,.T.);
#2691=ORIENTED_EDGE('',*,*,#2049,.F.);
#2692=ORIENTED_EDGE('',*,*,#2048,.F.);
#2693=ORIENTED_EDGE('',*,*,#2050,.F.);
#2694=ORIENTED_EDGE('',*,*,#2051,.T.);
#2695=ORIENTED_EDGE('',*,*,#2052,.F.);
#2696=ORIENTED_EDGE('',*,*,#2053,.F.);
#2697=ORIENTED_EDGE('',*,*,#2054,.F.);
#2698=ORIENTED_EDGE('',*,*,#2053,.T.);
#2699=ORIENTED_EDGE('',*,*,#2055,.F.);
#2700=ORIENTED_EDGE('',*,*,#2056,.F.);
#2701=ORIENTED_EDGE('',*,*,#2057,.F.);
#2702=ORIENTED_EDGE('',*,*,#2056,.T.);
#2703=ORIENTED_EDGE('',*,*,#2058,.F.);
#2704=ORIENTED_EDGE('',*,*,#2059,.F.);
#2705=ORIENTED_EDGE('',*,*,#2060,.F.);
#2706=ORIENTED_EDGE('',*,*,#2059,.T.);
#2707=ORIENTED_EDGE('',*,*,#2061,.F.);
#2708=ORIENTED_EDGE('',*,*,#2062,.F.);
#2709=ORIENTED_EDGE('',*,*,#2063,.F.);
#2710=ORIENTED_EDGE('',*,*,#2062,.T.);
#2711=ORIENTED_EDGE('',*,*,#2064,.F.);
#2712=ORIENTED_EDGE('',*,*,#2065,.F.);
#2713=ORIENTED_EDGE('',*,*,#2066,.F.);
#2714=ORIENTED_EDGE('',*,*,#2065,.T.);
#2715=ORIENTED_EDGE('',*,*,#2067,.F.);
#2716=ORIENTED_EDGE('',*,*,#2068,.F.);
#2717=ORIENTED_EDGE('',*,*,#2069,.F.);
#2718=ORIENTED_EDGE('',*,*,#2068,.T.);
#2719=ORIENTED_EDGE('',*,*,#2070,.F.);
#2720=ORIENTED_EDGE('',*,*,#2071,.F.);
#2721=ORIENTED_EDGE('',*,*,#2072,.F.);
#2722=ORIENTED_EDGE('',*,*,#2071,.T.);
#2723=ORIENTED_EDGE('',*,*,#2073,.F.);
#2724=ORIENTED_EDGE('',*,*,#2051,.F.);
#2725=ORIENTED_EDGE('',*,*,#2074,.F.);
#2726=ORIENTED_EDGE('',*,*,#2075,.T.);
#2727=ORIENTED_EDGE('',*,*,#2076,.F.);
#2728=ORIENTED_EDGE('',*,*,#2075,.F.);
#2729=ORIENTED_EDGE('',*,*,#2077,.F.);
#2730=ORIENTED_EDGE('',*,*,#2078,.T.);
#2731=ORIENTED_EDGE('',*,*,#2079,.F.);
#2732=ORIENTED_EDGE('',*,*,#2080,.F.);
#2733=ORIENTED_EDGE('',*,*,#2081,.F.);
#2734=ORIENTED_EDGE('',*,*,#2080,.T.);
#2735=ORIENTED_EDGE('',*,*,#2082,.F.);
#2736=ORIENTED_EDGE('',*,*,#2083,.F.);
#2737=ORIENTED_EDGE('',*,*,#2084,.F.);
#2738=ORIENTED_EDGE('',*,*,#2083,.T.);
#2739=ORIENTED_EDGE('',*,*,#2085,.F.);
#2740=ORIENTED_EDGE('',*,*,#2086,.F.);
#2741=ORIENTED_EDGE('',*,*,#2087,.F.);
#2742=ORIENTED_EDGE('',*,*,#2086,.T.);
#2743=ORIENTED_EDGE('',*,*,#2088,.F.);
#2744=ORIENTED_EDGE('',*,*,#2078,.F.);
#2745=ORIENTED_EDGE('',*,*,#2087,.T.);
#2746=ORIENTED_EDGE('',*,*,#2077,.T.);
#2747=ORIENTED_EDGE('',*,*,#2081,.T.);
#2748=ORIENTED_EDGE('',*,*,#2084,.T.);
#2749=ORIENTED_EDGE('',*,*,#1862,.T.);
#2750=ORIENTED_EDGE('',*,*,#1852,.T.);
#2751=ORIENTED_EDGE('',*,*,#1856,.T.);
#2752=ORIENTED_EDGE('',*,*,#1859,.T.);
#2753=ORIENTED_EDGE('',*,*,#1874,.T.);
#2754=ORIENTED_EDGE('',*,*,#1864,.T.);
#2755=ORIENTED_EDGE('',*,*,#1868,.T.);
#2756=ORIENTED_EDGE('',*,*,#1871,.T.);
#2757=ORIENTED_EDGE('',*,*,#1878,.T.);
#2758=ORIENTED_EDGE('',*,*,#1889,.T.);
#2759=ORIENTED_EDGE('',*,*,#1879,.T.);
#2760=ORIENTED_EDGE('',*,*,#1883,.T.);
#2761=ORIENTED_EDGE('',*,*,#1886,.T.);
#2762=ORIENTED_EDGE('',*,*,#1901,.T.);
#2763=ORIENTED_EDGE('',*,*,#1891,.T.);
#2764=ORIENTED_EDGE('',*,*,#1895,.T.);
#2765=ORIENTED_EDGE('',*,*,#1898,.T.);
#2766=ORIENTED_EDGE('',*,*,#1913,.T.);
#2767=ORIENTED_EDGE('',*,*,#1903,.T.);
#2768=ORIENTED_EDGE('',*,*,#1907,.T.);
#2769=ORIENTED_EDGE('',*,*,#1910,.T.);
#2770=ORIENTED_EDGE('',*,*,#1917,.T.);
#2771=ORIENTED_EDGE('',*,*,#1920,.T.);
#2772=ORIENTED_EDGE('',*,*,#1923,.T.);
#2773=ORIENTED_EDGE('',*,*,#1926,.T.);
#2774=ORIENTED_EDGE('',*,*,#1929,.T.);
#2775=ORIENTED_EDGE('',*,*,#1932,.T.);
#2776=ORIENTED_EDGE('',*,*,#1935,.T.);
#2777=ORIENTED_EDGE('',*,*,#1938,.T.);
#2778=ORIENTED_EDGE('',*,*,#1949,.T.);
#2779=ORIENTED_EDGE('',*,*,#1939,.T.);
#2780=ORIENTED_EDGE('',*,*,#1943,.T.);
#2781=ORIENTED_EDGE('',*,*,#1946,.T.);
#2782=ORIENTED_EDGE('',*,*,#1953,.T.);
#2783=ORIENTED_EDGE('',*,*,#1964,.T.);
#2784=ORIENTED_EDGE('',*,*,#1954,.T.);
#2785=ORIENTED_EDGE('',*,*,#1958,.T.);
#2786=ORIENTED_EDGE('',*,*,#1961,.T.);
#2787=ORIENTED_EDGE('',*,*,#1968,.T.);
#2788=ORIENTED_EDGE('',*,*,#1971,.T.);
#2789=ORIENTED_EDGE('',*,*,#1982,.T.);
#2790=ORIENTED_EDGE('',*,*,#1972,.T.);
#2791=ORIENTED_EDGE('',*,*,#1976,.T.);
#2792=ORIENTED_EDGE('',*,*,#1979,.T.);
#2793=ORIENTED_EDGE('',*,*,#1994,.T.);
#2794=ORIENTED_EDGE('',*,*,#1984,.T.);
#2795=ORIENTED_EDGE('',*,*,#1988,.T.);
#2796=ORIENTED_EDGE('',*,*,#1991,.T.);
#2797=ORIENTED_EDGE('',*,*,#1998,.T.);
#2798=ORIENTED_EDGE('',*,*,#2001,.T.);
#2799=ORIENTED_EDGE('',*,*,#2004,.T.);
#2800=ORIENTED_EDGE('',*,*,#2015,.T.);
#2801=ORIENTED_EDGE('',*,*,#2005,.T.);
#2802=ORIENTED_EDGE('',*,*,#2009,.T.);
#2803=ORIENTED_EDGE('',*,*,#2012,.T.);
#2804=ORIENTED_EDGE('',*,*,#2019,.T.);
#2805=ORIENTED_EDGE('',*,*,#2042,.T.);
#2806=ORIENTED_EDGE('',*,*,#2020,.T.);
#2807=ORIENTED_EDGE('',*,*,#2024,.T.);
#2808=ORIENTED_EDGE('',*,*,#2027,.T.);
#2809=ORIENTED_EDGE('',*,*,#2030,.T.);
#2810=ORIENTED_EDGE('',*,*,#2033,.T.);
#2811=ORIENTED_EDGE('',*,*,#2036,.T.);
#2812=ORIENTED_EDGE('',*,*,#2039,.T.);
#2813=ORIENTED_EDGE('',*,*,#2046,.T.);
#2814=ORIENTED_EDGE('',*,*,#2049,.T.);
#2815=ORIENTED_EDGE('',*,*,#2072,.T.);
#2816=ORIENTED_EDGE('',*,*,#2050,.T.);
#2817=ORIENTED_EDGE('',*,*,#2054,.T.);
#2818=ORIENTED_EDGE('',*,*,#2057,.T.);
#2819=ORIENTED_EDGE('',*,*,#2060,.T.);
#2820=ORIENTED_EDGE('',*,*,#2063,.T.);
#2821=ORIENTED_EDGE('',*,*,#2066,.T.);
#2822=ORIENTED_EDGE('',*,*,#2069,.T.);
#2823=ORIENTED_EDGE('',*,*,#2076,.T.);
#2824=ORIENTED_EDGE('',*,*,#1840,.T.);
#2825=ORIENTED_EDGE('',*,*,#1850,.T.);
#2826=ORIENTED_EDGE('',*,*,#1847,.T.);
#2827=ORIENTED_EDGE('',*,*,#1844,.T.);
#2828=ORIENTED_EDGE('',*,*,#2088,.T.);
#2829=ORIENTED_EDGE('',*,*,#2085,.T.);
#2830=ORIENTED_EDGE('',*,*,#2082,.T.);
#2831=ORIENTED_EDGE('',*,*,#2079,.T.);
#2832=ORIENTED_EDGE('',*,*,#1863,.T.);
#2833=ORIENTED_EDGE('',*,*,#1860,.T.);
#2834=ORIENTED_EDGE('',*,*,#1857,.T.);
#2835=ORIENTED_EDGE('',*,*,#1854,.T.);
#2836=ORIENTED_EDGE('',*,*,#1875,.T.);
#2837=ORIENTED_EDGE('',*,*,#1872,.T.);
#2838=ORIENTED_EDGE('',*,*,#1869,.T.);
#2839=ORIENTED_EDGE('',*,*,#1866,.T.);
#2840=ORIENTED_EDGE('',*,*,#1876,.T.);
#2841=ORIENTED_EDGE('',*,*,#1890,.T.);
#2842=ORIENTED_EDGE('',*,*,#1887,.T.);
#2843=ORIENTED_EDGE('',*,*,#1884,.T.);
#2844=ORIENTED_EDGE('',*,*,#1881,.T.);
#2845=ORIENTED_EDGE('',*,*,#1902,.T.);
#2846=ORIENTED_EDGE('',*,*,#1899,.T.);
#2847=ORIENTED_EDGE('',*,*,#1896,.T.);
#2848=ORIENTED_EDGE('',*,*,#1893,.T.);
#2849=ORIENTED_EDGE('',*,*,#1914,.T.);
#2850=ORIENTED_EDGE('',*,*,#1911,.T.);
#2851=ORIENTED_EDGE('',*,*,#1908,.T.);
#2852=ORIENTED_EDGE('',*,*,#1905,.T.);
#2853=ORIENTED_EDGE('',*,*,#1915,.T.);
#2854=ORIENTED_EDGE('',*,*,#1918,.T.);
#2855=ORIENTED_EDGE('',*,*,#1921,.T.);
#2856=ORIENTED_EDGE('',*,*,#1924,.T.);
#2857=ORIENTED_EDGE('',*,*,#1927,.T.);
#2858=ORIENTED_EDGE('',*,*,#1930,.T.);
#2859=ORIENTED_EDGE('',*,*,#1933,.T.);
#2860=ORIENTED_EDGE('',*,*,#1936,.T.);
#2861=ORIENTED_EDGE('',*,*,#1950,.T.);
#2862=ORIENTED_EDGE('',*,*,#1947,.T.);
#2863=ORIENTED_EDGE('',*,*,#1944,.T.);
#2864=ORIENTED_EDGE('',*,*,#1941,.T.);
#2865=ORIENTED_EDGE('',*,*,#1951,.T.);
#2866=ORIENTED_EDGE('',*,*,#1965,.T.);
#2867=ORIENTED_EDGE('',*,*,#1962,.T.);
#2868=ORIENTED_EDGE('',*,*,#1959,.T.);
#2869=ORIENTED_EDGE('',*,*,#1956,.T.);
#2870=ORIENTED_EDGE('',*,*,#1966,.T.);
#2871=ORIENTED_EDGE('',*,*,#1969,.T.);
#2872=ORIENTED_EDGE('',*,*,#1983,.T.);
#2873=ORIENTED_EDGE('',*,*,#1980,.T.);
#2874=ORIENTED_EDGE('',*,*,#1977,.T.);
#2875=ORIENTED_EDGE('',*,*,#1974,.T.);
#2876=ORIENTED_EDGE('',*,*,#1995,.T.);
#2877=ORIENTED_EDGE('',*,*,#1992,.T.);
#2878=ORIENTED_EDGE('',*,*,#1989,.T.);
#2879=ORIENTED_EDGE('',*,*,#1986,.T.);
#2880=ORIENTED_EDGE('',*,*,#1996,.T.);
#2881=ORIENTED_EDGE('',*,*,#1999,.T.);
#2882=ORIENTED_EDGE('',*,*,#2002,.T.);
#2883=ORIENTED_EDGE('',*,*,#2016,.T.);
#2884=ORIENTED_EDGE('',*,*,#2013,.T.);
#2885=ORIENTED_EDGE('',*,*,#2010,.T.);
#2886=ORIENTED_EDGE('',*,*,#2007,.T.);
#2887=ORIENTED_EDGE('',*,*,#2017,.T.);
#2888=ORIENTED_EDGE('',*,*,#2043,.T.);
#2889=ORIENTED_EDGE('',*,*,#2040,.T.);
#2890=ORIENTED_EDGE('',*,*,#2037,.T.);
#2891=ORIENTED_EDGE('',*,*,#2034,.T.);
#2892=ORIENTED_EDGE('',*,*,#2031,.T.);
#2893=ORIENTED_EDGE('',*,*,#2028,.T.);
#2894=ORIENTED_EDGE('',*,*,#2025,.T.);
#2895=ORIENTED_EDGE('',*,*,#2022,.T.);
#2896=ORIENTED_EDGE('',*,*,#2044,.T.);
#2897=ORIENTED_EDGE('',*,*,#2047,.T.);
#2898=ORIENTED_EDGE('',*,*,#2073,.T.);
#2899=ORIENTED_EDGE('',*,*,#2070,.T.);
#2900=ORIENTED_EDGE('',*,*,#2067,.T.);
#2901=ORIENTED_EDGE('',*,*,#2064,.T.);
#2902=ORIENTED_EDGE('',*,*,#2061,.T.);
#2903=ORIENTED_EDGE('',*,*,#2058,.T.);
#2904=ORIENTED_EDGE('',*,*,#2055,.T.);
#2905=ORIENTED_EDGE('',*,*,#2052,.T.);
#2906=ORIENTED_EDGE('',*,*,#2074,.T.);
#2907=ORIENTED_EDGE('',*,*,#1835,.T.);
#2908=ORIENTED_EDGE('',*,*,#1838,.T.);
#2909=ORIENTED_EDGE('',*,*,#1828,.T.);
#2910=ORIENTED_EDGE('',*,*,#1832,.T.);
#2911=ORIENTED_EDGE('',*,*,#1823,.T.);
#2912=ORIENTED_EDGE('',*,*,#1826,.T.);
#2913=ORIENTED_EDGE('',*,*,#1816,.T.);
#2914=ORIENTED_EDGE('',*,*,#1820,.T.);
#2915=ORIENTED_EDGE('',*,*,#1811,.T.);
#2916=ORIENTED_EDGE('',*,*,#1814,.T.);
#2917=ORIENTED_EDGE('',*,*,#1804,.T.);
#2918=ORIENTED_EDGE('',*,*,#1808,.T.);
#2919=ORIENTED_EDGE('',*,*,#1799,.T.);
#2920=ORIENTED_EDGE('',*,*,#1802,.T.);
#2921=ORIENTED_EDGE('',*,*,#1792,.T.);
#2922=ORIENTED_EDGE('',*,*,#1796,.T.);
#2923=ORIENTED_EDGE('',*,*,#1787,.T.);
#2924=ORIENTED_EDGE('',*,*,#1790,.T.);
#2925=ORIENTED_EDGE('',*,*,#1780,.T.);
#2926=ORIENTED_EDGE('',*,*,#1784,.T.);
#2927=ORIENTED_EDGE('',*,*,#1775,.T.);
#2928=ORIENTED_EDGE('',*,*,#1778,.T.);
#2929=ORIENTED_EDGE('',*,*,#1768,.T.);
#2930=ORIENTED_EDGE('',*,*,#1772,.T.);
#2931=ORIENTED_EDGE('',*,*,#1763,.T.);
#2932=ORIENTED_EDGE('',*,*,#1766,.T.);
#2933=ORIENTED_EDGE('',*,*,#1756,.T.);
#2934=ORIENTED_EDGE('',*,*,#1760,.T.);
#2935=ORIENTED_EDGE('',*,*,#1751,.T.);
#2936=ORIENTED_EDGE('',*,*,#1754,.T.);
#2937=ORIENTED_EDGE('',*,*,#1744,.T.);
#2938=ORIENTED_EDGE('',*,*,#1748,.T.);
#2939=ORIENTED_EDGE('',*,*,#1739,.T.);
#2940=ORIENTED_EDGE('',*,*,#1742,.T.);
#2941=ORIENTED_EDGE('',*,*,#1732,.T.);
#2942=ORIENTED_EDGE('',*,*,#1736,.T.);
#2943=ORIENTED_EDGE('',*,*,#1727,.T.);
#2944=ORIENTED_EDGE('',*,*,#1730,.T.);
#2945=ORIENTED_EDGE('',*,*,#1720,.T.);
#2946=ORIENTED_EDGE('',*,*,#1724,.T.);
#2947=ORIENTED_EDGE('',*,*,#1715,.T.);
#2948=ORIENTED_EDGE('',*,*,#1718,.T.);
#2949=ORIENTED_EDGE('',*,*,#1708,.T.);
#2950=ORIENTED_EDGE('',*,*,#1712,.T.);
#2951=ORIENTED_EDGE('',*,*,#1703,.T.);
#2952=ORIENTED_EDGE('',*,*,#1706,.T.);
#2953=ORIENTED_EDGE('',*,*,#1696,.T.);
#2954=ORIENTED_EDGE('',*,*,#1700,.T.);
#2955=ORIENTED_EDGE('',*,*,#1691,.T.);
#2956=ORIENTED_EDGE('',*,*,#1694,.T.);
#2957=ORIENTED_EDGE('',*,*,#1684,.T.);
#2958=ORIENTED_EDGE('',*,*,#1688,.T.);
#2959=ORIENTED_EDGE('',*,*,#1679,.T.);
#2960=ORIENTED_EDGE('',*,*,#1682,.T.);
#2961=ORIENTED_EDGE('',*,*,#1672,.T.);
#2962=ORIENTED_EDGE('',*,*,#1676,.T.);
#2963=ORIENTED_EDGE('',*,*,#1667,.T.);
#2964=ORIENTED_EDGE('',*,*,#1670,.T.);
#2965=ORIENTED_EDGE('',*,*,#1660,.T.);
#2966=ORIENTED_EDGE('',*,*,#1664,.T.);
#2967=ORIENTED_EDGE('',*,*,#1655,.T.);
#2968=ORIENTED_EDGE('',*,*,#1658,.T.);
#2969=ORIENTED_EDGE('',*,*,#1648,.T.);
#2970=ORIENTED_EDGE('',*,*,#1652,.T.);
#2971=PLANE('',#3252);
#2972=PLANE('',#3253);
#2973=PLANE('',#3254);
#2974=PLANE('',#3255);
#2975=PLANE('',#3256);
#2976=PLANE('',#3257);
#2977=PLANE('',#3258);
#2978=PLANE('',#3259);
#2979=PLANE('',#3260);
#2980=PLANE('',#3261);
#2981=PLANE('',#3262);
#2982=PLANE('',#3263);
#2983=PLANE('',#3264);
#2984=PLANE('',#3265);
#2985=PLANE('',#3266);
#2986=PLANE('',#3267);
#2987=PLANE('',#3268);
#2988=PLANE('',#3269);
#2989=PLANE('',#3270);
#2990=PLANE('',#3271);
#2991=PLANE('',#3272);
#2992=PLANE('',#3273);
#2993=PLANE('',#3274);
#2994=PLANE('',#3275);
#2995=PLANE('',#3276);
#2996=PLANE('',#3277);
#2997=PLANE('',#3278);
#2998=PLANE('',#3279);
#2999=PLANE('',#3280);
#3000=PLANE('',#3281);
#3001=PLANE('',#3282);
#3002=PLANE('',#3283);
#3003=PLANE('',#3284);
#3004=PLANE('',#3285);
#3005=PLANE('',#3286);
#3006=PLANE('',#3287);
#3007=PLANE('',#3288);
#3008=PLANE('',#3289);
#3009=PLANE('',#3290);
#3010=PLANE('',#3291);
#3011=PLANE('',#3292);
#3012=PLANE('',#3293);
#3013=PLANE('',#3294);
#3014=PLANE('',#3295);
#3015=PLANE('',#3296);
#3016=PLANE('',#3297);
#3017=PLANE('',#3298);
#3018=PLANE('',#3299);
#3019=PLANE('',#3300);
#3020=PLANE('',#3301);
#3021=PLANE('',#3302);
#3022=PLANE('',#3303);
#3023=PLANE('',#3304);
#3024=PLANE('',#3305);
#3025=PLANE('',#3306);
#3026=PLANE('',#3307);
#3027=PLANE('',#3308);
#3028=PLANE('',#3309);
#3029=PLANE('',#3310);
#3030=PLANE('',#3311);
#3031=PLANE('',#3312);
#3032=PLANE('',#3313);
#3033=PLANE('',#3314);
#3034=PLANE('',#3315);
#3035=PLANE('',#3316);
#3036=PLANE('',#3317);
#3037=PLANE('',#3318);
#3038=PLANE('',#3319);
#3039=PLANE('',#3320);
#3040=PLANE('',#3321);
#3041=PLANE('',#3322);
#3042=PLANE('',#3326);
#3043=PLANE('',#3327);
#3044=PLANE('',#3328);
#3045=PLANE('',#3329);
#3046=PLANE('',#3336);
#3047=PLANE('',#3340);
#3048=PLANE('',#3341);
#3049=PLANE('',#3345);
#3050=PLANE('',#3346);
#3051=PLANE('',#3347);
#3052=PLANE('',#3348);
#3053=PLANE('',#3352);
#3054=PLANE('',#3353);
#3055=PLANE('',#3378);
#3056=PLANE('',#3379);
#3057=PLANE('',#3383);
#3058=PLANE('',#3387);
#3059=PLANE('',#3391);
#3060=PLANE('',#3392);
#3061=PLANE('',#3399);
#3062=PLANE('',#3403);
#3063=PLANE('',#3404);
#3064=PLANE('',#3405);
#3065=PLANE('',#3409);
#3066=PLANE('',#3410);
#3067=PLANE('',#3420);
#3068=PLANE('',#3424);
#3069=PLANE('',#3425);
#3070=PLANE('',#3429);
#3071=PLANE('',#3430);
#3072=PLANE('',#3431);
#3073=PLANE('',#3435);
#3074=PLANE('',#3436);
#3075=PLANE('',#3437);
#3076=PLANE('',#3447);
#3077=PLANE('',#3448);
#3078=PLANE('',#3449);
#3079=PLANE('',#3453);
#3080=PLANE('',#3454);
#3081=PLANE('',#3455);
#3082=PLANE('',#3462);
#3083=PLANE('',#3463);
#3084=PLANE('',#3464);
#3085=PLANE('',#3465);
#3086=PLANE('',#3466);
#3087=PLANE('',#3467);
#3088=ADVANCED_FACE('',(#209),#2971,.F.);
#3089=ADVANCED_FACE('',(#210),#2972,.F.);
#3090=ADVANCED_FACE('',(#211),#2973,.F.);
#3091=ADVANCED_FACE('',(#212),#2974,.F.);
#3092=ADVANCED_FACE('',(#213),#2975,.F.);
#3093=ADVANCED_FACE('',(#214),#2976,.F.);
#3094=ADVANCED_FACE('',(#215),#2977,.F.);
#3095=ADVANCED_FACE('',(#216),#2978,.F.);
#3096=ADVANCED_FACE('',(#217),#2979,.F.);
#3097=ADVANCED_FACE('',(#218),#2980,.F.);
#3098=ADVANCED_FACE('',(#219),#2981,.F.);
#3099=ADVANCED_FACE('',(#220),#2982,.F.);
#3100=ADVANCED_FACE('',(#221),#2983,.F.);
#3101=ADVANCED_FACE('',(#222),#2984,.F.);
#3102=ADVANCED_FACE('',(#223),#2985,.F.);
#3103=ADVANCED_FACE('',(#224),#2986,.F.);
#3104=ADVANCED_FACE('',(#225),#2987,.F.);
#3105=ADVANCED_FACE('',(#226),#2988,.F.);
#3106=ADVANCED_FACE('',(#227),#2989,.F.);
#3107=ADVANCED_FACE('',(#228),#2990,.F.);
#3108=ADVANCED_FACE('',(#229),#2991,.F.);
#3109=ADVANCED_FACE('',(#230),#2992,.F.);
#3110=ADVANCED_FACE('',(#231),#2993,.F.);
#3111=ADVANCED_FACE('',(#232),#2994,.F.);
#3112=ADVANCED_FACE('',(#233),#2995,.F.);
#3113=ADVANCED_FACE('',(#234),#2996,.F.);
#3114=ADVANCED_FACE('',(#235),#2997,.F.);
#3115=ADVANCED_FACE('',(#236),#2998,.F.);
#3116=ADVANCED_FACE('',(#237),#2999,.F.);
#3117=ADVANCED_FACE('',(#238),#3000,.F.);
#3118=ADVANCED_FACE('',(#239),#3001,.F.);
#3119=ADVANCED_FACE('',(#240),#3002,.F.);
#3120=ADVANCED_FACE('',(#241),#3003,.F.);
#3121=ADVANCED_FACE('',(#242),#3004,.F.);
#3122=ADVANCED_FACE('',(#243),#3005,.F.);
#3123=ADVANCED_FACE('',(#244),#3006,.F.);
#3124=ADVANCED_FACE('',(#245),#3007,.F.);
#3125=ADVANCED_FACE('',(#246),#3008,.F.);
#3126=ADVANCED_FACE('',(#247),#3009,.F.);
#3127=ADVANCED_FACE('',(#248),#3010,.F.);
#3128=ADVANCED_FACE('',(#249),#3011,.F.);
#3129=ADVANCED_FACE('',(#250),#3012,.F.);
#3130=ADVANCED_FACE('',(#251),#3013,.F.);
#3131=ADVANCED_FACE('',(#252),#3014,.F.);
#3132=ADVANCED_FACE('',(#253),#3015,.F.);
#3133=ADVANCED_FACE('',(#254),#3016,.F.);
#3134=ADVANCED_FACE('',(#255),#3017,.F.);
#3135=ADVANCED_FACE('',(#256),#3018,.F.);
#3136=ADVANCED_FACE('',(#257),#3019,.F.);
#3137=ADVANCED_FACE('',(#258),#3020,.F.);
#3138=ADVANCED_FACE('',(#259),#3021,.F.);
#3139=ADVANCED_FACE('',(#260),#3022,.F.);
#3140=ADVANCED_FACE('',(#261),#3023,.F.);
#3141=ADVANCED_FACE('',(#262),#3024,.F.);
#3142=ADVANCED_FACE('',(#263),#3025,.F.);
#3143=ADVANCED_FACE('',(#264),#3026,.F.);
#3144=ADVANCED_FACE('',(#265),#3027,.F.);
#3145=ADVANCED_FACE('',(#266),#3028,.F.);
#3146=ADVANCED_FACE('',(#267),#3029,.F.);
#3147=ADVANCED_FACE('',(#268),#3030,.F.);
#3148=ADVANCED_FACE('',(#269),#3031,.F.);
#3149=ADVANCED_FACE('',(#270),#3032,.F.);
#3150=ADVANCED_FACE('',(#271),#3033,.F.);
#3151=ADVANCED_FACE('',(#272),#3034,.F.);
#3152=ADVANCED_FACE('',(#273),#3035,.F.);
#3153=ADVANCED_FACE('',(#274),#3036,.F.);
#3154=ADVANCED_FACE('',(#275),#3037,.F.);
#3155=ADVANCED_FACE('',(#276),#3038,.F.);
#3156=ADVANCED_FACE('',(#277,#114,#115,#116,#117,#118,#119,#120,#121,#122,
#123,#124,#125,#126,#127,#128,#129),#3039,.F.);
#3157=ADVANCED_FACE('',(#278),#3040,.T.);
#3158=ADVANCED_FACE('',(#279),#3041,.T.);
#3159=ADVANCED_FACE('',(#280),#81,.F.);
#3160=ADVANCED_FACE('',(#281),#3042,.T.);
#3161=ADVANCED_FACE('',(#282),#3043,.T.);
#3162=ADVANCED_FACE('',(#283),#3044,.T.);
#3163=ADVANCED_FACE('',(#284),#3045,.T.);
#3164=ADVANCED_FACE('',(#285),#82,.F.);
#3165=ADVANCED_FACE('',(#286),#83,.F.);
#3166=ADVANCED_FACE('',(#287),#3046,.T.);
#3167=ADVANCED_FACE('',(#288),#84,.F.);
#3168=ADVANCED_FACE('',(#289),#3047,.T.);
#3169=ADVANCED_FACE('',(#290),#3048,.T.);
#3170=ADVANCED_FACE('',(#291),#85,.F.);
#3171=ADVANCED_FACE('',(#292),#3049,.T.);
#3172=ADVANCED_FACE('',(#293),#3050,.T.);
#3173=ADVANCED_FACE('',(#294),#3051,.T.);
#3174=ADVANCED_FACE('',(#295),#3052,.T.);
#3175=ADVANCED_FACE('',(#296),#86,.F.);
#3176=ADVANCED_FACE('',(#297),#3053,.T.);
#3177=ADVANCED_FACE('',(#298),#3054,.T.);
#3178=ADVANCED_FACE('',(#299),#87,.F.);
#3179=ADVANCED_FACE('',(#300),#88,.F.);
#3180=ADVANCED_FACE('',(#301),#89,.F.);
#3181=ADVANCED_FACE('',(#302),#90,.F.);
#3182=ADVANCED_FACE('',(#303),#91,.F.);
#3183=ADVANCED_FACE('',(#304),#92,.F.);
#3184=ADVANCED_FACE('',(#305),#93,.F.);
#3185=ADVANCED_FACE('',(#306),#94,.F.);
#3186=ADVANCED_FACE('',(#307),#3055,.T.);
#3187=ADVANCED_FACE('',(#308),#3056,.T.);
#3188=ADVANCED_FACE('',(#309),#95,.F.);
#3189=ADVANCED_FACE('',(#310),#3057,.T.);
#3190=ADVANCED_FACE('',(#311),#96,.F.);
#3191=ADVANCED_FACE('',(#312),#3058,.T.);
#3192=ADVANCED_FACE('',(#313),#97,.F.);
#3193=ADVANCED_FACE('',(#314),#3059,.T.);
#3194=ADVANCED_FACE('',(#315),#3060,.T.);
#3195=ADVANCED_FACE('',(#316),#98,.F.);
#3196=ADVANCED_FACE('',(#317),#99,.F.);
#3197=ADVANCED_FACE('',(#318),#3061,.T.);
#3198=ADVANCED_FACE('',(#319),#100,.F.);
#3199=ADVANCED_FACE('',(#320),#3062,.T.);
#3200=ADVANCED_FACE('',(#321),#3063,.T.);
#3201=ADVANCED_FACE('',(#322),#3064,.T.);
#3202=ADVANCED_FACE('',(#323),#101,.F.);
#3203=ADVANCED_FACE('',(#324),#3065,.T.);
#3204=ADVANCED_FACE('',(#325),#3066,.T.);
#3205=ADVANCED_FACE('',(#326),#102,.F.);
#3206=ADVANCED_FACE('',(#327),#103,.F.);
#3207=ADVANCED_FACE('',(#328),#104,.F.);
#3208=ADVANCED_FACE('',(#329),#3067,.T.);
#3209=ADVANCED_FACE('',(#330),#105,.F.);
#3210=ADVANCED_FACE('',(#331),#3068,.T.);
#3211=ADVANCED_FACE('',(#332),#3069,.T.);
#3212=ADVANCED_FACE('',(#333),#106,.F.);
#3213=ADVANCED_FACE('',(#334),#3070,.T.);
#3214=ADVANCED_FACE('',(#335),#3071,.T.);
#3215=ADVANCED_FACE('',(#336),#3072,.T.);
#3216=ADVANCED_FACE('',(#337),#107,.F.);
#3217=ADVANCED_FACE('',(#338),#3073,.T.);
#3218=ADVANCED_FACE('',(#339),#3074,.T.);
#3219=ADVANCED_FACE('',(#340),#3075,.T.);
#3220=ADVANCED_FACE('',(#341),#108,.F.);
#3221=ADVANCED_FACE('',(#342),#109,.F.);
#3222=ADVANCED_FACE('',(#343),#110,.F.);
#3223=ADVANCED_FACE('',(#344),#3076,.T.);
#3224=ADVANCED_FACE('',(#345),#3077,.T.);
#3225=ADVANCED_FACE('',(#346),#3078,.T.);
#3226=ADVANCED_FACE('',(#347),#111,.F.);
#3227=ADVANCED_FACE('',(#348),#3079,.T.);
#3228=ADVANCED_FACE('',(#349),#3080,.T.);
#3229=ADVANCED_FACE('',(#350),#3081,.T.);
#3230=ADVANCED_FACE('',(#351),#112,.F.);
#3231=ADVANCED_FACE('',(#352),#113,.F.);
#3232=ADVANCED_FACE('',(#353),#3082,.T.);
#3233=ADVANCED_FACE('',(#354),#3083,.T.);
#3234=ADVANCED_FACE('',(#355),#3084,.T.);
#3235=ADVANCED_FACE('',(#356),#3085,.T.);
#3236=ADVANCED_FACE('',(#357,#130,#131,#132,#133,#134,#135,#136,#137,#138,
#139,#140,#141,#142,#143,#144,#145,#146,#147,#148,#149,#150,#151,#152,#153,
#154,#155,#156,#157,#158,#159,#160,#161),#3086,.T.);
#3237=ADVANCED_FACE('',(#358,#162,#163,#164,#165,#166,#167,#168,#169,#170,
#171,#172,#173,#174,#175,#176,#177,#178,#179,#180,#181,#182,#183,#184,#185,
#186,#187,#188,#189,#190,#191,#192,#193,#194,#195,#196,#197,#198,#199,#200,
#201,#202,#203,#204,#205,#206,#207,#208),#3087,.F.);
#3238=CLOSED_SHELL('',(#3088,#3089,#3090,#3091,#3092,#3093,#3094,#3095,
#3096,#3097,#3098,#3099,#3100,#3101,#3102,#3103,#3104,#3105,#3106,#3107,
#3108,#3109,#3110,#3111,#3112,#3113,#3114,#3115,#3116,#3117,#3118,#3119,
#3120,#3121,#3122,#3123,#3124,#3125,#3126,#3127,#3128,#3129,#3130,#3131,
#3132,#3133,#3134,#3135,#3136,#3137,#3138,#3139,#3140,#3141,#3142,#3143,
#3144,#3145,#3146,#3147,#3148,#3149,#3150,#3151,#3152,#3153,#3154,#3155,
#3156,#3157,#3158,#3159,#3160,#3161,#3162,#3163,#3164,#3165,#3166,#3167,
#3168,#3169,#3170,#3171,#3172,#3173,#3174,#3175,#3176,#3177,#3178,#3179,
#3180,#3181,#3182,#3183,#3184,#3185,#3186,#3187,#3188,#3189,#3190,#3191,
#3192,#3193,#3194,#3195,#3196,#3197,#3198,#3199,#3200,#3201,#3202,#3203,
#3204,#3205,#3206,#3207,#3208,#3209,#3210,#3211,#3212,#3213,#3214,#3215,
#3216,#3217,#3218,#3219,#3220,#3221,#3222,#3223,#3224,#3225,#3226,#3227,
#3228,#3229,#3230,#3231,#3232,#3233,#3234,#3235,#3236,#3237));
#3239=DERIVED_UNIT_ELEMENT(#3241,1.);
#3240=DERIVED_UNIT_ELEMENT(#5168,-3.);
#3241=(
MASS_UNIT()
NAMED_UNIT(*)
SI_UNIT(.KILO.,.GRAM.)
);
#3242=DERIVED_UNIT((#3239,#3240));
#3243=MEASURE_REPRESENTATION_ITEM('density measure',
POSITIVE_RATIO_MEASURE(7850.),#3242);
#3244=PROPERTY_DEFINITION_REPRESENTATION(#3249,#3246);
#3245=PROPERTY_DEFINITION_REPRESENTATION(#3250,#3247);
#3246=REPRESENTATION('material name',(#3248),#5165);
#3247=REPRESENTATION('density',(#3243),#5165);
#3248=DESCRIPTIVE_REPRESENTATION_ITEM('Steel','Steel');
#3249=PROPERTY_DEFINITION('material property','material name',#5175);
#3250=PROPERTY_DEFINITION('material property','density of part',#5175);
#3251=AXIS2_PLACEMENT_3D('',#4277,#3468,#3469);
#3252=AXIS2_PLACEMENT_3D('',#4278,#3470,#3471);
#3253=AXIS2_PLACEMENT_3D('',#4287,#3476,#3477);
#3254=AXIS2_PLACEMENT_3D('',#4293,#3481,#3482);
#3255=AXIS2_PLACEMENT_3D('',#4299,#3486,#3487);
#3256=AXIS2_PLACEMENT_3D('',#4302,#3490,#3491);
#3257=AXIS2_PLACEMENT_3D('',#4311,#3496,#3497);
#3258=AXIS2_PLACEMENT_3D('',#4317,#3501,#3502);
#3259=AXIS2_PLACEMENT_3D('',#4323,#3506,#3507);
#3260=AXIS2_PLACEMENT_3D('',#4326,#3510,#3511);
#3261=AXIS2_PLACEMENT_3D('',#4335,#3516,#3517);
#3262=AXIS2_PLACEMENT_3D('',#4341,#3521,#3522);
#3263=AXIS2_PLACEMENT_3D('',#4347,#3526,#3527);
#3264=AXIS2_PLACEMENT_3D('',#4350,#3530,#3531);
#3265=AXIS2_PLACEMENT_3D('',#4359,#3536,#3537);
#3266=AXIS2_PLACEMENT_3D('',#4365,#3541,#3542);
#3267=AXIS2_PLACEMENT_3D('',#4371,#3546,#3547);
#3268=AXIS2_PLACEMENT_3D('',#4374,#3550,#3551);
#3269=AXIS2_PLACEMENT_3D('',#4383,#3556,#3557);
#3270=AXIS2_PLACEMENT_3D('',#4389,#3561,#3562);
#3271=AXIS2_PLACEMENT_3D('',#4395,#3566,#3567);
#3272=AXIS2_PLACEMENT_3D('',#4398,#3570,#3571);
#3273=AXIS2_PLACEMENT_3D('',#4407,#3576,#3577);
#3274=AXIS2_PLACEMENT_3D('',#4413,#3581,#3582);
#3275=AXIS2_PLACEMENT_3D('',#4419,#3586,#3587);
#3276=AXIS2_PLACEMENT_3D('',#4422,#3590,#3591);
#3277=AXIS2_PLACEMENT_3D('',#4431,#3596,#3597);
#3278=AXIS2_PLACEMENT_3D('',#4437,#3601,#3602);
#3279=AXIS2_PLACEMENT_3D('',#4443,#3606,#3607);
#3280=AXIS2_PLACEMENT_3D('',#4446,#3610,#3611);
#3281=AXIS2_PLACEMENT_3D('',#4455,#3616,#3617);
#3282=AXIS2_PLACEMENT_3D('',#4461,#3621,#3622);
#3283=AXIS2_PLACEMENT_3D('',#4467,#3626,#3627);
#3284=AXIS2_PLACEMENT_3D('',#4470,#3630,#3631);
#3285=AXIS2_PLACEMENT_3D('',#4479,#3636,#3637);
#3286=AXIS2_PLACEMENT_3D('',#4485,#3641,#3642);
#3287=AXIS2_PLACEMENT_3D('',#4491,#3646,#3647);
#3288=AXIS2_PLACEMENT_3D('',#4494,#3650,#3651);
#3289=AXIS2_PLACEMENT_3D('',#4503,#3656,#3657);
#3290=AXIS2_PLACEMENT_3D('',#4509,#3661,#3662);
#3291=AXIS2_PLACEMENT_3D('',#4515,#3666,#3667);
#3292=AXIS2_PLACEMENT_3D('',#4518,#3670,#3671);
#3293=AXIS2_PLACEMENT_3D('',#4527,#3676,#3677);
#3294=AXIS2_PLACEMENT_3D('',#4533,#3681,#3682);
#3295=AXIS2_PLACEMENT_3D('',#4539,#3686,#3687);
#3296=AXIS2_PLACEMENT_3D('',#4542,#3690,#3691);
#3297=AXIS2_PLACEMENT_3D('',#4551,#3696,#3697);
#3298=AXIS2_PLACEMENT_3D('',#4557,#3701,#3702);
#3299=AXIS2_PLACEMENT_3D('',#4563,#3706,#3707);
#3300=AXIS2_PLACEMENT_3D('',#4566,#3710,#3711);
#3301=AXIS2_PLACEMENT_3D('',#4575,#3716,#3717);
#3302=AXIS2_PLACEMENT_3D('',#4581,#3721,#3722);
#3303=AXIS2_PLACEMENT_3D('',#4587,#3726,#3727);
#3304=AXIS2_PLACEMENT_3D('',#4590,#3730,#3731);
#3305=AXIS2_PLACEMENT_3D('',#4599,#3736,#3737);
#3306=AXIS2_PLACEMENT_3D('',#4605,#3741,#3742);
#3307=AXIS2_PLACEMENT_3D('',#4611,#3746,#3747);
#3308=AXIS2_PLACEMENT_3D('',#4614,#3750,#3751);
#3309=AXIS2_PLACEMENT_3D('',#4623,#3756,#3757);
#3310=AXIS2_PLACEMENT_3D('',#4629,#3761,#3762);
#3311=AXIS2_PLACEMENT_3D('',#4635,#3766,#3767);
#3312=AXIS2_PLACEMENT_3D('',#4638,#3770,#3771);
#3313=AXIS2_PLACEMENT_3D('',#4647,#3776,#3777);
#3314=AXIS2_PLACEMENT_3D('',#4653,#3781,#3782);
#3315=AXIS2_PLACEMENT_3D('',#4659,#3786,#3787);
#3316=AXIS2_PLACEMENT_3D('',#4662,#3790,#3791);
#3317=AXIS2_PLACEMENT_3D('',#4671,#3796,#3797);
#3318=AXIS2_PLACEMENT_3D('',#4677,#3801,#3802);
#3319=AXIS2_PLACEMENT_3D('',#4683,#3806,#3807);
#3320=AXIS2_PLACEMENT_3D('',#4686,#3810,#3811);
#3321=AXIS2_PLACEMENT_3D('',#4687,#3812,#3813);
#3322=AXIS2_PLACEMENT_3D('',#4696,#3818,#3819);
#3323=AXIS2_PLACEMENT_3D('',#4702,#3823,#3824);
#3324=AXIS2_PLACEMENT_3D('',#4704,#3825,#3826);
#3325=AXIS2_PLACEMENT_3D('',#4706,#3827,#3828);
#3326=AXIS2_PLACEMENT_3D('',#4708,#3830,#3831);
#3327=AXIS2_PLACEMENT_3D('',#4711,#3834,#3835);
#3328=AXIS2_PLACEMENT_3D('',#4720,#3840,#3841);
#3329=AXIS2_PLACEMENT_3D('',#4726,#3845,#3846);
#3330=AXIS2_PLACEMENT_3D('',#4732,#3850,#3851);
#3331=AXIS2_PLACEMENT_3D('',#4733,#3852,#3853);
#3332=AXIS2_PLACEMENT_3D('',#4734,#3854,#3855);
#3333=AXIS2_PLACEMENT_3D('',#4735,#3856,#3857);
#3334=AXIS2_PLACEMENT_3D('',#4737,#3858,#3859);
#3335=AXIS2_PLACEMENT_3D('',#4740,#3861,#3862);
#3336=AXIS2_PLACEMENT_3D('',#4741,#3863,#3864);
#3337=AXIS2_PLACEMENT_3D('',#4750,#3869,#3870);
#3338=AXIS2_PLACEMENT_3D('',#4752,#3871,#3872);
#3339=AXIS2_PLACEMENT_3D('',#4754,#3873,#3874);
#3340=AXIS2_PLACEMENT_3D('',#4756,#3876,#3877);
#3341=AXIS2_PLACEMENT_3D('',#4762,#3881,#3882);
#3342=AXIS2_PLACEMENT_3D('',#4765,#3885,#3886);
#3343=AXIS2_PLACEMENT_3D('',#4768,#3887,#3888);
#3344=AXIS2_PLACEMENT_3D('',#4772,#3890,#3891);
#3345=AXIS2_PLACEMENT_3D('',#4774,#3893,#3894);
#3346=AXIS2_PLACEMENT_3D('',#4780,#3898,#3899);
#3347=AXIS2_PLACEMENT_3D('',#4786,#3903,#3904);
#3348=AXIS2_PLACEMENT_3D('',#4789,#3907,#3908);
#3349=AXIS2_PLACEMENT_3D('',#4798,#3913,#3914);
#3350=AXIS2_PLACEMENT_3D('',#4800,#3915,#3916);
#3351=AXIS2_PLACEMENT_3D('',#4802,#3917,#3918);
#3352=AXIS2_PLACEMENT_3D('',#4804,#3920,#3921);
#3353=AXIS2_PLACEMENT_3D('',#4810,#3925,#3926);
#3354=AXIS2_PLACEMENT_3D('',#4813,#3929,#3930);
#3355=AXIS2_PLACEMENT_3D('',#4815,#3931,#3932);
#3356=AXIS2_PLACEMENT_3D('',#4818,#3934,#3935);
#3357=AXIS2_PLACEMENT_3D('',#4819,#3936,#3937);
#3358=AXIS2_PLACEMENT_3D('',#4821,#3938,#3939);
#3359=AXIS2_PLACEMENT_3D('',#4824,#3941,#3942);
#3360=AXIS2_PLACEMENT_3D('',#4825,#3943,#3944);
#3361=AXIS2_PLACEMENT_3D('',#4827,#3945,#3946);
#3362=AXIS2_PLACEMENT_3D('',#4830,#3948,#3949);
#3363=AXIS2_PLACEMENT_3D('',#4831,#3950,#3951);
#3364=AXIS2_PLACEMENT_3D('',#4833,#3952,#3953);
#3365=AXIS2_PLACEMENT_3D('',#4836,#3955,#3956);
#3366=AXIS2_PLACEMENT_3D('',#4837,#3957,#3958);
#3367=AXIS2_PLACEMENT_3D('',#4839,#3959,#3960);
#3368=AXIS2_PLACEMENT_3D('',#4842,#3962,#3963);
#3369=AXIS2_PLACEMENT_3D('',#4843,#3964,#3965);
#3370=AXIS2_PLACEMENT_3D('',#4845,#3966,#3967);
#3371=AXIS2_PLACEMENT_3D('',#4848,#3969,#3970);
#3372=AXIS2_PLACEMENT_3D('',#4849,#3971,#3972);
#3373=AXIS2_PLACEMENT_3D('',#4851,#3973,#3974);
#3374=AXIS2_PLACEMENT_3D('',#4854,#3976,#3977);
#3375=AXIS2_PLACEMENT_3D('',#4855,#3978,#3979);
#3376=AXIS2_PLACEMENT_3D('',#4857,#3980,#3981);
#3377=AXIS2_PLACEMENT_3D('',#4860,#3983,#3984);
#3378=AXIS2_PLACEMENT_3D('',#4861,#3985,#3986);
#3379=AXIS2_PLACEMENT_3D('',#4870,#3991,#3992);
#3380=AXIS2_PLACEMENT_3D('',#4876,#3996,#3997);
#3381=AXIS2_PLACEMENT_3D('',#4878,#3998,#3999);
#3382=AXIS2_PLACEMENT_3D('',#4880,#4000,#4001);
#3383=AXIS2_PLACEMENT_3D('',#4882,#4003,#4004);
#3384=AXIS2_PLACEMENT_3D('',#4885,#4007,#4008);
#3385=AXIS2_PLACEMENT_3D('',#4887,#4009,#4010);
#3386=AXIS2_PLACEMENT_3D('',#4890,#4012,#4013);
#3387=AXIS2_PLACEMENT_3D('',#4891,#4014,#4015);
#3388=AXIS2_PLACEMENT_3D('',#4900,#4020,#4021);
#3389=AXIS2_PLACEMENT_3D('',#4902,#4022,#4023);
#3390=AXIS2_PLACEMENT_3D('',#4904,#4024,#4025);
#3391=AXIS2_PLACEMENT_3D('',#4906,#4027,#4028);
#3392=AXIS2_PLACEMENT_3D('',#4912,#4032,#4033);
#3393=AXIS2_PLACEMENT_3D('',#4915,#4036,#4037);
#3394=AXIS2_PLACEMENT_3D('',#4917,#4038,#4039);
#3395=AXIS2_PLACEMENT_3D('',#4920,#4041,#4042);
#3396=AXIS2_PLACEMENT_3D('',#4921,#4043,#4044);
#3397=AXIS2_PLACEMENT_3D('',#4923,#4045,#4046);
#3398=AXIS2_PLACEMENT_3D('',#4926,#4048,#4049);
#3399=AXIS2_PLACEMENT_3D('',#4927,#4050,#4051);
#3400=AXIS2_PLACEMENT_3D('',#4936,#4056,#4057);
#3401=AXIS2_PLACEMENT_3D('',#4938,#4058,#4059);
#3402=AXIS2_PLACEMENT_3D('',#4940,#4060,#4061);
#3403=AXIS2_PLACEMENT_3D('',#4942,#4063,#4064);
#3404=AXIS2_PLACEMENT_3D('',#4948,#4068,#4069);
#3405=AXIS2_PLACEMENT_3D('',#4951,#4072,#4073);
#3406=AXIS2_PLACEMENT_3D('',#4960,#4078,#4079);
#3407=AXIS2_PLACEMENT_3D('',#4962,#4080,#4081);
#3408=AXIS2_PLACEMENT_3D('',#4964,#4082,#4083);
#3409=AXIS2_PLACEMENT_3D('',#4966,#4085,#4086);
#3410=AXIS2_PLACEMENT_3D('',#4972,#4090,#4091);
#3411=AXIS2_PLACEMENT_3D('',#4975,#4094,#4095);
#3412=AXIS2_PLACEMENT_3D('',#4977,#4096,#4097);
#3413=AXIS2_PLACEMENT_3D('',#4980,#4099,#4100);
#3414=AXIS2_PLACEMENT_3D('',#4981,#4101,#4102);
#3415=AXIS2_PLACEMENT_3D('',#4983,#4103,#4104);
#3416=AXIS2_PLACEMENT_3D('',#4986,#4106,#4107);
#3417=AXIS2_PLACEMENT_3D('',#4987,#4108,#4109);
#3418=AXIS2_PLACEMENT_3D('',#4989,#4110,#4111);
#3419=AXIS2_PLACEMENT_3D('',#4992,#4113,#4114);
#3420=AXIS2_PLACEMENT_3D('',#4993,#4115,#4116);
#3421=AXIS2_PLACEMENT_3D('',#5002,#4121,#4122);
#3422=AXIS2_PLACEMENT_3D('',#5004,#4123,#4124);
#3423=AXIS2_PLACEMENT_3D('',#5006,#4125,#4126);
#3424=AXIS2_PLACEMENT_3D('',#5008,#4128,#4129);
#3425=AXIS2_PLACEMENT_3D('',#5014,#4133,#4134);
#3426=AXIS2_PLACEMENT_3D('',#5017,#4137,#4138);
#3427=AXIS2_PLACEMENT_3D('',#5019,#4139,#4140);
#3428=AXIS2_PLACEMENT_3D('',#5022,#4142,#4143);
#3429=AXIS2_PLACEMENT_3D('',#5023,#4144,#4145);
#3430=AXIS2_PLACEMENT_3D('',#5032,#4150,#4151);
#3431=AXIS2_PLACEMENT_3D('',#5038,#4155,#4156);
#3432=AXIS2_PLACEMENT_3D('',#5044,#4160,#4161);
#3433=AXIS2_PLACEMENT_3D('',#5046,#4162,#4163);
#3434=AXIS2_PLACEMENT_3D('',#5048,#4164,#4165);
#3435=AXIS2_PLACEMENT_3D('',#5050,#4167,#4168);
#3436=AXIS2_PLACEMENT_3D('',#5056,#4172,#4173);
#3437=AXIS2_PLACEMENT_3D('',#5062,#4177,#4178);
#3438=AXIS2_PLACEMENT_3D('',#5068,#4182,#4183);
#3439=AXIS2_PLACEMENT_3D('',#5069,#4184,#4185);
#3440=AXIS2_PLACEMENT_3D('',#5070,#4186,#4187);
#3441=AXIS2_PLACEMENT_3D('',#5071,#4188,#4189);
#3442=AXIS2_PLACEMENT_3D('',#5073,#4190,#4191);
#3443=AXIS2_PLACEMENT_3D('',#5076,#4193,#4194);
#3444=AXIS2_PLACEMENT_3D('',#5077,#4195,#4196);
#3445=AXIS2_PLACEMENT_3D('',#5079,#4197,#4198);
#3446=AXIS2_PLACEMENT_3D('',#5082,#4200,#4201);
#3447=AXIS2_PLACEMENT_3D('',#5083,#4202,#4203);
#3448=AXIS2_PLACEMENT_3D('',#5092,#4208,#4209);
#3449=AXIS2_PLACEMENT_3D('',#5098,#4213,#4214);
#3450=AXIS2_PLACEMENT_3D('',#5104,#4218,#4219);
#3451=AXIS2_PLACEMENT_3D('',#5106,#4220,#4221);
#3452=AXIS2_PLACEMENT_3D('',#5108,#4222,#4223);
#3453=AXIS2_PLACEMENT_3D('',#5110,#4225,#4226);
#3454=AXIS2_PLACEMENT_3D('',#5116,#4230,#4231);
#3455=AXIS2_PLACEMENT_3D('',#5122,#4235,#4236);
#3456=AXIS2_PLACEMENT_3D('',#5128,#4240,#4241);
#3457=AXIS2_PLACEMENT_3D('',#5129,#4242,#4243);
#3458=AXIS2_PLACEMENT_3D('',#5130,#4244,#4245);
#3459=AXIS2_PLACEMENT_3D('',#5131,#4246,#4247);
#3460=AXIS2_PLACEMENT_3D('',#5133,#4248,#4249);
#3461=AXIS2_PLACEMENT_3D('',#5136,#4251,#4252);
#3462=AXIS2_PLACEMENT_3D('',#5137,#4253,#4254);
#3463=AXIS2_PLACEMENT_3D('',#5146,#4259,#4260);
#3464=AXIS2_PLACEMENT_3D('',#5152,#4264,#4265);
#3465=AXIS2_PLACEMENT_3D('',#5158,#4269,#4270);
#3466=AXIS2_PLACEMENT_3D('',#5161,#4273,#4274);
#3467=AXIS2_PLACEMENT_3D('',#5162,#4275,#4276);
#3468=DIRECTION('axis',(0.,0.,1.));
#3469=DIRECTION('refdir',(1.,0.,0.));
#3470=DIRECTION('center_axis',(0.,0.,1.));
#3471=DIRECTION('ref_axis',(-1.,0.,0.));
#3472=DIRECTION('',(1.,0.,0.));
#3473=DIRECTION('',(0.,-1.,0.));
#3474=DIRECTION('',(1.,0.,0.));
#3475=DIRECTION('',(0.,-1.,0.));
#3476=DIRECTION('center_axis',(1.,0.,0.));
#3477=DIRECTION('ref_axis',(0.,0.,1.));
#3478=DIRECTION('',(0.,0.,-1.));
#3479=DIRECTION('',(0.,0.,-1.));
#3480=DIRECTION('',(0.,-1.,0.));
#3481=DIRECTION('center_axis',(0.,0.,-1.));
#3482=DIRECTION('ref_axis',(1.,0.,0.));
#3483=DIRECTION('',(-1.,0.,0.));
#3484=DIRECTION('',(-1.,0.,0.));
#3485=DIRECTION('',(0.,-1.,0.));
#3486=DIRECTION('center_axis',(-1.,0.,0.));
#3487=DIRECTION('ref_axis',(0.,0.,-1.));
#3488=DIRECTION('',(0.,0.,1.));
#3489=DIRECTION('',(0.,0.,1.));
#3490=DIRECTION('center_axis',(0.,0.,1.));
#3491=DIRECTION('ref_axis',(-1.,0.,0.));
#3492=DIRECTION('',(1.,0.,0.));
#3493=DIRECTION('',(0.,-1.,0.));
#3494=DIRECTION('',(1.,0.,0.));
#3495=DIRECTION('',(0.,-1.,0.));
#3496=DIRECTION('center_axis',(1.,0.,0.));
#3497=DIRECTION('ref_axis',(0.,0.,1.));
#3498=DIRECTION('',(0.,0.,-1.));
#3499=DIRECTION('',(0.,0.,-1.));
#3500=DIRECTION('',(0.,-1.,0.));
#3501=DIRECTION('center_axis',(0.,0.,-1.));
#3502=DIRECTION('ref_axis',(1.,0.,0.));
#3503=DIRECTION('',(-1.,0.,0.));
#3504=DIRECTION('',(-1.,0.,0.));
#3505=DIRECTION('',(0.,-1.,0.));
#3506=DIRECTION('center_axis',(-1.,0.,0.));
#3507=DIRECTION('ref_axis',(0.,0.,-1.));
#3508=DIRECTION('',(0.,0.,1.));
#3509=DIRECTION('',(0.,0.,1.));
#3510=DIRECTION('center_axis',(0.,0.,1.));
#3511=DIRECTION('ref_axis',(-1.,0.,0.));
#3512=DIRECTION('',(1.,0.,0.));
#3513=DIRECTION('',(0.,-1.,0.));
#3514=DIRECTION('',(1.,0.,0.));
#3515=DIRECTION('',(0.,-1.,0.));
#3516=DIRECTION('center_axis',(1.,0.,0.));
#3517=DIRECTION('ref_axis',(0.,0.,1.));
#3518=DIRECTION('',(0.,0.,-1.));
#3519=DIRECTION('',(0.,0.,-1.));
#3520=DIRECTION('',(0.,-1.,0.));
#3521=DIRECTION('center_axis',(0.,0.,-1.));
#3522=DIRECTION('ref_axis',(1.,0.,0.));
#3523=DIRECTION('',(-1.,0.,0.));
#3524=DIRECTION('',(-1.,0.,0.));
#3525=DIRECTION('',(0.,-1.,0.));
#3526=DIRECTION('center_axis',(-1.,0.,0.));
#3527=DIRECTION('ref_axis',(0.,0.,-1.));
#3528=DIRECTION('',(0.,0.,1.));
#3529=DIRECTION('',(0.,0.,1.));
#3530=DIRECTION('center_axis',(0.,0.,1.));
#3531=DIRECTION('ref_axis',(-1.,0.,0.));
#3532=DIRECTION('',(1.,0.,0.));
#3533=DIRECTION('',(0.,-1.,0.));
#3534=DIRECTION('',(1.,0.,0.));
#3535=DIRECTION('',(0.,-1.,0.));
#3536=DIRECTION('center_axis',(1.,0.,0.));
#3537=DIRECTION('ref_axis',(0.,0.,1.));
#3538=DIRECTION('',(0.,0.,-1.));
#3539=DIRECTION('',(0.,0.,-1.));
#3540=DIRECTION('',(0.,-1.,0.));
#3541=DIRECTION('center_axis',(0.,0.,-1.));
#3542=DIRECTION('ref_axis',(1.,0.,0.));
#3543=DIRECTION('',(-1.,0.,0.));
#3544=DIRECTION('',(-1.,0.,0.));
#3545=DIRECTION('',(0.,-1.,0.));
#3546=DIRECTION('center_axis',(-1.,0.,0.));
#3547=DIRECTION('ref_axis',(0.,0.,-1.));
#3548=DIRECTION('',(0.,0.,1.));
#3549=DIRECTION('',(0.,0.,1.));
#3550=DIRECTION('center_axis',(0.,0.,1.));
#3551=DIRECTION('ref_axis',(-1.,0.,0.));
#3552=DIRECTION('',(1.,0.,0.));
#3553=DIRECTION('',(0.,-1.,0.));
#3554=DIRECTION('',(1.,0.,0.));
#3555=DIRECTION('',(0.,-1.,0.));
#3556=DIRECTION('center_axis',(1.,0.,0.));
#3557=DIRECTION('ref_axis',(0.,0.,1.));
#3558=DIRECTION('',(0.,0.,-1.));
#3559=DIRECTION('',(0.,0.,-1.));
#3560=DIRECTION('',(0.,-1.,0.));
#3561=DIRECTION('center_axis',(0.,0.,-1.));
#3562=DIRECTION('ref_axis',(1.,0.,0.));
#3563=DIRECTION('',(-1.,0.,0.));
#3564=DIRECTION('',(-1.,0.,0.));
#3565=DIRECTION('',(0.,-1.,0.));
#3566=DIRECTION('center_axis',(-1.,0.,0.));
#3567=DIRECTION('ref_axis',(0.,0.,-1.));
#3568=DIRECTION('',(0.,0.,1.));
#3569=DIRECTION('',(0.,0.,1.));
#3570=DIRECTION('center_axis',(0.,0.,1.));
#3571=DIRECTION('ref_axis',(-1.,0.,0.));
#3572=DIRECTION('',(1.,0.,0.));
#3573=DIRECTION('',(0.,-1.,0.));
#3574=DIRECTION('',(1.,0.,0.));
#3575=DIRECTION('',(0.,-1.,0.));
#3576=DIRECTION('center_axis',(1.,0.,0.));
#3577=DIRECTION('ref_axis',(0.,0.,1.));
#3578=DIRECTION('',(0.,0.,-1.));
#3579=DIRECTION('',(0.,0.,-1.));
#3580=DIRECTION('',(0.,-1.,0.));
#3581=DIRECTION('center_axis',(0.,0.,-1.));
#3582=DIRECTION('ref_axis',(1.,0.,0.));
#3583=DIRECTION('',(-1.,0.,0.));
#3584=DIRECTION('',(-1.,0.,0.));
#3585=DIRECTION('',(0.,-1.,0.));
#3586=DIRECTION('center_axis',(-1.,0.,0.));
#3587=DIRECTION('ref_axis',(0.,0.,-1.));
#3588=DIRECTION('',(0.,0.,1.));
#3589=DIRECTION('',(0.,0.,1.));
#3590=DIRECTION('center_axis',(0.,0.,1.));
#3591=DIRECTION('ref_axis',(-1.,0.,0.));
#3592=DIRECTION('',(1.,0.,0.));
#3593=DIRECTION('',(0.,-1.,0.));
#3594=DIRECTION('',(1.,0.,0.));
#3595=DIRECTION('',(0.,-1.,0.));
#3596=DIRECTION('center_axis',(1.,0.,0.));
#3597=DIRECTION('ref_axis',(0.,0.,1.));
#3598=DIRECTION('',(0.,0.,-1.));
#3599=DIRECTION('',(0.,0.,-1.));
#3600=DIRECTION('',(0.,-1.,0.));
#3601=DIRECTION('center_axis',(0.,0.,-1.));
#3602=DIRECTION('ref_axis',(1.,0.,0.));
#3603=DIRECTION('',(-1.,0.,0.));
#3604=DIRECTION('',(-1.,0.,0.));
#3605=DIRECTION('',(0.,-1.,0.));
#3606=DIRECTION('center_axis',(-1.,0.,0.));
#3607=DIRECTION('ref_axis',(0.,0.,-1.));
#3608=DIRECTION('',(0.,0.,1.));
#3609=DIRECTION('',(0.,0.,1.));
#3610=DIRECTION('center_axis',(0.,0.,1.));
#3611=DIRECTION('ref_axis',(-1.,0.,0.));
#3612=DIRECTION('',(1.,0.,0.));
#3613=DIRECTION('',(0.,-1.,0.));
#3614=DIRECTION('',(1.,0.,0.));
#3615=DIRECTION('',(0.,-1.,0.));
#3616=DIRECTION('center_axis',(1.,0.,0.));
#3617=DIRECTION('ref_axis',(0.,0.,1.));
#3618=DIRECTION('',(0.,0.,-1.));
#3619=DIRECTION('',(0.,0.,-1.));
#3620=DIRECTION('',(0.,-1.,0.));
#3621=DIRECTION('center_axis',(0.,0.,-1.));
#3622=DIRECTION('ref_axis',(1.,0.,0.));
#3623=DIRECTION('',(-1.,0.,0.));
#3624=DIRECTION('',(-1.,0.,0.));
#3625=DIRECTION('',(0.,-1.,0.));
#3626=DIRECTION('center_axis',(-1.,0.,0.));
#3627=DIRECTION('ref_axis',(0.,0.,-1.));
#3628=DIRECTION('',(0.,0.,1.));
#3629=DIRECTION('',(0.,0.,1.));
#3630=DIRECTION('center_axis',(0.,0.,1.));
#3631=DIRECTION('ref_axis',(-1.,0.,0.));
#3632=DIRECTION('',(1.,0.,0.));
#3633=DIRECTION('',(0.,-1.,0.));
#3634=DIRECTION('',(1.,0.,0.));
#3635=DIRECTION('',(0.,-1.,0.));
#3636=DIRECTION('center_axis',(1.,0.,0.));
#3637=DIRECTION('ref_axis',(0.,0.,1.));
#3638=DIRECTION('',(0.,0.,-1.));
#3639=DIRECTION('',(0.,0.,-1.));
#3640=DIRECTION('',(0.,-1.,0.));
#3641=DIRECTION('center_axis',(0.,0.,-1.));
#3642=DIRECTION('ref_axis',(1.,0.,0.));
#3643=DIRECTION('',(-1.,0.,0.));
#3644=DIRECTION('',(-1.,0.,0.));
#3645=DIRECTION('',(0.,-1.,0.));
#3646=DIRECTION('center_axis',(-1.,0.,0.));
#3647=DIRECTION('ref_axis',(0.,0.,-1.));
#3648=DIRECTION('',(0.,0.,1.));
#3649=DIRECTION('',(0.,0.,1.));
#3650=DIRECTION('center_axis',(0.,0.,1.));
#3651=DIRECTION('ref_axis',(-1.,0.,0.));
#3652=DIRECTION('',(1.,0.,0.));
#3653=DIRECTION('',(0.,-1.,0.));
#3654=DIRECTION('',(1.,0.,0.));
#3655=DIRECTION('',(0.,-1.,0.));
#3656=DIRECTION('center_axis',(1.,0.,0.));
#3657=DIRECTION('ref_axis',(0.,0.,1.));
#3658=DIRECTION('',(0.,0.,-1.));
#3659=DIRECTION('',(0.,0.,-1.));
#3660=DIRECTION('',(0.,-1.,0.));
#3661=DIRECTION('center_axis',(0.,0.,-1.));
#3662=DIRECTION('ref_axis',(1.,0.,0.));
#3663=DIRECTION('',(-1.,0.,0.));
#3664=DIRECTION('',(-1.,0.,0.));
#3665=DIRECTION('',(0.,-1.,0.));
#3666=DIRECTION('center_axis',(-1.,0.,0.));
#3667=DIRECTION('ref_axis',(0.,0.,-1.));
#3668=DIRECTION('',(0.,0.,1.));
#3669=DIRECTION('',(0.,0.,1.));
#3670=DIRECTION('center_axis',(0.,0.,1.));
#3671=DIRECTION('ref_axis',(-1.,0.,0.));
#3672=DIRECTION('',(1.,0.,0.));
#3673=DIRECTION('',(0.,-1.,0.));
#3674=DIRECTION('',(1.,0.,0.));
#3675=DIRECTION('',(0.,-1.,0.));
#3676=DIRECTION('center_axis',(1.,0.,0.));
#3677=DIRECTION('ref_axis',(0.,0.,1.));
#3678=DIRECTION('',(0.,0.,-1.));
#3679=DIRECTION('',(0.,0.,-1.));
#3680=DIRECTION('',(0.,-1.,0.));
#3681=DIRECTION('center_axis',(0.,0.,-1.));
#3682=DIRECTION('ref_axis',(1.,0.,0.));
#3683=DIRECTION('',(-1.,0.,0.));
#3684=DIRECTION('',(-1.,0.,0.));
#3685=DIRECTION('',(0.,-1.,0.));
#3686=DIRECTION('center_axis',(-1.,0.,0.));
#3687=DIRECTION('ref_axis',(0.,0.,-1.));
#3688=DIRECTION('',(0.,0.,1.));
#3689=DIRECTION('',(0.,0.,1.));
#3690=DIRECTION('center_axis',(0.,0.,1.));
#3691=DIRECTION('ref_axis',(-1.,0.,0.));
#3692=DIRECTION('',(1.,0.,0.));
#3693=DIRECTION('',(0.,-1.,0.));
#3694=DIRECTION('',(1.,0.,0.));
#3695=DIRECTION('',(0.,-1.,0.));
#3696=DIRECTION('center_axis',(1.,0.,0.));
#3697=DIRECTION('ref_axis',(0.,0.,1.));
#3698=DIRECTION('',(0.,0.,-1.));
#3699=DIRECTION('',(0.,0.,-1.));
#3700=DIRECTION('',(0.,-1.,0.));
#3701=DIRECTION('center_axis',(0.,0.,-1.));
#3702=DIRECTION('ref_axis',(1.,0.,0.));
#3703=DIRECTION('',(-1.,0.,0.));
#3704=DIRECTION('',(-1.,0.,0.));
#3705=DIRECTION('',(0.,-1.,0.));
#3706=DIRECTION('center_axis',(-1.,0.,0.));
#3707=DIRECTION('ref_axis',(0.,0.,-1.));
#3708=DIRECTION('',(0.,0.,1.));
#3709=DIRECTION('',(0.,0.,1.));
#3710=DIRECTION('center_axis',(0.,0.,1.));
#3711=DIRECTION('ref_axis',(-1.,0.,0.));
#3712=DIRECTION('',(1.,0.,0.));
#3713=DIRECTION('',(0.,-1.,0.));
#3714=DIRECTION('',(1.,0.,0.));
#3715=DIRECTION('',(0.,-1.,0.));
#3716=DIRECTION('center_axis',(1.,0.,0.));
#3717=DIRECTION('ref_axis',(0.,0.,1.));
#3718=DIRECTION('',(0.,0.,-1.));
#3719=DIRECTION('',(0.,0.,-1.));
#3720=DIRECTION('',(0.,-1.,0.));
#3721=DIRECTION('center_axis',(0.,0.,-1.));
#3722=DIRECTION('ref_axis',(1.,0.,0.));
#3723=DIRECTION('',(-1.,0.,0.));
#3724=DIRECTION('',(-1.,0.,0.));
#3725=DIRECTION('',(0.,-1.,0.));
#3726=DIRECTION('center_axis',(-1.,0.,0.));
#3727=DIRECTION('ref_axis',(0.,0.,-1.));
#3728=DIRECTION('',(0.,0.,1.));
#3729=DIRECTION('',(0.,0.,1.));
#3730=DIRECTION('center_axis',(0.,0.,1.));
#3731=DIRECTION('ref_axis',(-1.,0.,0.));
#3732=DIRECTION('',(1.,0.,0.));
#3733=DIRECTION('',(0.,-1.,0.));
#3734=DIRECTION('',(1.,0.,0.));
#3735=DIRECTION('',(0.,-1.,0.));
#3736=DIRECTION('center_axis',(1.,0.,0.));
#3737=DIRECTION('ref_axis',(0.,0.,1.));
#3738=DIRECTION('',(0.,0.,-1.));
#3739=DIRECTION('',(0.,0.,-1.));
#3740=DIRECTION('',(0.,-1.,0.));
#3741=DIRECTION('center_axis',(0.,0.,-1.));
#3742=DIRECTION('ref_axis',(1.,0.,0.));
#3743=DIRECTION('',(-1.,0.,0.));
#3744=DIRECTION('',(-1.,0.,0.));
#3745=DIRECTION('',(0.,-1.,0.));
#3746=DIRECTION('center_axis',(-1.,0.,0.));
#3747=DIRECTION('ref_axis',(0.,0.,-1.));
#3748=DIRECTION('',(0.,0.,1.));
#3749=DIRECTION('',(0.,0.,1.));
#3750=DIRECTION('center_axis',(0.,0.,1.));
#3751=DIRECTION('ref_axis',(-1.,0.,0.));
#3752=DIRECTION('',(1.,0.,0.));
#3753=DIRECTION('',(0.,-1.,0.));
#3754=DIRECTION('',(1.,0.,0.));
#3755=DIRECTION('',(0.,-1.,0.));
#3756=DIRECTION('center_axis',(1.,0.,0.));
#3757=DIRECTION('ref_axis',(0.,0.,1.));
#3758=DIRECTION('',(0.,0.,-1.));
#3759=DIRECTION('',(0.,0.,-1.));
#3760=DIRECTION('',(0.,-1.,0.));
#3761=DIRECTION('center_axis',(0.,0.,-1.));
#3762=DIRECTION('ref_axis',(1.,0.,0.));
#3763=DIRECTION('',(-1.,0.,0.));
#3764=DIRECTION('',(-1.,0.,0.));
#3765=DIRECTION('',(0.,-1.,0.));
#3766=DIRECTION('center_axis',(-1.,0.,0.));
#3767=DIRECTION('ref_axis',(0.,0.,-1.));
#3768=DIRECTION('',(0.,0.,1.));
#3769=DIRECTION('',(0.,0.,1.));
#3770=DIRECTION('center_axis',(-1.,0.,0.));
#3771=DIRECTION('ref_axis',(0.,0.,-1.));
#3772=DIRECTION('',(0.,0.,1.));
#3773=DIRECTION('',(0.,-1.,0.));
#3774=DIRECTION('',(0.,0.,1.));
#3775=DIRECTION('',(0.,-1.,0.));
#3776=DIRECTION('center_axis',(0.,0.,1.));
#3777=DIRECTION('ref_axis',(-1.,0.,0.));
#3778=DIRECTION('',(1.,0.,0.));
#3779=DIRECTION('',(1.,0.,0.));
#3780=DIRECTION('',(0.,-1.,0.));
#3781=DIRECTION('center_axis',(1.,0.,0.));
#3782=DIRECTION('ref_axis',(0.,0.,1.));
#3783=DIRECTION('',(0.,0.,-1.));
#3784=DIRECTION('',(0.,0.,-1.));
#3785=DIRECTION('',(0.,-1.,0.));
#3786=DIRECTION('center_axis',(0.,0.,-1.));
#3787=DIRECTION('ref_axis',(1.,0.,0.));
#3788=DIRECTION('',(-1.,0.,0.));
#3789=DIRECTION('',(-1.,0.,0.));
#3790=DIRECTION('center_axis',(1.,0.,0.));
#3791=DIRECTION('ref_axis',(0.,0.,1.));
#3792=DIRECTION('',(0.,0.,1.));
#3793=DIRECTION('',(0.,-1.,0.));
#3794=DIRECTION('',(0.,0.,1.));
#3795=DIRECTION('',(0.,-1.,0.));
#3796=DIRECTION('center_axis',(0.,0.,-1.));
#3797=DIRECTION('ref_axis',(1.,0.,0.));
#3798=DIRECTION('',(1.,0.,0.));
#3799=DIRECTION('',(0.,-1.,0.));
#3800=DIRECTION('',(1.,0.,0.));
#3801=DIRECTION('center_axis',(-1.,0.,0.));
#3802=DIRECTION('ref_axis',(0.,0.,-1.));
#3803=DIRECTION('',(0.,0.,-1.));
#3804=DIRECTION('',(0.,-1.,0.));
#3805=DIRECTION('',(0.,0.,-1.));
#3806=DIRECTION('center_axis',(0.,0.,1.));
#3807=DIRECTION('ref_axis',(-1.,0.,0.));
#3808=DIRECTION('',(-1.,0.,0.));
#3809=DIRECTION('',(-1.,0.,0.));
#3810=DIRECTION('center_axis',(0.,-1.,0.));
#3811=DIRECTION('ref_axis',(0.,0.,-1.));
#3812=DIRECTION('center_axis',(0.,0.,1.));
#3813=DIRECTION('ref_axis',(-1.,0.,0.));
#3814=DIRECTION('',(1.,0.,0.));
#3815=DIRECTION('',(0.,-1.,0.));
#3816=DIRECTION('',(-1.,0.,0.));
#3817=DIRECTION('',(0.,-1.,0.));
#3818=DIRECTION('center_axis',(-1.,0.,0.));
#3819=DIRECTION('ref_axis',(0.,0.,-1.));
#3820=DIRECTION('',(0.,0.,1.));
#3821=DIRECTION('',(0.,0.,-1.));
#3822=DIRECTION('',(0.,-1.,0.));
#3823=DIRECTION('center_axis',(0.,-1.,0.));
#3824=DIRECTION('ref_axis',(2.28167838920768E-15,0.,1.));
#3825=DIRECTION('center_axis',(0.,-1.,0.));
#3826=DIRECTION('ref_axis',(1.,0.,0.));
#3827=DIRECTION('center_axis',(0.,1.,0.));
#3828=DIRECTION('ref_axis',(1.,0.,0.));
#3829=DIRECTION('',(0.,-1.,0.));
#3830=DIRECTION('center_axis',(1.,0.,0.));
#3831=DIRECTION('ref_axis',(0.,0.,1.));
#3832=DIRECTION('',(0.,0.,-1.));
#3833=DIRECTION('',(0.,0.,1.));
#3834=DIRECTION('center_axis',(0.,0.,1.));
#3835=DIRECTION('ref_axis',(-1.,0.,0.));
#3836=DIRECTION('',(1.,0.,0.));
#3837=DIRECTION('',(0.,-1.,0.));
#3838=DIRECTION('',(-1.,0.,0.));
#3839=DIRECTION('',(0.,-1.,0.));
#3840=DIRECTION('center_axis',(-1.,0.,0.));
#3841=DIRECTION('ref_axis',(0.,0.,-1.));
#3842=DIRECTION('',(0.,0.,1.));
#3843=DIRECTION('',(0.,0.,-1.));
#3844=DIRECTION('',(0.,-1.,0.));
#3845=DIRECTION('center_axis',(1.6249894676311E-15,0.,-1.));
#3846=DIRECTION('ref_axis',(1.,0.,1.6249894676311E-15));
#3847=DIRECTION('',(-1.,0.,-1.6249894676311E-15));
#3848=DIRECTION('',(1.,0.,1.6249894676311E-15));
#3849=DIRECTION('',(0.,-1.,0.));
#3850=DIRECTION('center_axis',(0.,-1.,0.));
#3851=DIRECTION('ref_axis',(-1.,0.,-3.21624529935327E-16));
#3852=DIRECTION('center_axis',(0.,-1.,0.));
#3853=DIRECTION('ref_axis',(1.,0.,0.));
#3854=DIRECTION('center_axis',(0.,1.,0.));
#3855=DIRECTION('ref_axis',(1.,0.,0.));
#3856=DIRECTION('center_axis',(0.,-1.,0.));
#3857=DIRECTION('ref_axis',(1.,0.,0.));
#3858=DIRECTION('center_axis',(0.,1.,0.));
#3859=DIRECTION('ref_axis',(1.,0.,0.));
#3860=DIRECTION('',(0.,1.,0.));
#3861=DIRECTION('center_axis',(0.,-1.,0.));
#3862=DIRECTION('ref_axis',(1.,0.,0.));
#3863=DIRECTION('center_axis',(0.70710678162766,0.,0.707106780745435));
#3864=DIRECTION('ref_axis',(-0.707106780745435,0.,0.70710678162766));
#3865=DIRECTION('',(0.707106780745435,0.,-0.70710678162766));
#3866=DIRECTION('',(0.,-1.,0.));
#3867=DIRECTION('',(-0.707106780745435,0.,0.70710678162766));
#3868=DIRECTION('',(0.,-1.,0.));
#3869=DIRECTION('center_axis',(0.,-1.,0.));
#3870=DIRECTION('ref_axis',(0.707106781120141,0.,-0.707106781252954));
#3871=DIRECTION('center_axis',(0.,-1.,0.));
#3872=DIRECTION('ref_axis',(1.,0.,0.));
#3873=DIRECTION('center_axis',(0.,1.,0.));
#3874=DIRECTION('ref_axis',(1.,0.,0.));
#3875=DIRECTION('',(0.,-1.,0.));
#3876=DIRECTION('center_axis',(-0.707106779857048,0.,-0.707106782516047));
#3877=DIRECTION('ref_axis',(0.707106782516047,0.,-0.707106779857048));
#3878=DIRECTION('',(-0.707106782516047,0.,0.707106779857048));
#3879=DIRECTION('',(0.707106782516047,0.,-0.707106779857048));
#3880=DIRECTION('',(0.,-1.,0.));
#3881=DIRECTION('center_axis',(0.707106781170434,0.,-0.707106781202661));
#3882=DIRECTION('ref_axis',(0.707106781202661,0.,0.707106781170434));
#3883=DIRECTION('',(-0.707106781202661,0.,-0.707106781170434));
#3884=DIRECTION('',(0.707106781202661,0.,0.707106781170434));
#3885=DIRECTION('center_axis',(0.,-1.,0.));
#3886=DIRECTION('ref_axis',(0.707106781186542,0.,-0.707106781186553));
#3887=DIRECTION('center_axis',(0.,-1.,0.));
#3888=DIRECTION('ref_axis',(1.,0.,0.));
#3889=DIRECTION('',(0.,-1.,0.));
#3890=DIRECTION('center_axis',(0.,1.,0.));
#3891=DIRECTION('ref_axis',(1.,0.,0.));
#3892=DIRECTION('',(0.,-1.,0.));
#3893=DIRECTION('center_axis',(-0.70710678118654,0.,-0.707106781186555));
#3894=DIRECTION('ref_axis',(0.707106781186555,0.,-0.70710678118654));
#3895=DIRECTION('',(-0.707106781186555,0.,0.70710678118654));
#3896=DIRECTION('',(0.707106781186555,0.,-0.70710678118654));
#3897=DIRECTION('',(0.,-1.,0.));
#3898=DIRECTION('center_axis',(0.707106781186547,0.,-0.707106781186548));
#3899=DIRECTION('ref_axis',(0.707106781186548,0.,0.707106781186547));
#3900=DIRECTION('',(-0.707106781186548,0.,-0.707106781186547));
#3901=DIRECTION('',(0.707106781186548,0.,0.707106781186547));
#3902=DIRECTION('',(0.,-1.,0.));
#3903=DIRECTION('center_axis',(0.707106781186543,0.,0.707106781186552));
#3904=DIRECTION('ref_axis',(-0.707106781186552,0.,0.707106781186543));
#3905=DIRECTION('',(0.707106781186552,0.,-0.707106781186543));
#3906=DIRECTION('',(-0.707106781186552,0.,0.707106781186543));
#3907=DIRECTION('center_axis',(0.707106781186541,0.,0.707106781186554));
#3908=DIRECTION('ref_axis',(-0.707106781186554,0.,0.707106781186541));
#3909=DIRECTION('',(0.707106781186554,0.,-0.707106781186541));
#3910=DIRECTION('',(0.,-1.,0.));
#3911=DIRECTION('',(-0.707106781186554,0.,0.707106781186541));
#3912=DIRECTION('',(0.,-1.,0.));
#3913=DIRECTION('center_axis',(0.,-1.,0.));
#3914=DIRECTION('ref_axis',(0.727816493858356,0.,-0.685771938232915));
#3915=DIRECTION('center_axis',(0.,-1.,0.));
#3916=DIRECTION('ref_axis',(1.,0.,0.));
#3917=DIRECTION('center_axis',(0.,1.,0.));
#3918=DIRECTION('ref_axis',(1.,0.,0.));
#3919=DIRECTION('',(0.,-1.,0.));
#3920=DIRECTION('center_axis',(-0.70710678118654,0.,-0.707106781186555));
#3921=DIRECTION('ref_axis',(0.707106781186555,0.,-0.70710678118654));
#3922=DIRECTION('',(-0.707106781186555,0.,0.70710678118654));
#3923=DIRECTION('',(0.707106781186555,0.,-0.70710678118654));
#3924=DIRECTION('',(0.,-1.,0.));
#3925=DIRECTION('center_axis',(0.70710678118655,0.,-0.707106781186545));
#3926=DIRECTION('ref_axis',(0.707106781186545,0.,0.70710678118655));
#3927=DIRECTION('',(-0.707106781186545,0.,-0.70710678118655));
#3928=DIRECTION('',(0.707106781186545,0.,0.70710678118655));
#3929=DIRECTION('center_axis',(0.,-1.,0.));
#3930=DIRECTION('ref_axis',(1.,0.,0.));
#3931=DIRECTION('center_axis',(0.,1.,0.));
#3932=DIRECTION('ref_axis',(1.,0.,0.));
#3933=DIRECTION('',(0.,1.,0.));
#3934=DIRECTION('center_axis',(0.,-1.,0.));
#3935=DIRECTION('ref_axis',(1.,0.,0.));
#3936=DIRECTION('center_axis',(0.,-1.,0.));
#3937=DIRECTION('ref_axis',(1.,0.,0.));
#3938=DIRECTION('center_axis',(0.,1.,0.));
#3939=DIRECTION('ref_axis',(1.,0.,0.));
#3940=DIRECTION('',(0.,1.,0.));
#3941=DIRECTION('center_axis',(0.,-1.,0.));
#3942=DIRECTION('ref_axis',(1.,0.,0.));
#3943=DIRECTION('center_axis',(0.,-1.,0.));
#3944=DIRECTION('ref_axis',(1.,0.,0.));
#3945=DIRECTION('center_axis',(0.,1.,0.));
#3946=DIRECTION('ref_axis',(1.,0.,0.));
#3947=DIRECTION('',(0.,1.,0.));
#3948=DIRECTION('center_axis',(0.,-1.,0.));
#3949=DIRECTION('ref_axis',(1.,0.,0.));
#3950=DIRECTION('center_axis',(0.,-1.,0.));
#3951=DIRECTION('ref_axis',(1.,0.,0.));
#3952=DIRECTION('center_axis',(0.,1.,0.));
#3953=DIRECTION('ref_axis',(1.,0.,0.));
#3954=DIRECTION('',(0.,1.,0.));
#3955=DIRECTION('center_axis',(0.,-1.,0.));
#3956=DIRECTION('ref_axis',(1.,0.,0.));
#3957=DIRECTION('center_axis',(0.,-1.,0.));
#3958=DIRECTION('ref_axis',(1.,0.,0.));
#3959=DIRECTION('center_axis',(0.,1.,0.));
#3960=DIRECTION('ref_axis',(1.,0.,0.));
#3961=DIRECTION('',(0.,1.,0.));
#3962=DIRECTION('center_axis',(0.,-1.,0.));
#3963=DIRECTION('ref_axis',(1.,0.,0.));
#3964=DIRECTION('center_axis',(0.,-1.,0.));
#3965=DIRECTION('ref_axis',(1.,0.,0.));
#3966=DIRECTION('center_axis',(0.,1.,0.));
#3967=DIRECTION('ref_axis',(1.,0.,0.));
#3968=DIRECTION('',(0.,1.,0.));
#3969=DIRECTION('center_axis',(0.,-1.,0.));
#3970=DIRECTION('ref_axis',(1.,0.,0.));
#3971=DIRECTION('center_axis',(0.,-1.,0.));
#3972=DIRECTION('ref_axis',(1.,0.,0.));
#3973=DIRECTION('center_axis',(0.,1.,0.));
#3974=DIRECTION('ref_axis',(1.,0.,0.));
#3975=DIRECTION('',(0.,1.,0.));
#3976=DIRECTION('center_axis',(0.,-1.,0.));
#3977=DIRECTION('ref_axis',(1.,0.,0.));
#3978=DIRECTION('center_axis',(0.,-1.,0.));
#3979=DIRECTION('ref_axis',(1.,0.,0.));
#3980=DIRECTION('center_axis',(0.,1.,0.));
#3981=DIRECTION('ref_axis',(1.,0.,0.));
#3982=DIRECTION('',(0.,1.,0.));
#3983=DIRECTION('center_axis',(0.,-1.,0.));
#3984=DIRECTION('ref_axis',(1.,0.,0.));
#3985=DIRECTION('center_axis',(0.707106781186529,0.,-0.707106781186566));
#3986=DIRECTION('ref_axis',(0.707106781186566,0.,0.707106781186529));
#3987=DIRECTION('',(-0.707106781186566,0.,-0.707106781186529));
#3988=DIRECTION('',(0.,-1.,0.));
#3989=DIRECTION('',(0.707106781186566,0.,0.707106781186529));
#3990=DIRECTION('',(0.,-1.,0.));
#3991=DIRECTION('center_axis',(0.707106781182933,0.,0.707106781190162));
#3992=DIRECTION('ref_axis',(-0.707106781190162,0.,0.707106781182933));
#3993=DIRECTION('',(0.707106781190162,0.,-0.707106781182933));
#3994=DIRECTION('',(-0.707106781190162,0.,0.707106781182933));
#3995=DIRECTION('',(0.,-1.,0.));
#3996=DIRECTION('center_axis',(0.,-1.,0.));
#3997=DIRECTION('ref_axis',(0.707106781186215,0.,-0.70710678118688));
#3998=DIRECTION('center_axis',(0.,-1.,0.));
#3999=DIRECTION('ref_axis',(1.,0.,0.));
#4000=DIRECTION('center_axis',(0.,1.,0.));
#4001=DIRECTION('ref_axis',(1.,0.,0.));
#4002=DIRECTION('',(0.,-1.,0.));
#4003=DIRECTION('center_axis',(-0.707106781185537,0.,-0.707106781187558));
#4004=DIRECTION('ref_axis',(0.707106781187558,0.,-0.707106781185537));
#4005=DIRECTION('',(-0.707106781187558,0.,0.707106781185537));
#4006=DIRECTION('',(0.707106781187558,0.,-0.707106781185537));
#4007=DIRECTION('center_axis',(0.,-1.,0.));
#4008=DIRECTION('ref_axis',(1.,0.,0.));
#4009=DIRECTION('center_axis',(0.,1.,0.));
#4010=DIRECTION('ref_axis',(1.,0.,0.));
#4011=DIRECTION('',(0.,1.,0.));
#4012=DIRECTION('center_axis',(0.,-1.,0.));
#4013=DIRECTION('ref_axis',(1.,0.,0.));
#4014=DIRECTION('center_axis',(0.707106781186799,0.,0.707106781186296));
#4015=DIRECTION('ref_axis',(-0.707106781186296,0.,0.707106781186799));
#4016=DIRECTION('',(0.707106781186296,0.,-0.707106781186799));
#4017=DIRECTION('',(0.,-1.,0.));
#4018=DIRECTION('',(-0.707106781186296,0.,0.707106781186799));
#4019=DIRECTION('',(0.,-1.,0.));
#4020=DIRECTION('center_axis',(0.,-1.,0.));
#4021=DIRECTION('ref_axis',(0.707106781186554,0.,-0.707106781186541));
#4022=DIRECTION('center_axis',(0.,-1.,0.));
#4023=DIRECTION('ref_axis',(1.,0.,0.));
#4024=DIRECTION('center_axis',(0.,1.,0.));
#4025=DIRECTION('ref_axis',(1.,0.,0.));
#4026=DIRECTION('',(0.,-1.,0.));
#4027=DIRECTION('center_axis',(-0.707106781186619,0.,-0.707106781186476));
#4028=DIRECTION('ref_axis',(0.707106781186476,0.,-0.707106781186619));
#4029=DIRECTION('',(-0.707106781186476,0.,0.707106781186619));
#4030=DIRECTION('',(0.707106781186476,0.,-0.707106781186619));
#4031=DIRECTION('',(0.,-1.,0.));
#4032=DIRECTION('center_axis',(0.70710678118654,0.,-0.707106781186555));
#4033=DIRECTION('ref_axis',(0.707106781186555,0.,0.70710678118654));
#4034=DIRECTION('',(-0.707106781186555,0.,-0.70710678118654));
#4035=DIRECTION('',(0.707106781186555,0.,0.70710678118654));
#4036=DIRECTION('center_axis',(0.,-1.,0.));
#4037=DIRECTION('ref_axis',(1.,0.,0.));
#4038=DIRECTION('center_axis',(0.,1.,0.));
#4039=DIRECTION('ref_axis',(1.,0.,0.));
#4040=DIRECTION('',(0.,1.,0.));
#4041=DIRECTION('center_axis',(0.,-1.,0.));
#4042=DIRECTION('ref_axis',(1.,0.,0.));
#4043=DIRECTION('center_axis',(0.,-1.,0.));
#4044=DIRECTION('ref_axis',(1.,0.,0.));
#4045=DIRECTION('center_axis',(0.,1.,0.));
#4046=DIRECTION('ref_axis',(1.,0.,0.));
#4047=DIRECTION('',(0.,1.,0.));
#4048=DIRECTION('center_axis',(0.,-1.,0.));
#4049=DIRECTION('ref_axis',(1.,0.,0.));
#4050=DIRECTION('center_axis',(0.574851393295858,0.,0.818257829553626));
#4051=DIRECTION('ref_axis',(-0.818257829553626,0.,0.574851393295858));
#4052=DIRECTION('',(0.818257829553626,0.,-0.574851393295858));
#4053=DIRECTION('',(0.,-1.,0.));
#4054=DIRECTION('',(-0.818257829553626,0.,0.574851393295858));
#4055=DIRECTION('',(0.,-1.,0.));
#4056=DIRECTION('center_axis',(0.,-1.,0.));
#4057=DIRECTION('ref_axis',(0.69859255190428,0.,-0.715519703728601));
#4058=DIRECTION('center_axis',(0.,-1.,0.));
#4059=DIRECTION('ref_axis',(1.,0.,0.));
#4060=DIRECTION('center_axis',(0.,1.,0.));
#4061=DIRECTION('ref_axis',(1.,0.,0.));
#4062=DIRECTION('',(0.,-1.,0.));
#4063=DIRECTION('center_axis',(-0.707106781186557,0.,-0.707106781186538));
#4064=DIRECTION('ref_axis',(0.707106781186538,0.,-0.707106781186557));
#4065=DIRECTION('',(-0.707106781186538,0.,0.707106781186557));
#4066=DIRECTION('',(0.707106781186538,0.,-0.707106781186557));
#4067=DIRECTION('',(0.,-1.,0.));
#4068=DIRECTION('center_axis',(0.707106781186545,0.,-0.70710678118655));
#4069=DIRECTION('ref_axis',(0.70710678118655,0.,0.707106781186545));
#4070=DIRECTION('',(-0.70710678118655,0.,-0.707106781186545));
#4071=DIRECTION('',(0.70710678118655,0.,0.707106781186545));
#4072=DIRECTION('center_axis',(0.7071067811793,0.,0.707106781193795));
#4073=DIRECTION('ref_axis',(-0.707106781193795,0.,0.7071067811793));
#4074=DIRECTION('',(0.707106781193795,0.,-0.7071067811793));
#4075=DIRECTION('',(0.,-1.,0.));
#4076=DIRECTION('',(-0.707106781193795,0.,0.7071067811793));
#4077=DIRECTION('',(0.,-1.,0.));
#4078=DIRECTION('center_axis',(0.,-1.,0.));
#4079=DIRECTION('ref_axis',(0.707106781185408,0.,-0.707106781187687));
#4080=DIRECTION('center_axis',(0.,-1.,0.));
#4081=DIRECTION('ref_axis',(1.,0.,0.));
#4082=DIRECTION('center_axis',(0.,1.,0.));
#4083=DIRECTION('ref_axis',(1.,0.,0.));
#4084=DIRECTION('',(0.,-1.,0.));
#4085=DIRECTION('center_axis',(-0.707106781184266,0.,-0.707106781188829));
#4086=DIRECTION('ref_axis',(0.707106781188829,0.,-0.707106781184266));
#4087=DIRECTION('',(-0.707106781188829,0.,0.707106781184266));
#4088=DIRECTION('',(0.707106781188829,0.,-0.707106781184266));
#4089=DIRECTION('',(0.,-1.,0.));
#4090=DIRECTION('center_axis',(0.707106781186538,0.,-0.707106781186557));
#4091=DIRECTION('ref_axis',(0.707106781186557,0.,0.707106781186538));
#4092=DIRECTION('',(-0.707106781186557,0.,-0.707106781186538));
#4093=DIRECTION('',(0.707106781186557,0.,0.707106781186538));
#4094=DIRECTION('center_axis',(0.,-1.,0.));
#4095=DIRECTION('ref_axis',(1.,0.,0.));
#4096=DIRECTION('center_axis',(0.,1.,0.));
#4097=DIRECTION('ref_axis',(1.,0.,0.));
#4098=DIRECTION('',(0.,1.,0.));
#4099=DIRECTION('center_axis',(0.,-1.,0.));
#4100=DIRECTION('ref_axis',(1.,0.,0.));
#4101=DIRECTION('center_axis',(0.,-1.,0.));
#4102=DIRECTION('ref_axis',(1.,0.,0.));
#4103=DIRECTION('center_axis',(0.,1.,0.));
#4104=DIRECTION('ref_axis',(1.,0.,0.));
#4105=DIRECTION('',(0.,1.,0.));
#4106=DIRECTION('center_axis',(0.,-1.,0.));
#4107=DIRECTION('ref_axis',(1.,0.,0.));
#4108=DIRECTION('center_axis',(0.,-1.,0.));
#4109=DIRECTION('ref_axis',(1.,0.,0.));
#4110=DIRECTION('center_axis',(0.,1.,0.));
#4111=DIRECTION('ref_axis',(1.,0.,0.));
#4112=DIRECTION('',(0.,1.,0.));
#4113=DIRECTION('center_axis',(0.,-1.,0.));
#4114=DIRECTION('ref_axis',(1.,0.,0.));
#4115=DIRECTION('center_axis',(0.707106781186545,0.,0.70710678118655));
#4116=DIRECTION('ref_axis',(-0.70710678118655,0.,0.707106781186545));
#4117=DIRECTION('',(0.70710678118655,0.,-0.707106781186545));
#4118=DIRECTION('',(0.,-1.,0.));
#4119=DIRECTION('',(-0.70710678118655,0.,0.707106781186545));
#4120=DIRECTION('',(0.,-1.,0.));
#4121=DIRECTION('center_axis',(0.,-1.,0.));
#4122=DIRECTION('ref_axis',(0.707106781186545,0.,-0.70710678118655));
#4123=DIRECTION('center_axis',(0.,-1.,0.));
#4124=DIRECTION('ref_axis',(1.,0.,0.));
#4125=DIRECTION('center_axis',(0.,1.,0.));
#4126=DIRECTION('ref_axis',(1.,0.,0.));
#4127=DIRECTION('',(0.,-1.,0.));
#4128=DIRECTION('center_axis',(-0.707106781186548,0.,-0.707106781186548));
#4129=DIRECTION('ref_axis',(0.707106781186548,0.,-0.707106781186548));
#4130=DIRECTION('',(-0.707106781186548,0.,0.707106781186548));
#4131=DIRECTION('',(0.707106781186548,0.,-0.707106781186548));
#4132=DIRECTION('',(0.,-1.,0.));
#4133=DIRECTION('center_axis',(0.707106781186547,0.,-0.707106781186548));
#4134=DIRECTION('ref_axis',(0.707106781186548,0.,0.707106781186547));
#4135=DIRECTION('',(-0.707106781186548,0.,-0.707106781186547));
#4136=DIRECTION('',(0.707106781186548,0.,0.707106781186547));
#4137=DIRECTION('center_axis',(0.,-1.,0.));
#4138=DIRECTION('ref_axis',(1.,0.,0.));
#4139=DIRECTION('center_axis',(0.,1.,0.));
#4140=DIRECTION('ref_axis',(1.,0.,0.));
#4141=DIRECTION('',(0.,1.,0.));
#4142=DIRECTION('center_axis',(0.,-1.,0.));
#4143=DIRECTION('ref_axis',(1.,0.,0.));
#4144=DIRECTION('center_axis',(0.,0.,-1.));
#4145=DIRECTION('ref_axis',(1.,0.,0.));
#4146=DIRECTION('',(-1.,0.,0.));
#4147=DIRECTION('',(0.,-1.,0.));
#4148=DIRECTION('',(1.,0.,0.));
#4149=DIRECTION('',(0.,-1.,0.));
#4150=DIRECTION('center_axis',(1.,0.,0.));
#4151=DIRECTION('ref_axis',(0.,0.,1.));
#4152=DIRECTION('',(0.,0.,-1.));
#4153=DIRECTION('',(0.,0.,1.));
#4154=DIRECTION('',(0.,-1.,0.));
#4155=DIRECTION('center_axis',(0.,0.,1.));
#4156=DIRECTION('ref_axis',(-1.,0.,0.));
#4157=DIRECTION('',(1.,0.,0.));
#4158=DIRECTION('',(-1.,0.,0.));
#4159=DIRECTION('',(0.,-1.,0.));
#4160=DIRECTION('center_axis',(0.,-1.,0.));
#4161=DIRECTION('ref_axis',(1.,0.,0.));
#4162=DIRECTION('center_axis',(0.,-1.,0.));
#4163=DIRECTION('ref_axis',(1.,0.,0.));
#4164=DIRECTION('center_axis',(0.,1.,0.));
#4165=DIRECTION('ref_axis',(1.,0.,0.));
#4166=DIRECTION('',(0.,-1.,0.));
#4167=DIRECTION('center_axis',(0.,0.,1.));
#4168=DIRECTION('ref_axis',(-1.,0.,0.));
#4169=DIRECTION('',(1.,0.,0.));
#4170=DIRECTION('',(-1.,0.,0.));
#4171=DIRECTION('',(0.,-1.,0.));
#4172=DIRECTION('center_axis',(-1.,0.,0.));
#4173=DIRECTION('ref_axis',(0.,0.,-1.));
#4174=DIRECTION('',(0.,0.,1.));
#4175=DIRECTION('',(0.,0.,-1.));
#4176=DIRECTION('',(0.,-1.,0.));
#4177=DIRECTION('center_axis',(0.,0.,-1.));
#4178=DIRECTION('ref_axis',(1.,0.,0.));
#4179=DIRECTION('',(-1.,0.,0.));
#4180=DIRECTION('',(1.,0.,0.));
#4181=DIRECTION('',(0.,-1.,0.));
#4182=DIRECTION('center_axis',(0.,-1.,0.));
#4183=DIRECTION('ref_axis',(1.,0.,0.));
#4184=DIRECTION('center_axis',(0.,-1.,0.));
#4185=DIRECTION('ref_axis',(1.,0.,0.));
#4186=DIRECTION('center_axis',(0.,1.,0.));
#4187=DIRECTION('ref_axis',(1.,0.,0.));
#4188=DIRECTION('center_axis',(0.,-1.,0.));
#4189=DIRECTION('ref_axis',(1.,0.,0.));
#4190=DIRECTION('center_axis',(0.,1.,0.));
#4191=DIRECTION('ref_axis',(1.,0.,0.));
#4192=DIRECTION('',(0.,1.,0.));
#4193=DIRECTION('center_axis',(0.,-1.,0.));
#4194=DIRECTION('ref_axis',(1.,0.,0.));
#4195=DIRECTION('center_axis',(0.,-1.,0.));
#4196=DIRECTION('ref_axis',(1.,0.,0.));
#4197=DIRECTION('center_axis',(0.,1.,0.));
#4198=DIRECTION('ref_axis',(1.,0.,0.));
#4199=DIRECTION('',(0.,1.,0.));
#4200=DIRECTION('center_axis',(0.,-1.,0.));
#4201=DIRECTION('ref_axis',(1.,0.,0.));
#4202=DIRECTION('center_axis',(4.59731755152111E-13,0.,1.));
#4203=DIRECTION('ref_axis',(-1.,0.,4.59731755152111E-13));
#4204=DIRECTION('',(1.,0.,-4.59731755152111E-13));
#4205=DIRECTION('',(0.,-1.,0.));
#4206=DIRECTION('',(-1.,0.,4.59731755152111E-13));
#4207=DIRECTION('',(0.,-1.,0.));
#4208=DIRECTION('center_axis',(-1.,0.,0.));
#4209=DIRECTION('ref_axis',(0.,0.,-1.));
#4210=DIRECTION('',(0.,0.,1.));
#4211=DIRECTION('',(0.,0.,-1.));
#4212=DIRECTION('',(0.,-1.,0.));
#4213=DIRECTION('center_axis',(0.,0.,-1.));
#4214=DIRECTION('ref_axis',(1.,0.,0.));
#4215=DIRECTION('',(-1.,0.,0.));
#4216=DIRECTION('',(1.,0.,0.));
#4217=DIRECTION('',(0.,-1.,0.));
#4218=DIRECTION('center_axis',(0.,-1.,0.));
#4219=DIRECTION('ref_axis',(1.,0.,0.));
#4220=DIRECTION('center_axis',(0.,-1.,0.));
#4221=DIRECTION('ref_axis',(1.,0.,0.));
#4222=DIRECTION('center_axis',(0.,1.,0.));
#4223=DIRECTION('ref_axis',(1.,0.,0.));
#4224=DIRECTION('',(0.,-1.,0.));
#4225=DIRECTION('center_axis',(0.,0.,-1.));
#4226=DIRECTION('ref_axis',(1.,0.,0.));
#4227=DIRECTION('',(-1.,0.,0.));
#4228=DIRECTION('',(1.,0.,0.));
#4229=DIRECTION('',(0.,-1.,0.));
#4230=DIRECTION('center_axis',(1.,0.,-1.29318777908516E-12));
#4231=DIRECTION('ref_axis',(1.29318777908516E-12,0.,1.));
#4232=DIRECTION('',(-1.29318777908516E-12,0.,-1.));
#4233=DIRECTION('',(1.29318777908516E-12,0.,1.));
#4234=DIRECTION('',(0.,-1.,0.));
#4235=DIRECTION('center_axis',(4.59731755152111E-13,0.,1.));
#4236=DIRECTION('ref_axis',(-1.,0.,4.59731755152111E-13));
#4237=DIRECTION('',(1.,0.,-4.59731755152111E-13));
#4238=DIRECTION('',(-1.,0.,4.59731755152111E-13));
#4239=DIRECTION('',(0.,-1.,0.));
#4240=DIRECTION('center_axis',(0.,-1.,0.));
#4241=DIRECTION('ref_axis',(1.,0.,0.));
#4242=DIRECTION('center_axis',(0.,-1.,0.));
#4243=DIRECTION('ref_axis',(1.,0.,0.));
#4244=DIRECTION('center_axis',(0.,1.,0.));
#4245=DIRECTION('ref_axis',(1.,0.,0.));
#4246=DIRECTION('center_axis',(0.,-1.,0.));
#4247=DIRECTION('ref_axis',(1.,0.,0.));
#4248=DIRECTION('center_axis',(0.,1.,0.));
#4249=DIRECTION('ref_axis',(1.,0.,0.));
#4250=DIRECTION('',(0.,1.,0.));
#4251=DIRECTION('center_axis',(0.,-1.,0.));
#4252=DIRECTION('ref_axis',(1.,0.,0.));
#4253=DIRECTION('center_axis',(4.00593428432545E-33,0.,1.));
#4254=DIRECTION('ref_axis',(-1.,0.,4.00593428432545E-33));
#4255=DIRECTION('',(1.,0.,-4.00593428432545E-33));
#4256=DIRECTION('',(0.,-1.,0.));
#4257=DIRECTION('',(-1.,0.,4.00593428432545E-33));
#4258=DIRECTION('',(0.,-1.,0.));
#4259=DIRECTION('center_axis',(1.,0.,0.));
#4260=DIRECTION('ref_axis',(0.,0.,1.));
#4261=DIRECTION('',(0.,0.,-1.));
#4262=DIRECTION('',(0.,0.,1.));
#4263=DIRECTION('',(0.,-1.,0.));
#4264=DIRECTION('center_axis',(0.,0.,-1.));
#4265=DIRECTION('ref_axis',(1.,0.,0.));
#4266=DIRECTION('',(-1.,0.,0.));
#4267=DIRECTION('',(1.,0.,0.));
#4268=DIRECTION('',(0.,-1.,0.));
#4269=DIRECTION('center_axis',(-1.,0.,0.));
#4270=DIRECTION('ref_axis',(0.,0.,-1.));
#4271=DIRECTION('',(0.,0.,1.));
#4272=DIRECTION('',(0.,0.,-1.));
#4273=DIRECTION('center_axis',(0.,1.,0.));
#4274=DIRECTION('ref_axis',(1.,0.,0.));
#4275=DIRECTION('center_axis',(0.,1.,0.));
#4276=DIRECTION('ref_axis',(1.,0.,0.));
#4277=CARTESIAN_POINT('',(0.,0.,0.));
#4278=CARTESIAN_POINT('Origin',(190.369444558752,0.,-179.5));
#4279=CARTESIAN_POINT('',(174.369444558752,-11.,-179.5));
#4280=CARTESIAN_POINT('',(190.369444558752,-11.,-179.5));
#4281=CARTESIAN_POINT('',(257.684722279376,-11.,-179.5));
#4282=CARTESIAN_POINT('',(174.369444558752,-4.5,-179.5));
#4283=CARTESIAN_POINT('',(174.369444558752,0.,-179.5));
#4284=CARTESIAN_POINT('',(190.369444558752,-4.5,-179.5));
#4285=CARTESIAN_POINT('',(190.369444558752,-4.5,-179.5));
#4286=CARTESIAN_POINT('',(190.369444558752,0.,-179.5));
#4287=CARTESIAN_POINT('Origin',(190.369444558752,0.,-198.));
#4288=CARTESIAN_POINT('',(190.369444558752,-11.,-198.));
#4289=CARTESIAN_POINT('',(190.369444558752,-11.,-152.75));
#4290=CARTESIAN_POINT('',(190.369444558752,-4.5,-198.));
#4291=CARTESIAN_POINT('',(190.369444558752,-4.5,-198.));
#4292=CARTESIAN_POINT('',(190.369444558752,0.,-198.));
#4293=CARTESIAN_POINT('Origin',(174.369444558752,0.,-198.));
#4294=CARTESIAN_POINT('',(174.369444558752,-11.,-198.));
#4295=CARTESIAN_POINT('',(249.684722279376,-11.,-198.));
#4296=CARTESIAN_POINT('',(174.369444558752,-4.5,-198.));
#4297=CARTESIAN_POINT('',(174.369444558752,-4.5,-198.));
#4298=CARTESIAN_POINT('',(174.369444558752,0.,-198.));
#4299=CARTESIAN_POINT('Origin',(174.369444558752,0.,-179.5));
#4300=CARTESIAN_POINT('',(174.369444558752,-11.,-143.5));
#4301=CARTESIAN_POINT('',(174.369444558752,-4.5,-179.5));
#4302=CARTESIAN_POINT('Origin',(294.369444558752,0.,-179.5));
#4303=CARTESIAN_POINT('',(278.369444558752,-11.,-179.5));
#4304=CARTESIAN_POINT('',(294.369444558752,-11.,-179.5));
#4305=CARTESIAN_POINT('',(309.684722279376,-11.,-179.5));
#4306=CARTESIAN_POINT('',(278.369444558752,-4.5,-179.5));
#4307=CARTESIAN_POINT('',(278.369444558752,0.,-179.5));
#4308=CARTESIAN_POINT('',(294.369444558752,-4.5,-179.5));
#4309=CARTESIAN_POINT('',(294.369444558752,-4.5,-179.5));
#4310=CARTESIAN_POINT('',(294.369444558752,0.,-179.5));
#4311=CARTESIAN_POINT('Origin',(294.369444558752,0.,-198.));
#4312=CARTESIAN_POINT('',(294.369444558752,-11.,-198.));
#4313=CARTESIAN_POINT('',(294.369444558752,-11.,-152.75));
#4314=CARTESIAN_POINT('',(294.369444558752,-4.5,-198.));
#4315=CARTESIAN_POINT('',(294.369444558752,-4.5,-198.));
#4316=CARTESIAN_POINT('',(294.369444558752,0.,-198.));
#4317=CARTESIAN_POINT('Origin',(278.369444558752,0.,-198.));
#4318=CARTESIAN_POINT('',(278.369444558752,-11.,-198.));
#4319=CARTESIAN_POINT('',(301.684722279376,-11.,-198.));
#4320=CARTESIAN_POINT('',(278.369444558752,-4.5,-198.));
#4321=CARTESIAN_POINT('',(278.369444558752,-4.5,-198.));
#4322=CARTESIAN_POINT('',(278.369444558752,0.,-198.));
#4323=CARTESIAN_POINT('Origin',(278.369444558752,0.,-179.5));
#4324=CARTESIAN_POINT('',(278.369444558752,-11.,-143.5));
#4325=CARTESIAN_POINT('',(278.369444558752,-4.5,-179.5));
#4326=CARTESIAN_POINT('Origin',(398.369444558752,0.,-179.5));
#4327=CARTESIAN_POINT('',(382.369444558752,-11.,-179.5));
#4328=CARTESIAN_POINT('',(398.369444558752,-11.,-179.5));
#4329=CARTESIAN_POINT('',(361.684722279376,-11.,-179.5));
#4330=CARTESIAN_POINT('',(382.369444558752,-4.5,-179.5));
#4331=CARTESIAN_POINT('',(382.369444558752,0.,-179.5));
#4332=CARTESIAN_POINT('',(398.369444558752,-4.5,-179.5));
#4333=CARTESIAN_POINT('',(398.369444558752,-4.5,-179.5));
#4334=CARTESIAN_POINT('',(398.369444558752,0.,-179.5));
#4335=CARTESIAN_POINT('Origin',(398.369444558752,0.,-198.));
#4336=CARTESIAN_POINT('',(398.369444558752,-11.,-198.));
#4337=CARTESIAN_POINT('',(398.369444558752,-11.,-152.75));
#4338=CARTESIAN_POINT('',(398.369444558752,-4.5,-198.));
#4339=CARTESIAN_POINT('',(398.369444558752,-4.5,-198.));
#4340=CARTESIAN_POINT('',(398.369444558752,0.,-198.));
#4341=CARTESIAN_POINT('Origin',(382.369444558752,0.,-198.));
#4342=CARTESIAN_POINT('',(382.369444558752,-11.,-198.));
#4343=CARTESIAN_POINT('',(353.684722279376,-11.,-198.));
#4344=CARTESIAN_POINT('',(382.369444558752,-4.5,-198.));
#4345=CARTESIAN_POINT('',(382.369444558752,-4.5,-198.));
#4346=CARTESIAN_POINT('',(382.369444558752,0.,-198.));
#4347=CARTESIAN_POINT('Origin',(382.369444558752,0.,-179.5));
#4348=CARTESIAN_POINT('',(382.369444558751,-11.,-143.5));
#4349=CARTESIAN_POINT('',(382.369444558752,-4.5,-179.5));
#4350=CARTESIAN_POINT('Origin',(502.369444558752,0.,-179.5));
#4351=CARTESIAN_POINT('',(486.369444558752,-11.,-179.5));
#4352=CARTESIAN_POINT('',(502.369444558752,-11.,-179.5));
#4353=CARTESIAN_POINT('',(413.684722279376,-11.,-179.5));
#4354=CARTESIAN_POINT('',(486.369444558752,-4.5,-179.5));
#4355=CARTESIAN_POINT('',(486.369444558752,0.,-179.5));
#4356=CARTESIAN_POINT('',(502.369444558752,-4.5,-179.5));
#4357=CARTESIAN_POINT('',(502.369444558752,-4.5,-179.5));
#4358=CARTESIAN_POINT('',(502.369444558752,0.,-179.5));
#4359=CARTESIAN_POINT('Origin',(502.369444558752,0.,-198.));
#4360=CARTESIAN_POINT('',(502.369444558752,-11.,-198.));
#4361=CARTESIAN_POINT('',(502.369444558751,-11.,-152.75));
#4362=CARTESIAN_POINT('',(502.369444558752,-4.5,-198.));
#4363=CARTESIAN_POINT('',(502.369444558752,-4.5,-198.));
#4364=CARTESIAN_POINT('',(502.369444558752,0.,-198.));
#4365=CARTESIAN_POINT('Origin',(486.369444558752,0.,-198.));
#4366=CARTESIAN_POINT('',(486.369444558752,-11.,-198.));
#4367=CARTESIAN_POINT('',(405.684722279376,-11.,-198.));
#4368=CARTESIAN_POINT('',(486.369444558752,-4.5,-198.));
#4369=CARTESIAN_POINT('',(486.369444558752,-4.5,-198.));
#4370=CARTESIAN_POINT('',(486.369444558752,0.,-198.));
#4371=CARTESIAN_POINT('Origin',(486.369444558752,0.,-179.5));
#4372=CARTESIAN_POINT('',(486.369444558752,-11.,-143.5));
#4373=CARTESIAN_POINT('',(486.369444558752,-4.5,-179.5));
#4374=CARTESIAN_POINT('Origin',(476.369444558752,0.,-179.5));
#4375=CARTESIAN_POINT('',(460.369444558752,-11.,-179.5));
#4376=CARTESIAN_POINT('',(476.369444558752,-11.,-179.5));
#4377=CARTESIAN_POINT('',(400.684722279376,-11.,-179.5));
#4378=CARTESIAN_POINT('',(460.369444558752,-4.5,-179.5));
#4379=CARTESIAN_POINT('',(460.369444558752,0.,-179.5));
#4380=CARTESIAN_POINT('',(476.369444558752,-4.5,-179.5));
#4381=CARTESIAN_POINT('',(476.369444558752,-4.5,-179.5));
#4382=CARTESIAN_POINT('',(476.369444558752,0.,-179.5));
#4383=CARTESIAN_POINT('Origin',(476.369444558752,0.,-198.));
#4384=CARTESIAN_POINT('',(476.369444558752,-11.,-198.));
#4385=CARTESIAN_POINT('',(476.369444558752,-11.,-152.75));
#4386=CARTESIAN_POINT('',(476.369444558752,-4.5,-198.));
#4387=CARTESIAN_POINT('',(476.369444558752,-4.5,-198.));
#4388=CARTESIAN_POINT('',(476.369444558752,0.,-198.));
#4389=CARTESIAN_POINT('Origin',(460.369444558752,0.,-198.));
#4390=CARTESIAN_POINT('',(460.369444558752,-11.,-198.));
#4391=CARTESIAN_POINT('',(392.684722279376,-11.,-198.));
#4392=CARTESIAN_POINT('',(460.369444558752,-4.5,-198.));
#4393=CARTESIAN_POINT('',(460.369444558752,-4.5,-198.));
#4394=CARTESIAN_POINT('',(460.369444558752,0.,-198.));
#4395=CARTESIAN_POINT('Origin',(460.369444558752,0.,-179.5));
#4396=CARTESIAN_POINT('',(460.369444558752,-11.,-143.5));
#4397=CARTESIAN_POINT('',(460.369444558752,-4.5,-179.5));
#4398=CARTESIAN_POINT('Origin',(372.369444558752,0.,-179.5));
#4399=CARTESIAN_POINT('',(356.369444558752,-11.,-179.5));
#4400=CARTESIAN_POINT('',(372.369444558752,-11.,-179.5));
#4401=CARTESIAN_POINT('',(348.684722279376,-11.,-179.5));
#4402=CARTESIAN_POINT('',(356.369444558752,-4.5,-179.5));
#4403=CARTESIAN_POINT('',(356.369444558752,0.,-179.5));
#4404=CARTESIAN_POINT('',(372.369444558752,-4.5,-179.5));
#4405=CARTESIAN_POINT('',(372.369444558752,-4.5,-179.5));
#4406=CARTESIAN_POINT('',(372.369444558752,0.,-179.5));
#4407=CARTESIAN_POINT('Origin',(372.369444558752,0.,-198.));
#4408=CARTESIAN_POINT('',(372.369444558752,-11.,-198.));
#4409=CARTESIAN_POINT('',(372.369444558752,-11.,-152.75));
#4410=CARTESIAN_POINT('',(372.369444558752,-4.5,-198.));
#4411=CARTESIAN_POINT('',(372.369444558752,-4.5,-198.));
#4412=CARTESIAN_POINT('',(372.369444558752,0.,-198.));
#4413=CARTESIAN_POINT('Origin',(356.369444558752,0.,-198.));
#4414=CARTESIAN_POINT('',(356.369444558752,-11.,-198.));
#4415=CARTESIAN_POINT('',(340.684722279376,-11.,-198.));
#4416=CARTESIAN_POINT('',(356.369444558752,-4.5,-198.));
#4417=CARTESIAN_POINT('',(356.369444558752,-4.5,-198.));
#4418=CARTESIAN_POINT('',(356.369444558752,0.,-198.));
#4419=CARTESIAN_POINT('Origin',(356.369444558752,0.,-179.5));
#4420=CARTESIAN_POINT('',(356.369444558752,-11.,-143.5));
#4421=CARTESIAN_POINT('',(356.369444558752,-4.5,-179.5));
#4422=CARTESIAN_POINT('Origin',(268.369444558752,0.,-179.5));
#4423=CARTESIAN_POINT('',(252.369444558752,-11.,-179.5));
#4424=CARTESIAN_POINT('',(268.369444558752,-11.,-179.5));
#4425=CARTESIAN_POINT('',(296.684722279376,-11.,-179.5));
#4426=CARTESIAN_POINT('',(252.369444558752,-4.5,-179.5));
#4427=CARTESIAN_POINT('',(252.369444558752,0.,-179.5));
#4428=CARTESIAN_POINT('',(268.369444558752,-4.5,-179.5));
#4429=CARTESIAN_POINT('',(268.369444558752,-4.5,-179.5));
#4430=CARTESIAN_POINT('',(268.369444558752,0.,-179.5));
#4431=CARTESIAN_POINT('Origin',(268.369444558752,0.,-198.));
#4432=CARTESIAN_POINT('',(268.369444558752,-11.,-198.));
#4433=CARTESIAN_POINT('',(268.369444558752,-11.,-152.75));
#4434=CARTESIAN_POINT('',(268.369444558752,-4.5,-198.));
#4435=CARTESIAN_POINT('',(268.369444558752,-4.5,-198.));
#4436=CARTESIAN_POINT('',(268.369444558752,0.,-198.));
#4437=CARTESIAN_POINT('Origin',(252.369444558752,0.,-198.));
#4438=CARTESIAN_POINT('',(252.369444558752,-11.,-198.));
#4439=CARTESIAN_POINT('',(288.684722279376,-11.,-198.));
#4440=CARTESIAN_POINT('',(252.369444558752,-4.5,-198.));
#4441=CARTESIAN_POINT('',(252.369444558752,-4.5,-198.));
#4442=CARTESIAN_POINT('',(252.369444558752,0.,-198.));
#4443=CARTESIAN_POINT('Origin',(252.369444558752,0.,-179.5));
#4444=CARTESIAN_POINT('',(252.369444558752,-11.,-143.5));
#4445=CARTESIAN_POINT('',(252.369444558752,-4.5,-179.5));
#4446=CARTESIAN_POINT('Origin',(164.369444558752,0.,-179.5));
#4447=CARTESIAN_POINT('',(148.369444558752,-11.,-179.5));
#4448=CARTESIAN_POINT('',(164.369444558752,-11.,-179.5));
#4449=CARTESIAN_POINT('',(244.684722279376,-11.,-179.5));
#4450=CARTESIAN_POINT('',(148.369444558752,-4.5,-179.5));
#4451=CARTESIAN_POINT('',(148.369444558752,0.,-179.5));
#4452=CARTESIAN_POINT('',(164.369444558752,-4.5,-179.5));
#4453=CARTESIAN_POINT('',(164.369444558752,-4.5,-179.5));
#4454=CARTESIAN_POINT('',(164.369444558752,0.,-179.5));
#4455=CARTESIAN_POINT('Origin',(164.369444558752,0.,-198.));
#4456=CARTESIAN_POINT('',(164.369444558752,-11.,-198.));
#4457=CARTESIAN_POINT('',(164.369444558752,-11.,-152.75));
#4458=CARTESIAN_POINT('',(164.369444558752,-4.5,-198.));
#4459=CARTESIAN_POINT('',(164.369444558752,-4.5,-198.));
#4460=CARTESIAN_POINT('',(164.369444558752,0.,-198.));
#4461=CARTESIAN_POINT('Origin',(148.369444558752,0.,-198.));
#4462=CARTESIAN_POINT('',(148.369444558752,-11.,-198.));
#4463=CARTESIAN_POINT('',(236.684722279376,-11.,-198.));
#4464=CARTESIAN_POINT('',(148.369444558752,-4.5,-198.));
#4465=CARTESIAN_POINT('',(148.369444558752,-4.5,-198.));
#4466=CARTESIAN_POINT('',(148.369444558752,0.,-198.));
#4467=CARTESIAN_POINT('Origin',(148.369444558752,0.,-179.5));
#4468=CARTESIAN_POINT('',(148.369444558752,-11.,-143.5));
#4469=CARTESIAN_POINT('',(148.369444558752,-4.5,-179.5));
#4470=CARTESIAN_POINT('Origin',(216.369444558752,0.,-179.5));
#4471=CARTESIAN_POINT('',(200.369444558752,-11.,-179.5));
#4472=CARTESIAN_POINT('',(216.369444558752,-11.,-179.5));
#4473=CARTESIAN_POINT('',(270.684722279376,-11.,-179.5));
#4474=CARTESIAN_POINT('',(200.369444558752,-4.5,-179.5));
#4475=CARTESIAN_POINT('',(200.369444558752,0.,-179.5));
#4476=CARTESIAN_POINT('',(216.369444558752,-4.5,-179.5));
#4477=CARTESIAN_POINT('',(216.369444558752,-4.5,-179.5));
#4478=CARTESIAN_POINT('',(216.369444558752,0.,-179.5));
#4479=CARTESIAN_POINT('Origin',(216.369444558752,0.,-198.));
#4480=CARTESIAN_POINT('',(216.369444558752,-11.,-198.));
#4481=CARTESIAN_POINT('',(216.369444558752,-11.,-152.75));
#4482=CARTESIAN_POINT('',(216.369444558752,-4.5,-198.));
#4483=CARTESIAN_POINT('',(216.369444558752,-4.5,-198.));
#4484=CARTESIAN_POINT('',(216.369444558752,0.,-198.));
#4485=CARTESIAN_POINT('Origin',(200.369444558752,0.,-198.));
#4486=CARTESIAN_POINT('',(200.369444558752,-11.,-198.));
#4487=CARTESIAN_POINT('',(262.684722279376,-11.,-198.));
#4488=CARTESIAN_POINT('',(200.369444558752,-4.5,-198.));
#4489=CARTESIAN_POINT('',(200.369444558752,-4.5,-198.));
#4490=CARTESIAN_POINT('',(200.369444558752,0.,-198.));
#4491=CARTESIAN_POINT('Origin',(200.369444558752,0.,-179.5));
#4492=CARTESIAN_POINT('',(200.369444558752,-11.,-143.5));
#4493=CARTESIAN_POINT('',(200.369444558752,-4.5,-179.5));
#4494=CARTESIAN_POINT('Origin',(320.369444558752,0.,-179.5));
#4495=CARTESIAN_POINT('',(304.369444558752,-11.,-179.5));
#4496=CARTESIAN_POINT('',(320.369444558752,-11.,-179.5));
#4497=CARTESIAN_POINT('',(322.684722279376,-11.,-179.5));
#4498=CARTESIAN_POINT('',(304.369444558752,-4.5,-179.5));
#4499=CARTESIAN_POINT('',(304.369444558752,0.,-179.5));
#4500=CARTESIAN_POINT('',(320.369444558752,-4.5,-179.5));
#4501=CARTESIAN_POINT('',(320.369444558752,-4.5,-179.5));
#4502=CARTESIAN_POINT('',(320.369444558752,0.,-179.5));
#4503=CARTESIAN_POINT('Origin',(320.369444558752,0.,-198.));
#4504=CARTESIAN_POINT('',(320.369444558752,-11.,-198.));
#4505=CARTESIAN_POINT('',(320.369444558752,-11.,-152.75));
#4506=CARTESIAN_POINT('',(320.369444558752,-4.5,-198.));
#4507=CARTESIAN_POINT('',(320.369444558752,-4.5,-198.));
#4508=CARTESIAN_POINT('',(320.369444558752,0.,-198.));
#4509=CARTESIAN_POINT('Origin',(304.369444558752,0.,-198.));
#4510=CARTESIAN_POINT('',(304.369444558752,-11.,-198.));
#4511=CARTESIAN_POINT('',(314.684722279376,-11.,-198.));
#4512=CARTESIAN_POINT('',(304.369444558752,-4.5,-198.));
#4513=CARTESIAN_POINT('',(304.369444558752,-4.5,-198.));
#4514=CARTESIAN_POINT('',(304.369444558752,0.,-198.));
#4515=CARTESIAN_POINT('Origin',(304.369444558752,0.,-179.5));
#4516=CARTESIAN_POINT('',(304.369444558752,-11.,-143.5));
#4517=CARTESIAN_POINT('',(304.369444558752,-4.5,-179.5));
#4518=CARTESIAN_POINT('Origin',(424.369444558752,0.,-179.5));
#4519=CARTESIAN_POINT('',(408.369444558752,-11.,-179.5));
#4520=CARTESIAN_POINT('',(424.369444558752,-11.,-179.5));
#4521=CARTESIAN_POINT('',(374.684722279376,-11.,-179.5));
#4522=CARTESIAN_POINT('',(408.369444558752,-4.5,-179.5));
#4523=CARTESIAN_POINT('',(408.369444558752,0.,-179.5));
#4524=CARTESIAN_POINT('',(424.369444558752,-4.5,-179.5));
#4525=CARTESIAN_POINT('',(424.369444558752,-4.5,-179.5));
#4526=CARTESIAN_POINT('',(424.369444558752,0.,-179.5));
#4527=CARTESIAN_POINT('Origin',(424.369444558752,0.,-198.));
#4528=CARTESIAN_POINT('',(424.369444558752,-11.,-198.));
#4529=CARTESIAN_POINT('',(424.369444558752,-11.,-152.75));
#4530=CARTESIAN_POINT('',(424.369444558752,-4.5,-198.));
#4531=CARTESIAN_POINT('',(424.369444558752,-4.5,-198.));
#4532=CARTESIAN_POINT('',(424.369444558752,0.,-198.));
#4533=CARTESIAN_POINT('Origin',(408.369444558752,0.,-198.));
#4534=CARTESIAN_POINT('',(408.369444558752,-11.,-198.));
#4535=CARTESIAN_POINT('',(366.684722279376,-11.,-198.));
#4536=CARTESIAN_POINT('',(408.369444558752,-4.5,-198.));
#4537=CARTESIAN_POINT('',(408.369444558752,-4.5,-198.));
#4538=CARTESIAN_POINT('',(408.369444558752,0.,-198.));
#4539=CARTESIAN_POINT('Origin',(408.369444558752,0.,-179.5));
#4540=CARTESIAN_POINT('',(408.369444558752,-11.,-143.5));
#4541=CARTESIAN_POINT('',(408.369444558752,-4.5,-179.5));
#4542=CARTESIAN_POINT('Origin',(528.369444558752,0.,-179.5));
#4543=CARTESIAN_POINT('',(512.369444558752,-11.,-179.5));
#4544=CARTESIAN_POINT('',(528.369444558752,-11.,-179.5));
#4545=CARTESIAN_POINT('',(426.684722279376,-11.,-179.5));
#4546=CARTESIAN_POINT('',(512.369444558752,-4.5,-179.5));
#4547=CARTESIAN_POINT('',(512.369444558752,0.,-179.5));
#4548=CARTESIAN_POINT('',(528.369444558752,-4.5,-179.5));
#4549=CARTESIAN_POINT('',(528.369444558752,-4.5,-179.5));
#4550=CARTESIAN_POINT('',(528.369444558752,0.,-179.5));
#4551=CARTESIAN_POINT('Origin',(528.369444558752,0.,-198.));
#4552=CARTESIAN_POINT('',(528.369444558752,-11.,-198.));
#4553=CARTESIAN_POINT('',(528.369444558752,-11.,-152.75));
#4554=CARTESIAN_POINT('',(528.369444558752,-4.5,-198.));
#4555=CARTESIAN_POINT('',(528.369444558752,-4.5,-198.));
#4556=CARTESIAN_POINT('',(528.369444558752,0.,-198.));
#4557=CARTESIAN_POINT('Origin',(512.369444558752,0.,-198.));
#4558=CARTESIAN_POINT('',(512.369444558752,-11.,-198.));
#4559=CARTESIAN_POINT('',(418.684722279376,-11.,-198.));
#4560=CARTESIAN_POINT('',(512.369444558752,-4.5,-198.));
#4561=CARTESIAN_POINT('',(512.369444558752,-4.5,-198.));
#4562=CARTESIAN_POINT('',(512.369444558752,0.,-198.));
#4563=CARTESIAN_POINT('Origin',(512.369444558752,0.,-179.5));
#4564=CARTESIAN_POINT('',(512.369444558751,-11.,-143.5));
#4565=CARTESIAN_POINT('',(512.369444558752,-4.5,-179.5));
#4566=CARTESIAN_POINT('Origin',(450.369444558752,0.,-179.5));
#4567=CARTESIAN_POINT('',(434.369444558752,-11.,-179.5));
#4568=CARTESIAN_POINT('',(450.369444558752,-11.,-179.5));
#4569=CARTESIAN_POINT('',(387.684722279376,-11.,-179.5));
#4570=CARTESIAN_POINT('',(434.369444558752,-4.5,-179.5));
#4571=CARTESIAN_POINT('',(434.369444558752,0.,-179.5));
#4572=CARTESIAN_POINT('',(450.369444558752,-4.5,-179.5));
#4573=CARTESIAN_POINT('',(450.369444558752,-4.5,-179.5));
#4574=CARTESIAN_POINT('',(450.369444558752,0.,-179.5));
#4575=CARTESIAN_POINT('Origin',(450.369444558752,0.,-198.));
#4576=CARTESIAN_POINT('',(450.369444558752,-11.,-198.));
#4577=CARTESIAN_POINT('',(450.369444558752,-11.,-152.75));
#4578=CARTESIAN_POINT('',(450.369444558752,-4.5,-198.));
#4579=CARTESIAN_POINT('',(450.369444558752,-4.5,-198.));
#4580=CARTESIAN_POINT('',(450.369444558752,0.,-198.));
#4581=CARTESIAN_POINT('Origin',(434.369444558752,0.,-198.));
#4582=CARTESIAN_POINT('',(434.369444558752,-11.,-198.));
#4583=CARTESIAN_POINT('',(379.684722279376,-11.,-198.));
#4584=CARTESIAN_POINT('',(434.369444558752,-4.5,-198.));
#4585=CARTESIAN_POINT('',(434.369444558752,-4.5,-198.));
#4586=CARTESIAN_POINT('',(434.369444558752,0.,-198.));
#4587=CARTESIAN_POINT('Origin',(434.369444558752,0.,-179.5));
#4588=CARTESIAN_POINT('',(434.369444558752,-11.,-143.5));
#4589=CARTESIAN_POINT('',(434.369444558752,-4.5,-179.5));
#4590=CARTESIAN_POINT('Origin',(346.369444558752,0.,-179.5));
#4591=CARTESIAN_POINT('',(330.369444558752,-11.,-179.5));
#4592=CARTESIAN_POINT('',(346.369444558752,-11.,-179.5));
#4593=CARTESIAN_POINT('',(335.684722279376,-11.,-179.5));
#4594=CARTESIAN_POINT('',(330.369444558752,-4.5,-179.5));
#4595=CARTESIAN_POINT('',(330.369444558752,0.,-179.5));
#4596=CARTESIAN_POINT('',(346.369444558752,-4.5,-179.5));
#4597=CARTESIAN_POINT('',(346.369444558752,-4.5,-179.5));
#4598=CARTESIAN_POINT('',(346.369444558752,0.,-179.5));
#4599=CARTESIAN_POINT('Origin',(346.369444558752,0.,-198.));
#4600=CARTESIAN_POINT('',(346.369444558752,-11.,-198.));
#4601=CARTESIAN_POINT('',(346.369444558752,-11.,-152.75));
#4602=CARTESIAN_POINT('',(346.369444558752,-4.5,-198.));
#4603=CARTESIAN_POINT('',(346.369444558752,-4.5,-198.));
#4604=CARTESIAN_POINT('',(346.369444558752,0.,-198.));
#4605=CARTESIAN_POINT('Origin',(330.369444558752,0.,-198.));
#4606=CARTESIAN_POINT('',(330.369444558752,-11.,-198.));
#4607=CARTESIAN_POINT('',(327.684722279376,-11.,-198.));
#4608=CARTESIAN_POINT('',(330.369444558752,-4.5,-198.));
#4609=CARTESIAN_POINT('',(330.369444558752,-4.5,-198.));
#4610=CARTESIAN_POINT('',(330.369444558752,0.,-198.));
#4611=CARTESIAN_POINT('Origin',(330.369444558752,0.,-179.5));
#4612=CARTESIAN_POINT('',(330.369444558752,-11.,-143.5));
#4613=CARTESIAN_POINT('',(330.369444558752,-4.5,-179.5));
#4614=CARTESIAN_POINT('Origin',(242.369444558752,0.,-179.5));
#4615=CARTESIAN_POINT('',(226.369444558752,-11.,-179.5));
#4616=CARTESIAN_POINT('',(242.369444558752,-11.,-179.5));
#4617=CARTESIAN_POINT('',(283.684722279376,-11.,-179.5));
#4618=CARTESIAN_POINT('',(226.369444558752,-4.5,-179.5));
#4619=CARTESIAN_POINT('',(226.369444558752,0.,-179.5));
#4620=CARTESIAN_POINT('',(242.369444558752,-4.5,-179.5));
#4621=CARTESIAN_POINT('',(242.369444558752,-4.5,-179.5));
#4622=CARTESIAN_POINT('',(242.369444558752,0.,-179.5));
#4623=CARTESIAN_POINT('Origin',(242.369444558752,0.,-198.));
#4624=CARTESIAN_POINT('',(242.369444558752,-11.,-198.));
#4625=CARTESIAN_POINT('',(242.369444558752,-11.,-152.75));
#4626=CARTESIAN_POINT('',(242.369444558752,-4.5,-198.));
#4627=CARTESIAN_POINT('',(242.369444558752,-4.5,-198.));
#4628=CARTESIAN_POINT('',(242.369444558752,0.,-198.));
#4629=CARTESIAN_POINT('Origin',(226.369444558752,0.,-198.));
#4630=CARTESIAN_POINT('',(226.369444558752,-11.,-198.));
#4631=CARTESIAN_POINT('',(275.684722279376,-11.,-198.));
#4632=CARTESIAN_POINT('',(226.369444558752,-4.5,-198.));
#4633=CARTESIAN_POINT('',(226.369444558752,-4.5,-198.));
#4634=CARTESIAN_POINT('',(226.369444558752,0.,-198.));
#4635=CARTESIAN_POINT('Origin',(226.369444558752,0.,-179.5));
#4636=CARTESIAN_POINT('',(226.369444558752,-11.,-143.5));
#4637=CARTESIAN_POINT('',(226.369444558752,-4.5,-179.5));
#4638=CARTESIAN_POINT('Origin',(122.369444558752,0.,-179.5));
#4639=CARTESIAN_POINT('',(122.369444558752,-11.,-198.));
#4640=CARTESIAN_POINT('',(122.369444558752,-11.,-179.5));
#4641=CARTESIAN_POINT('',(122.369444558752,-11.,-143.5));
#4642=CARTESIAN_POINT('',(122.369444558752,-4.5,-198.));
#4643=CARTESIAN_POINT('',(122.369444558752,0.,-198.));
#4644=CARTESIAN_POINT('',(122.369444558752,-4.5,-179.5));
#4645=CARTESIAN_POINT('',(122.369444558752,-4.5,-179.5));
#4646=CARTESIAN_POINT('',(122.369444558752,0.,-179.5));
#4647=CARTESIAN_POINT('Origin',(138.369444558752,0.,-179.5));
#4648=CARTESIAN_POINT('',(138.369444558752,-11.,-179.5));
#4649=CARTESIAN_POINT('',(231.684722279376,-11.,-179.5));
#4650=CARTESIAN_POINT('',(138.369444558752,-4.5,-179.5));
#4651=CARTESIAN_POINT('',(138.369444558752,-4.5,-179.5));
#4652=CARTESIAN_POINT('',(138.369444558752,0.,-179.5));
#4653=CARTESIAN_POINT('Origin',(138.369444558752,0.,-198.));
#4654=CARTESIAN_POINT('',(138.369444558752,-11.,-198.));
#4655=CARTESIAN_POINT('',(138.369444558752,-11.,-152.75));
#4656=CARTESIAN_POINT('',(138.369444558752,-4.5,-198.));
#4657=CARTESIAN_POINT('',(138.369444558752,-4.5,-198.));
#4658=CARTESIAN_POINT('',(138.369444558752,0.,-198.));
#4659=CARTESIAN_POINT('Origin',(122.369444558752,0.,-198.));
#4660=CARTESIAN_POINT('',(223.684722279376,-11.,-198.));
#4661=CARTESIAN_POINT('',(122.369444558752,-4.5,-198.));
#4662=CARTESIAN_POINT('Origin',(535.369444558752,0.,-199.));
#4663=CARTESIAN_POINT('',(535.369444558752,0.,-199.));
#4664=CARTESIAN_POINT('',(535.369444558752,0.,-178.5));
#4665=CARTESIAN_POINT('',(535.369444558752,0.,-153.25));
#4666=CARTESIAN_POINT('',(535.369444558752,-4.5,-199.));
#4667=CARTESIAN_POINT('',(535.369444558752,0.,-199.));
#4668=CARTESIAN_POINT('',(535.369444558752,-4.5,-178.5));
#4669=CARTESIAN_POINT('',(535.369444558752,-4.5,-199.));
#4670=CARTESIAN_POINT('',(535.369444558752,0.,-178.5));
#4671=CARTESIAN_POINT('Origin',(115.369444558752,0.,-199.));
#4672=CARTESIAN_POINT('',(115.369444558752,0.,-199.));
#4673=CARTESIAN_POINT('',(220.184722279376,0.,-199.));
#4674=CARTESIAN_POINT('',(115.369444558752,-4.5,-199.));
#4675=CARTESIAN_POINT('',(115.369444558752,0.,-199.));
#4676=CARTESIAN_POINT('',(115.369444558752,-4.5,-199.));
#4677=CARTESIAN_POINT('Origin',(115.369444558752,0.,-178.5));
#4678=CARTESIAN_POINT('',(115.369444558752,0.,-178.5));
#4679=CARTESIAN_POINT('',(115.369444558752,0.,-143.));
#4680=CARTESIAN_POINT('',(115.369444558752,-4.5,-178.5));
#4681=CARTESIAN_POINT('',(115.369444558752,0.,-178.5));
#4682=CARTESIAN_POINT('',(115.369444558752,-4.5,-178.5));
#4683=CARTESIAN_POINT('Origin',(535.369444558752,0.,-178.5));
#4684=CARTESIAN_POINT('',(430.184722279376,0.,-178.5));
#4685=CARTESIAN_POINT('',(535.369444558752,-4.5,-178.5));
#4686=CARTESIAN_POINT('Origin',(325.369444558752,-4.5,-188.75));
#4687=CARTESIAN_POINT('Origin',(608.5,0.,-48.));
#4688=CARTESIAN_POINT('',(602.,0.,-48.));
#4689=CARTESIAN_POINT('',(608.5,0.,-48.));
#4690=CARTESIAN_POINT('',(602.,0.,-48.));
#4691=CARTESIAN_POINT('',(602.,-11.,-48.));
#4692=CARTESIAN_POINT('',(602.,0.,-48.));
#4693=CARTESIAN_POINT('',(608.5,-11.,-48.));
#4694=CARTESIAN_POINT('',(602.,-11.,-48.));
#4695=CARTESIAN_POINT('',(608.5,0.,-48.));
#4696=CARTESIAN_POINT('Origin',(608.5,0.,-45.6664450338933));
#4697=CARTESIAN_POINT('',(608.5,0.,-45.6664450338933));
#4698=CARTESIAN_POINT('',(608.5,0.,-48.));
#4699=CARTESIAN_POINT('',(608.5,-11.,-45.6664450338933));
#4700=CARTESIAN_POINT('',(608.5,-11.,-48.));
#4701=CARTESIAN_POINT('',(608.5,0.,-45.6664450338933));
#4702=CARTESIAN_POINT('Origin',(605.25,0.,-30.));
#4703=CARTESIAN_POINT('',(602.,0.,-45.6664450338933));
#4704=CARTESIAN_POINT('Origin',(605.25,0.,-30.));
#4705=CARTESIAN_POINT('',(602.,-11.,-45.6664450338933));
#4706=CARTESIAN_POINT('Origin',(605.25,-11.,-30.));
#4707=CARTESIAN_POINT('',(602.,0.,-45.6664450338933));
#4708=CARTESIAN_POINT('Origin',(602.,0.,-48.));
#4709=CARTESIAN_POINT('',(602.,0.,-43.335498299059));
#4710=CARTESIAN_POINT('',(602.,-11.,-43.335498299059));
#4711=CARTESIAN_POINT('Origin',(580.75,0.,-36.025));
#4712=CARTESIAN_POINT('',(579.774418158002,0.,-36.025));
#4713=CARTESIAN_POINT('',(580.75,0.,-36.025));
#4714=CARTESIAN_POINT('',(578.01712561099,0.,-36.025));
#4715=CARTESIAN_POINT('',(579.774418158002,-11.,-36.025));
#4716=CARTESIAN_POINT('',(579.774418158002,0.,-36.025));
#4717=CARTESIAN_POINT('',(580.75,-11.,-36.025));
#4718=CARTESIAN_POINT('',(578.01712561099,-11.,-36.025));
#4719=CARTESIAN_POINT('',(580.75,0.,-36.025));
#4720=CARTESIAN_POINT('Origin',(580.75,0.,-30.525));
#4721=CARTESIAN_POINT('',(580.75,0.,-30.525));
#4722=CARTESIAN_POINT('',(580.75,0.,-36.025));
#4723=CARTESIAN_POINT('',(580.75,-11.,-30.525));
#4724=CARTESIAN_POINT('',(580.75,-11.,-36.025));
#4725=CARTESIAN_POINT('',(580.75,0.,-30.525));
#4726=CARTESIAN_POINT('Origin',(579.774418158002,0.,-30.525));
#4727=CARTESIAN_POINT('',(579.774418158002,0.,-30.525));
#4728=CARTESIAN_POINT('',(580.75,0.,-30.525));
#4729=CARTESIAN_POINT('',(579.774418158002,-11.,-30.525));
#4730=CARTESIAN_POINT('',(580.75,-11.,-30.525));
#4731=CARTESIAN_POINT('',(579.774418158002,0.,-30.525));
#4732=CARTESIAN_POINT('Origin',(563.125,0.,-33.275));
#4733=CARTESIAN_POINT('Origin',(563.125,0.,-33.275));
#4734=CARTESIAN_POINT('Origin',(563.125,-11.,-33.275));
#4735=CARTESIAN_POINT('Origin',(325.369444558752,0.,-119.25));
#4736=CARTESIAN_POINT('',(272.619444558752,-11.,-119.25));
#4737=CARTESIAN_POINT('Origin',(325.369444558752,-11.,-119.25));
#4738=CARTESIAN_POINT('',(272.619444558752,0.,-119.25));
#4739=CARTESIAN_POINT('',(272.619444558752,0.,-119.25));
#4740=CARTESIAN_POINT('Origin',(325.369444558752,0.,-119.25));
#4741=CARTESIAN_POINT('Origin',(553.972323759017,0.,-177.561158525061));
#4742=CARTESIAN_POINT('',(552.648244968619,0.,-176.237079733011));
#4743=CARTESIAN_POINT('',(553.972323759017,0.,-177.561158525061));
#4744=CARTESIAN_POINT('',(552.736046042485,0.,-176.324880806986));
#4745=CARTESIAN_POINT('',(552.648244968619,-11.,-176.237079733011));
#4746=CARTESIAN_POINT('',(552.648244968619,0.,-176.237079733011));
#4747=CARTESIAN_POINT('',(553.972323759017,-11.,-177.561158525061));
#4748=CARTESIAN_POINT('',(552.736046042485,-11.,-176.324880806986));
#4749=CARTESIAN_POINT('',(553.972323759017,0.,-177.561158525061));
#4750=CARTESIAN_POINT('Origin',(567.25,0.,-182.));
#4751=CARTESIAN_POINT('',(562.811158527555,0.,-168.722323758184));
#4752=CARTESIAN_POINT('Origin',(567.25,0.,-182.));
#4753=CARTESIAN_POINT('',(562.811158527555,-11.,-168.722323758184));
#4754=CARTESIAN_POINT('Origin',(567.25,-11.,-182.));
#4755=CARTESIAN_POINT('',(562.811158527555,0.,-168.722323758184));
#4756=CARTESIAN_POINT('Origin',(561.487079733213,0.,-167.39824496882));
#4757=CARTESIAN_POINT('',(561.487079733213,0.,-167.39824496882));
#4758=CARTESIAN_POINT('',(561.487079733213,0.,-167.39824496882));
#4759=CARTESIAN_POINT('',(561.487079733213,-11.,-167.39824496882));
#4760=CARTESIAN_POINT('',(561.487079733213,-11.,-167.39824496882));
#4761=CARTESIAN_POINT('',(561.487079733213,0.,-167.39824496882));
#4762=CARTESIAN_POINT('Origin',(552.648244968619,0.,-176.237079733011));
#4763=CARTESIAN_POINT('',(552.648244968619,0.,-176.237079733011));
#4764=CARTESIAN_POINT('',(552.648244968619,-11.,-176.237079733011));
#4765=CARTESIAN_POINT('Origin',(607.25,0.,-71.));
#4766=CARTESIAN_POINT('',(593.972323759321,0.,-66.5611585241525));
#4767=CARTESIAN_POINT('',(602.811158524153,0.,-57.7223237593208));
#4768=CARTESIAN_POINT('Origin',(607.25,0.,-71.));
#4769=CARTESIAN_POINT('',(593.972323759321,-11.,-66.5611585241525));
#4770=CARTESIAN_POINT('',(593.972323759321,0.,-66.5611585241525));
#4771=CARTESIAN_POINT('',(602.811158524153,-11.,-57.7223237593208));
#4772=CARTESIAN_POINT('Origin',(607.25,-11.,-71.));
#4773=CARTESIAN_POINT('',(602.811158524153,0.,-57.7223237593208));
#4774=CARTESIAN_POINT('Origin',(601.48707973333,0.,-56.3982449684977));
#4775=CARTESIAN_POINT('',(601.48707973333,0.,-56.3982449684977));
#4776=CARTESIAN_POINT('',(601.48707973333,0.,-56.3982449684977));
#4777=CARTESIAN_POINT('',(601.48707973333,-11.,-56.3982449684977));
#4778=CARTESIAN_POINT('',(601.48707973333,-11.,-56.3982449684977));
#4779=CARTESIAN_POINT('',(601.48707973333,0.,-56.3982449684977));
#4780=CARTESIAN_POINT('Origin',(592.648244968498,0.,-65.2370797333295));
#4781=CARTESIAN_POINT('',(592.648244968498,0.,-65.2370797333295));
#4782=CARTESIAN_POINT('',(592.648244968498,0.,-65.2370797333295));
#4783=CARTESIAN_POINT('',(592.648244968498,-11.,-65.2370797333295));
#4784=CARTESIAN_POINT('',(592.648244968498,-11.,-65.2370797333295));
#4785=CARTESIAN_POINT('',(592.648244968498,0.,-65.2370797333295));
#4786=CARTESIAN_POINT('Origin',(593.972323759321,0.,-66.5611585241525));
#4787=CARTESIAN_POINT('',(593.972323759321,0.,-66.5611585241525));
#4788=CARTESIAN_POINT('',(593.972323759321,-11.,-66.5611585241525));
#4789=CARTESIAN_POINT('Origin',(33.8453346892321,0.,-177.960823362826));
#4790=CARTESIAN_POINT('',(32.384918014117,0.,-176.500406687711));
#4791=CARTESIAN_POINT('',(33.8453346892321,0.,-177.960823362826));
#4792=CARTESIAN_POINT('',(32.384918014117,0.,-176.500406687711));
#4793=CARTESIAN_POINT('',(32.384918014117,-11.,-176.500406687711));
#4794=CARTESIAN_POINT('',(32.384918014117,0.,-176.500406687711));
#4795=CARTESIAN_POINT('',(33.8453346892321,-11.,-177.960823362826));
#4796=CARTESIAN_POINT('',(32.384918014117,-11.,-176.500406687711));
#4797=CARTESIAN_POINT('',(33.8453346892321,0.,-177.960823362826));
#4798=CARTESIAN_POINT('Origin',(47.25,0.,-182.));
#4799=CARTESIAN_POINT('',(42.421274773054,0.,-168.859093916984));
#4800=CARTESIAN_POINT('Origin',(47.25,0.,-182.));
#4801=CARTESIAN_POINT('',(42.421274773054,-11.,-168.859093916984));
#4802=CARTESIAN_POINT('Origin',(47.25,-11.,-182.));
#4803=CARTESIAN_POINT('',(42.421274773054,0.,-168.859093916984));
#4804=CARTESIAN_POINT('Origin',(41.2237527789488,0.,-167.661571922879));
#4805=CARTESIAN_POINT('',(41.2237527789488,0.,-167.661571922879));
#4806=CARTESIAN_POINT('',(41.2237527789488,0.,-167.661571922879));
#4807=CARTESIAN_POINT('',(41.2237527789488,-11.,-167.661571922879));
#4808=CARTESIAN_POINT('',(41.2237527789488,-11.,-167.661571922879));
#4809=CARTESIAN_POINT('',(41.2237527789488,0.,-167.661571922879));
#4810=CARTESIAN_POINT('Origin',(32.384918014117,0.,-176.500406687711));
#4811=CARTESIAN_POINT('',(32.384918014117,0.,-176.500406687711));
#4812=CARTESIAN_POINT('',(32.384918014117,-11.,-176.500406687711));
#4813=CARTESIAN_POINT('Origin',(56.,0.,-154.5));
#4814=CARTESIAN_POINT('',(50.,-11.,-154.5));
#4815=CARTESIAN_POINT('Origin',(56.,-11.,-154.5));
#4816=CARTESIAN_POINT('',(50.,0.,-154.5));
#4817=CARTESIAN_POINT('',(50.,0.,-154.5));
#4818=CARTESIAN_POINT('Origin',(56.,0.,-154.5));
#4819=CARTESIAN_POINT('Origin',(25.25,0.,-53.75));
#4820=CARTESIAN_POINT('',(19.,-11.,-53.75));
#4821=CARTESIAN_POINT('Origin',(25.25,-11.,-53.75));
#4822=CARTESIAN_POINT('',(19.,0.,-53.75));
#4823=CARTESIAN_POINT('',(19.,0.,-53.75));
#4824=CARTESIAN_POINT('Origin',(25.25,0.,-53.75));
#4825=CARTESIAN_POINT('Origin',(121.164539409576,0.,-163.2));
#4826=CARTESIAN_POINT('',(117.764539409576,-11.,-163.2));
#4827=CARTESIAN_POINT('Origin',(121.164539409576,-11.,-163.2));
#4828=CARTESIAN_POINT('',(117.764539409576,0.,-163.2));
#4829=CARTESIAN_POINT('',(117.764539409576,0.,-163.2));
#4830=CARTESIAN_POINT('Origin',(121.164539409576,0.,-163.2));
#4831=CARTESIAN_POINT('Origin',(121.164539409576,0.,-12.4));
#4832=CARTESIAN_POINT('',(117.764539409576,-11.,-12.4));
#4833=CARTESIAN_POINT('Origin',(121.164539409576,-11.,-12.4));
#4834=CARTESIAN_POINT('',(117.764539409576,0.,-12.4));
#4835=CARTESIAN_POINT('',(117.764539409576,0.,-12.4));
#4836=CARTESIAN_POINT('Origin',(121.164539409576,0.,-12.4));
#4837=CARTESIAN_POINT('Origin',(25.0508780455077,0.,-44.2520870478173));
#4838=CARTESIAN_POINT('',(23.8008780455077,-11.,-44.2520870478173));
#4839=CARTESIAN_POINT('Origin',(25.0508780455077,-11.,-44.2520870478173));
#4840=CARTESIAN_POINT('',(23.8008780455077,0.,-44.2520870478173));
#4841=CARTESIAN_POINT('',(23.8008780455077,0.,-44.2520870478173));
#4842=CARTESIAN_POINT('Origin',(25.0508780455077,0.,-44.2520870478173));
#4843=CARTESIAN_POINT('Origin',(371.927045317909,0.,-62.6995595812824));
#4844=CARTESIAN_POINT('',(362.927045317909,-11.,-62.6995595812824));
#4845=CARTESIAN_POINT('Origin',(371.927045317909,-11.,-62.6995595812824));
#4846=CARTESIAN_POINT('',(362.927045317909,0.,-62.6995595812824));
#4847=CARTESIAN_POINT('',(362.927045317909,0.,-62.6995595812824));
#4848=CARTESIAN_POINT('Origin',(371.927045317909,0.,-62.6995595812824));
#4849=CARTESIAN_POINT('Origin',(255.407781798869,0.,-155.401462541264));
#4850=CARTESIAN_POINT('',(246.407781798869,-11.,-155.401462541264));
#4851=CARTESIAN_POINT('Origin',(255.407781798869,-11.,-155.401462541264));
#4852=CARTESIAN_POINT('',(246.407781798869,0.,-155.401462541264));
#4853=CARTESIAN_POINT('',(246.407781798869,0.,-155.401462541264));
#4854=CARTESIAN_POINT('Origin',(255.407781798869,0.,-155.401462541264));
#4855=CARTESIAN_POINT('Origin',(529.574349707927,0.,-163.2));
#4856=CARTESIAN_POINT('',(526.174349707927,-11.,-163.2));
#4857=CARTESIAN_POINT('Origin',(529.574349707927,-11.,-163.2));
#4858=CARTESIAN_POINT('',(526.174349707927,0.,-163.2));
#4859=CARTESIAN_POINT('',(526.174349707927,0.,-163.2));
#4860=CARTESIAN_POINT('Origin',(529.574349707927,0.,-163.2));
#4861=CARTESIAN_POINT('Origin',(552.64824496849,0.,-102.237079733337));
#4862=CARTESIAN_POINT('',(561.487079733337,0.,-93.3982449684908));
#4863=CARTESIAN_POINT('',(552.64824496849,0.,-102.237079733337));
#4864=CARTESIAN_POINT('',(552.64824496849,0.,-102.237079733337));
#4865=CARTESIAN_POINT('',(561.487079733337,-11.,-93.3982449684908));
#4866=CARTESIAN_POINT('',(561.487079733337,0.,-93.3982449684908));
#4867=CARTESIAN_POINT('',(552.64824496849,-11.,-102.237079733337));
#4868=CARTESIAN_POINT('',(552.64824496849,-11.,-102.237079733337));
#4869=CARTESIAN_POINT('',(552.64824496849,0.,-102.237079733337));
#4870=CARTESIAN_POINT('Origin',(553.972323759322,0.,-103.561158524155));
#4871=CARTESIAN_POINT('',(553.972323759322,0.,-103.561158524155));
#4872=CARTESIAN_POINT('',(552.64824496849,0.,-102.237079733337));
#4873=CARTESIAN_POINT('',(553.972323759322,-11.,-103.561158524155));
#4874=CARTESIAN_POINT('',(552.64824496849,-11.,-102.237079733337));
#4875=CARTESIAN_POINT('',(553.972323759322,0.,-103.561158524155));
#4876=CARTESIAN_POINT('Origin',(567.25,0.,-108.));
#4877=CARTESIAN_POINT('',(562.811158524167,0.,-94.7223237593162));
#4878=CARTESIAN_POINT('Origin',(567.25,0.,-108.));
#4879=CARTESIAN_POINT('',(562.811158524167,-11.,-94.7223237593162));
#4880=CARTESIAN_POINT('Origin',(567.25,-11.,-108.));
#4881=CARTESIAN_POINT('',(562.811158524167,0.,-94.7223237593162));
#4882=CARTESIAN_POINT('Origin',(561.487079733337,0.,-93.3982449684908));
#4883=CARTESIAN_POINT('',(561.487079733337,0.,-93.3982449684908));
#4884=CARTESIAN_POINT('',(561.487079733337,-11.,-93.3982449684908));
#4885=CARTESIAN_POINT('Origin',(529.574349707927,0.,-12.4));
#4886=CARTESIAN_POINT('',(526.174349707927,-11.,-12.4));
#4887=CARTESIAN_POINT('Origin',(529.574349707927,-11.,-12.4));
#4888=CARTESIAN_POINT('',(526.174349707927,0.,-12.4));
#4889=CARTESIAN_POINT('',(526.174349707927,0.,-12.4));
#4890=CARTESIAN_POINT('Origin',(529.574349707927,0.,-12.4));
#4891=CARTESIAN_POINT('Origin',(553.97232375932,0.,-66.5611585241525));
#4892=CARTESIAN_POINT('',(552.648244968498,0.,-65.2370797333294));
#4893=CARTESIAN_POINT('',(553.97232375932,0.,-66.5611585241525));
#4894=CARTESIAN_POINT('',(552.648244968498,0.,-65.2370797333294));
#4895=CARTESIAN_POINT('',(552.648244968498,-11.,-65.2370797333294));
#4896=CARTESIAN_POINT('',(552.648244968498,0.,-65.2370797333294));
#4897=CARTESIAN_POINT('',(553.97232375932,-11.,-66.5611585241525));
#4898=CARTESIAN_POINT('',(552.648244968498,-11.,-65.2370797333294));
#4899=CARTESIAN_POINT('',(553.97232375932,0.,-66.5611585241525));
#4900=CARTESIAN_POINT('Origin',(567.25,0.,-71.));
#4901=CARTESIAN_POINT('',(562.811158524153,0.,-57.7223237593206));
#4902=CARTESIAN_POINT('Origin',(567.25,0.,-71.));
#4903=CARTESIAN_POINT('',(562.811158524153,-11.,-57.7223237593206));
#4904=CARTESIAN_POINT('Origin',(567.25,-11.,-71.));
#4905=CARTESIAN_POINT('',(562.811158524153,0.,-57.7223237593206));
#4906=CARTESIAN_POINT('Origin',(561.48707973333,0.,-56.3982449684976));
#4907=CARTESIAN_POINT('',(561.48707973333,0.,-56.3982449684976));
#4908=CARTESIAN_POINT('',(561.48707973333,0.,-56.3982449684976));
#4909=CARTESIAN_POINT('',(561.48707973333,-11.,-56.3982449684976));
#4910=CARTESIAN_POINT('',(561.48707973333,-11.,-56.3982449684976));
#4911=CARTESIAN_POINT('',(561.48707973333,0.,-56.3982449684976));
#4912=CARTESIAN_POINT('Origin',(552.648244968498,0.,-65.2370797333294));
#4913=CARTESIAN_POINT('',(552.648244968498,0.,-65.2370797333294));
#4914=CARTESIAN_POINT('',(552.648244968498,-11.,-65.2370797333294));
#4915=CARTESIAN_POINT('Origin',(392.724685407688,0.,-157.076366864685));
#4916=CARTESIAN_POINT('',(386.724685407688,-11.,-157.076366864685));
#4917=CARTESIAN_POINT('Origin',(392.724685407688,-11.,-157.076366864685));
#4918=CARTESIAN_POINT('',(386.724685407688,0.,-157.076366864685));
#4919=CARTESIAN_POINT('',(386.724685407688,0.,-157.076366864685));
#4920=CARTESIAN_POINT('Origin',(392.724685407688,0.,-157.076366864685));
#4921=CARTESIAN_POINT('Origin',(190.363889117503,0.,-84.625));
#4922=CARTESIAN_POINT('',(117.738889117503,-11.,-84.625));
#4923=CARTESIAN_POINT('Origin',(190.363889117503,-11.,-84.625));
#4924=CARTESIAN_POINT('',(117.738889117503,0.,-84.625));
#4925=CARTESIAN_POINT('',(117.738889117503,0.,-84.6250000000001));
#4926=CARTESIAN_POINT('Origin',(190.363889117503,0.,-84.625));
#4927=CARTESIAN_POINT('Origin',(74.0823802643398,0.,-177.244604065164));
#4928=CARTESIAN_POINT('',(72.6482449684978,0.,-176.23707973333));
#4929=CARTESIAN_POINT('',(74.0823802643398,0.,-177.244604065164));
#4930=CARTESIAN_POINT('',(72.6482449684978,0.,-176.23707973333));
#4931=CARTESIAN_POINT('',(72.6482449684978,-11.,-176.23707973333));
#4932=CARTESIAN_POINT('',(72.6482449684978,0.,-176.23707973333));
#4933=CARTESIAN_POINT('',(74.0823802643398,-11.,-177.244604065164));
#4934=CARTESIAN_POINT('',(72.6482449684978,-11.,-176.23707973333));
#4935=CARTESIAN_POINT('',(74.0823802643398,0.,-177.244604065164));
#4936=CARTESIAN_POINT('Origin',(87.25,0.,-182.));
#4937=CARTESIAN_POINT('',(82.8111585241526,0.,-168.722323759321));
#4938=CARTESIAN_POINT('Origin',(87.25,0.,-182.));
#4939=CARTESIAN_POINT('',(82.8111585241526,-11.,-168.722323759321));
#4940=CARTESIAN_POINT('Origin',(87.25,-11.,-182.));
#4941=CARTESIAN_POINT('',(82.8111585241526,0.,-168.722323759321));
#4942=CARTESIAN_POINT('Origin',(81.4870797333296,0.,-167.398244968498));
#4943=CARTESIAN_POINT('',(81.4870797333296,0.,-167.398244968498));
#4944=CARTESIAN_POINT('',(81.4870797333296,0.,-167.398244968498));
#4945=CARTESIAN_POINT('',(81.4870797333297,-11.,-167.398244968498));
#4946=CARTESIAN_POINT('',(81.4870797333296,-11.,-167.398244968498));
#4947=CARTESIAN_POINT('',(81.4870797333296,0.,-167.398244968498));
#4948=CARTESIAN_POINT('Origin',(72.6482449684978,0.,-176.23707973333));
#4949=CARTESIAN_POINT('',(72.6482449684978,0.,-176.23707973333));
#4950=CARTESIAN_POINT('',(72.6482449684978,-11.,-176.23707973333));
#4951=CARTESIAN_POINT('Origin',(553.97232375933,0.,-140.561158524136));
#4952=CARTESIAN_POINT('',(552.648244968497,0.,-139.23707973333));
#4953=CARTESIAN_POINT('',(553.97232375933,0.,-140.561158524136));
#4954=CARTESIAN_POINT('',(552.648244968497,0.,-139.23707973333));
#4955=CARTESIAN_POINT('',(552.648244968497,-11.,-139.23707973333));
#4956=CARTESIAN_POINT('',(552.648244968497,0.,-139.23707973333));
#4957=CARTESIAN_POINT('',(553.97232375933,-11.,-140.561158524136));
#4958=CARTESIAN_POINT('',(552.648244968497,-11.,-139.23707973333));
#4959=CARTESIAN_POINT('',(553.97232375933,0.,-140.561158524136));
#4960=CARTESIAN_POINT('Origin',(567.25,0.,-145.));
#4961=CARTESIAN_POINT('',(562.811158524177,0.,-131.722323759313));
#4962=CARTESIAN_POINT('Origin',(567.25,0.,-145.));
#4963=CARTESIAN_POINT('',(562.811158524177,-11.,-131.722323759313));
#4964=CARTESIAN_POINT('Origin',(567.25,-11.,-145.));
#4965=CARTESIAN_POINT('',(562.811158524177,0.,-131.722323759313));
#4966=CARTESIAN_POINT('Origin',(561.487079733342,0.,-130.398244968486));
#4967=CARTESIAN_POINT('',(561.487079733342,0.,-130.398244968486));
#4968=CARTESIAN_POINT('',(561.487079733342,0.,-130.398244968486));
#4969=CARTESIAN_POINT('',(561.487079733342,-11.,-130.398244968486));
#4970=CARTESIAN_POINT('',(561.487079733342,-11.,-130.398244968486));
#4971=CARTESIAN_POINT('',(561.487079733342,0.,-130.398244968486));
#4972=CARTESIAN_POINT('Origin',(552.648244968497,0.,-139.23707973333));
#4973=CARTESIAN_POINT('',(552.648244968497,0.,-139.23707973333));
#4974=CARTESIAN_POINT('',(552.648244968497,-11.,-139.23707973333));
#4975=CARTESIAN_POINT('Origin',(633.75,0.,-68.25));
#4976=CARTESIAN_POINT('',(627.5,-11.,-68.25));
#4977=CARTESIAN_POINT('Origin',(633.75,-11.,-68.25));
#4978=CARTESIAN_POINT('',(627.5,0.,-68.25));
#4979=CARTESIAN_POINT('',(627.5,0.,-68.25));
#4980=CARTESIAN_POINT('Origin',(633.75,0.,-68.25));
#4981=CARTESIAN_POINT('Origin',(615.85,0.,-107.15));
#4982=CARTESIAN_POINT('',(608.7,-11.,-107.15));
#4983=CARTESIAN_POINT('Origin',(615.85,-11.,-107.15));
#4984=CARTESIAN_POINT('',(608.7,0.,-107.15));
#4985=CARTESIAN_POINT('',(608.7,0.,-107.15));
#4986=CARTESIAN_POINT('Origin',(615.85,0.,-107.15));
#4987=CARTESIAN_POINT('Origin',(278.811843799594,0.,-62.6995595812824));
#4988=CARTESIAN_POINT('',(269.811843799594,-11.,-62.6995595812824));
#4989=CARTESIAN_POINT('Origin',(278.811843799594,-11.,-62.6995595812824));
#4990=CARTESIAN_POINT('',(269.811843799594,0.,-62.6995595812824));
#4991=CARTESIAN_POINT('',(269.811843799594,0.,-62.6995595812824));
#4992=CARTESIAN_POINT('Origin',(278.811843799594,0.,-62.6995595812824));
#4993=CARTESIAN_POINT('Origin',(73.9723237593208,0.,-140.561158524153));
#4994=CARTESIAN_POINT('',(72.6482449684978,0.,-139.23707973333));
#4995=CARTESIAN_POINT('',(73.9723237593208,0.,-140.561158524153));
#4996=CARTESIAN_POINT('',(72.6482449684978,0.,-139.23707973333));
#4997=CARTESIAN_POINT('',(72.6482449684978,-11.,-139.23707973333));
#4998=CARTESIAN_POINT('',(72.6482449684978,0.,-139.23707973333));
#4999=CARTESIAN_POINT('',(73.9723237593208,-11.,-140.561158524153));
#5000=CARTESIAN_POINT('',(72.6482449684978,-11.,-139.23707973333));
#5001=CARTESIAN_POINT('',(73.9723237593208,0.,-140.561158524153));
#5002=CARTESIAN_POINT('Origin',(87.25,0.,-145.));
#5003=CARTESIAN_POINT('',(82.8111585241527,0.,-131.722323759321));
#5004=CARTESIAN_POINT('Origin',(87.25,0.,-145.));
#5005=CARTESIAN_POINT('',(82.8111585241527,-11.,-131.722323759321));
#5006=CARTESIAN_POINT('Origin',(87.25,-11.,-145.));
#5007=CARTESIAN_POINT('',(82.8111585241527,0.,-131.722323759321));
#5008=CARTESIAN_POINT('Origin',(81.4870797333297,0.,-130.398244968498));
#5009=CARTESIAN_POINT('',(81.4870797333297,0.,-130.398244968498));
#5010=CARTESIAN_POINT('',(81.4870797333297,0.,-130.398244968498));
#5011=CARTESIAN_POINT('',(81.4870797333297,-11.,-130.398244968498));
#5012=CARTESIAN_POINT('',(81.4870797333297,-11.,-130.398244968498));
#5013=CARTESIAN_POINT('',(81.4870797333297,0.,-130.398244968498));
#5014=CARTESIAN_POINT('Origin',(72.6482449684978,0.,-139.23707973333));
#5015=CARTESIAN_POINT('',(72.6482449684978,0.,-139.23707973333));
#5016=CARTESIAN_POINT('',(72.6482449684978,-11.,-139.23707973333));
#5017=CARTESIAN_POINT('Origin',(460.375,0.,-84.625));
#5018=CARTESIAN_POINT('',(387.75,-11.,-84.625));
#5019=CARTESIAN_POINT('Origin',(460.375,-11.,-84.625));
#5020=CARTESIAN_POINT('',(387.75,0.,-84.625));
#5021=CARTESIAN_POINT('',(387.75,0.,-84.625));
#5022=CARTESIAN_POINT('Origin',(460.375,0.,-84.625));
#5023=CARTESIAN_POINT('Origin',(30.5,0.,-109.55));
#5024=CARTESIAN_POINT('',(34.5938750006173,0.,-109.55));
#5025=CARTESIAN_POINT('',(30.5,0.,-109.55));
#5026=CARTESIAN_POINT('',(64.,0.,-109.55));
#5027=CARTESIAN_POINT('',(34.5938750006173,-11.,-109.55));
#5028=CARTESIAN_POINT('',(34.5938750006173,0.,-109.55));
#5029=CARTESIAN_POINT('',(30.5,-11.,-109.55));
#5030=CARTESIAN_POINT('',(64.,-11.,-109.55));
#5031=CARTESIAN_POINT('',(30.5,0.,-109.55));
#5032=CARTESIAN_POINT('Origin',(30.5,0.,-117.05));
#5033=CARTESIAN_POINT('',(30.5,0.,-117.05));
#5034=CARTESIAN_POINT('',(30.5,0.,-109.55));
#5035=CARTESIAN_POINT('',(30.5,-11.,-117.05));
#5036=CARTESIAN_POINT('',(30.5,-11.,-109.55));
#5037=CARTESIAN_POINT('',(30.5,0.,-117.05));
#5038=CARTESIAN_POINT('Origin',(34.5938750006173,0.,-117.05));
#5039=CARTESIAN_POINT('',(34.5938750006173,0.,-117.05));
#5040=CARTESIAN_POINT('',(30.5,0.,-117.05));
#5041=CARTESIAN_POINT('',(34.5938750006173,-11.,-117.05));
#5042=CARTESIAN_POINT('',(30.5,-11.,-117.05));
#5043=CARTESIAN_POINT('',(34.5938750006173,0.,-117.05));
#5044=CARTESIAN_POINT('Origin',(47.25,0.,-113.3));
#5045=CARTESIAN_POINT('',(59.9061249993827,0.,-117.05));
#5046=CARTESIAN_POINT('Origin',(47.25,0.,-113.3));
#5047=CARTESIAN_POINT('',(59.9061249993827,-11.,-117.05));
#5048=CARTESIAN_POINT('Origin',(47.25,-11.,-113.3));
#5049=CARTESIAN_POINT('',(59.9061249993827,0.,-117.05));
#5050=CARTESIAN_POINT('Origin',(64.,0.,-117.05));
#5051=CARTESIAN_POINT('',(64.,0.,-117.05));
#5052=CARTESIAN_POINT('',(30.5,0.,-117.05));
#5053=CARTESIAN_POINT('',(64.,-11.,-117.05));
#5054=CARTESIAN_POINT('',(30.5,-11.,-117.05));
#5055=CARTESIAN_POINT('',(64.,0.,-117.05));
#5056=CARTESIAN_POINT('Origin',(64.,0.,-109.55));
#5057=CARTESIAN_POINT('',(64.,0.,-109.55));
#5058=CARTESIAN_POINT('',(64.,0.,-117.05));
#5059=CARTESIAN_POINT('',(64.,-11.,-109.55));
#5060=CARTESIAN_POINT('',(64.,-11.,-117.05));
#5061=CARTESIAN_POINT('',(64.,0.,-109.55));
#5062=CARTESIAN_POINT('Origin',(59.9061249993827,0.,-109.55));
#5063=CARTESIAN_POINT('',(59.9061249993827,0.,-109.55));
#5064=CARTESIAN_POINT('',(64.,0.,-109.55));
#5065=CARTESIAN_POINT('',(59.9061249993827,-11.,-109.55));
#5066=CARTESIAN_POINT('',(64.,-11.,-109.55));
#5067=CARTESIAN_POINT('',(59.9061249993827,0.,-109.55));
#5068=CARTESIAN_POINT('Origin',(47.25,0.,-113.3));
#5069=CARTESIAN_POINT('Origin',(47.25,0.,-113.3));
#5070=CARTESIAN_POINT('Origin',(47.25,-11.,-113.3));
#5071=CARTESIAN_POINT('Origin',(602.5,0.,-166.5));
#5072=CARTESIAN_POINT('',(588.,-11.,-166.5));
#5073=CARTESIAN_POINT('Origin',(602.5,-11.,-166.5));
#5074=CARTESIAN_POINT('',(588.,0.,-166.5));
#5075=CARTESIAN_POINT('',(588.,0.,-166.5));
#5076=CARTESIAN_POINT('Origin',(602.5,0.,-166.5));
#5077=CARTESIAN_POINT('Origin',(36.,0.,-154.5));
#5078=CARTESIAN_POINT('',(30.,-11.,-154.5));
#5079=CARTESIAN_POINT('Origin',(36.,-11.,-154.5));
#5080=CARTESIAN_POINT('',(30.,0.,-154.5));
#5081=CARTESIAN_POINT('',(30.,0.,-154.5));
#5082=CARTESIAN_POINT('Origin',(36.,0.,-154.5));
#5083=CARTESIAN_POINT('Origin',(92.0000000000049,0.,-57.5000000000102));
#5084=CARTESIAN_POINT('',(87.9061249993802,0.,-57.5000000000084));
#5085=CARTESIAN_POINT('',(92.0000000000049,0.,-57.5000000000102));
#5086=CARTESIAN_POINT('',(58.4999999999952,0.,-57.4999999999948));
#5087=CARTESIAN_POINT('',(87.9061249993802,-11.,-57.5000000000084));
#5088=CARTESIAN_POINT('',(87.9061249993802,0.,-57.5000000000084));
#5089=CARTESIAN_POINT('',(92.0000000000049,-11.,-57.5000000000102));
#5090=CARTESIAN_POINT('',(58.4999999999952,-11.,-57.4999999999948));
#5091=CARTESIAN_POINT('',(92.0000000000049,0.,-57.5000000000102));
#5092=CARTESIAN_POINT('Origin',(92.0000000000049,0.,-50.0000000000052));
#5093=CARTESIAN_POINT('',(92.0000000000049,0.,-50.0000000000052));
#5094=CARTESIAN_POINT('',(92.0000000000049,0.,-57.5000000000102));
#5095=CARTESIAN_POINT('',(92.0000000000049,-11.,-50.0000000000052));
#5096=CARTESIAN_POINT('',(92.0000000000049,-11.,-57.5000000000102));
#5097=CARTESIAN_POINT('',(92.0000000000049,0.,-50.0000000000052));
#5098=CARTESIAN_POINT('Origin',(87.9061249993843,0.,-50.0000000000052));
#5099=CARTESIAN_POINT('',(87.9061249993843,0.,-50.0000000000052));
#5100=CARTESIAN_POINT('',(92.0000000000049,0.,-50.0000000000052));
#5101=CARTESIAN_POINT('',(87.9061249993843,-11.,-50.0000000000052));
#5102=CARTESIAN_POINT('',(92.0000000000049,-11.,-50.0000000000052));
#5103=CARTESIAN_POINT('',(87.9061249993843,0.,-50.0000000000052));
#5104=CARTESIAN_POINT('Origin',(75.25,0.,-53.75));
#5105=CARTESIAN_POINT('',(62.5938750006158,0.,-50.0000000000052));
#5106=CARTESIAN_POINT('Origin',(75.25,0.,-53.75));
#5107=CARTESIAN_POINT('',(62.5938750006158,-11.,-50.0000000000052));
#5108=CARTESIAN_POINT('Origin',(75.25,-11.,-53.75));
#5109=CARTESIAN_POINT('',(62.5938750006158,0.,-50.0000000000052));
#5110=CARTESIAN_POINT('Origin',(58.5000000000049,0.,-50.0000000000052));
#5111=CARTESIAN_POINT('',(58.5000000000049,0.,-50.0000000000052));
#5112=CARTESIAN_POINT('',(92.0000000000049,0.,-50.0000000000052));
#5113=CARTESIAN_POINT('',(58.5000000000048,-11.,-50.0000000000052));
#5114=CARTESIAN_POINT('',(92.0000000000049,-11.,-50.0000000000052));
#5115=CARTESIAN_POINT('',(58.5000000000049,0.,-50.0000000000052));
#5116=CARTESIAN_POINT('Origin',(58.4999999999952,0.,-57.4999999999948));
#5117=CARTESIAN_POINT('',(58.4999999999952,0.,-57.4999999999948));
#5118=CARTESIAN_POINT('',(58.5000000000049,0.,-50.0000000000052));
#5119=CARTESIAN_POINT('',(58.4999999999952,-11.,-57.4999999999948));
#5120=CARTESIAN_POINT('',(58.5000000000049,-11.,-50.0000000000052));
#5121=CARTESIAN_POINT('',(58.4999999999952,0.,-57.4999999999948));
#5122=CARTESIAN_POINT('Origin',(62.5938750006164,0.,-57.4999999999967));
#5123=CARTESIAN_POINT('',(62.5938750006164,0.,-57.4999999999967));
#5124=CARTESIAN_POINT('',(58.4999999999952,0.,-57.4999999999948));
#5125=CARTESIAN_POINT('',(62.5938750006164,-11.,-57.4999999999967));
#5126=CARTESIAN_POINT('',(58.4999999999952,-11.,-57.4999999999948));
#5127=CARTESIAN_POINT('',(62.5938750006164,0.,-57.4999999999967));
#5128=CARTESIAN_POINT('Origin',(75.25,0.,-53.75));
#5129=CARTESIAN_POINT('Origin',(75.25,0.,-53.75));
#5130=CARTESIAN_POINT('Origin',(75.25,-11.,-53.75));
#5131=CARTESIAN_POINT('Origin',(633.75,0.,-58.75));
#5132=CARTESIAN_POINT('',(632.5,-11.,-58.75));
#5133=CARTESIAN_POINT('Origin',(633.75,-11.,-58.75));
#5134=CARTESIAN_POINT('',(632.5,0.,-58.75));
#5135=CARTESIAN_POINT('',(632.5,0.,-58.75));
#5136=CARTESIAN_POINT('Origin',(633.75,0.,-58.75));
#5137=CARTESIAN_POINT('Origin',(650.,0.,-2.60385728481154E-30));
#5138=CARTESIAN_POINT('',(0.,0.,0.));
#5139=CARTESIAN_POINT('',(650.,0.,-2.60385728481154E-30));
#5140=CARTESIAN_POINT('',(0.,0.,0.));
#5141=CARTESIAN_POINT('',(0.,-11.,0.));
#5142=CARTESIAN_POINT('',(0.,0.,0.));
#5143=CARTESIAN_POINT('',(650.,-11.,0.));
#5144=CARTESIAN_POINT('',(0.,-11.,0.));
#5145=CARTESIAN_POINT('',(650.,0.,-2.60385728481154E-30));
#5146=CARTESIAN_POINT('Origin',(650.,0.,-215.));
#5147=CARTESIAN_POINT('',(650.,0.,-215.));
#5148=CARTESIAN_POINT('',(650.,0.,-2.60385728481154E-30));
#5149=CARTESIAN_POINT('',(650.,-11.,-215.));
#5150=CARTESIAN_POINT('',(650.,-11.,-2.60385728481154E-30));
#5151=CARTESIAN_POINT('',(650.,0.,-215.));
#5152=CARTESIAN_POINT('Origin',(0.,0.,-215.));
#5153=CARTESIAN_POINT('',(0.,0.,-215.));
#5154=CARTESIAN_POINT('',(650.,0.,-215.));
#5155=CARTESIAN_POINT('',(0.,-11.,-215.));
#5156=CARTESIAN_POINT('',(650.,-11.,-215.));
#5157=CARTESIAN_POINT('',(0.,0.,-215.));
#5158=CARTESIAN_POINT('Origin',(0.,0.,0.));
#5159=CARTESIAN_POINT('',(0.,0.,-215.));
#5160=CARTESIAN_POINT('',(0.,-11.,-215.));
#5161=CARTESIAN_POINT('Origin',(325.,0.,-107.5));
#5162=CARTESIAN_POINT('Origin',(325.,-11.,-107.5));
#5163=UNCERTAINTY_MEASURE_WITH_UNIT(LENGTH_MEASURE(0.01),#5167,
'DISTANCE_ACCURACY_VALUE',
'Maximum model space distance between geometric entities at asserted c
onnectivities');
#5164=UNCERTAINTY_MEASURE_WITH_UNIT(LENGTH_MEASURE(0.01),#5167,
'DISTANCE_ACCURACY_VALUE',
'Maximum model space distance between geometric entities at asserted c
onnectivities');
#5165=(
GEOMETRIC_REPRESENTATION_CONTEXT(3)
GLOBAL_UNCERTAINTY_ASSIGNED_CONTEXT((#5163))
GLOBAL_UNIT_ASSIGNED_CONTEXT((#5167,#5169,#5170))
REPRESENTATION_CONTEXT('','3D')
);
#5166=(
GEOMETRIC_REPRESENTATION_CONTEXT(3)
GLOBAL_UNCERTAINTY_ASSIGNED_CONTEXT((#5164))
GLOBAL_UNIT_ASSIGNED_CONTEXT((#5167,#5169,#5170))
REPRESENTATION_CONTEXT('','3D')
);
#5167=(
LENGTH_UNIT()
NAMED_UNIT(*)
SI_UNIT(.MILLI.,.METRE.)
);
#5168=(
LENGTH_UNIT()
NAMED_UNIT(*)
SI_UNIT($,.METRE.)
);
#5169=(
NAMED_UNIT(*)
PLANE_ANGLE_UNIT()
SI_UNIT($,.RADIAN.)
);
#5170=(
NAMED_UNIT(*)
SI_UNIT($,.STERADIAN.)
SOLID_ANGLE_UNIT()
);
#5171=SHAPE_DEFINITION_REPRESENTATION(#5172,#5173);
#5172=PRODUCT_DEFINITION_SHAPE('',$,#5175);
#5173=SHAPE_REPRESENTATION('',(#3251),#5165);
#5174=PRODUCT_DEFINITION_CONTEXT('part definition',#5179,'design');
#5175=PRODUCT_DEFINITION('2026-06-18-12-45-24-392',
'unimog dash old style',#5176,#5174);
#5176=PRODUCT_DEFINITION_FORMATION('',$,#5181);
#5177=PRODUCT_RELATED_PRODUCT_CATEGORY('unimog dash old style',
'unimog dash old style',(#5181));
#5178=APPLICATION_PROTOCOL_DEFINITION('international standard',
'automotive_design',2009,#5179);
#5179=APPLICATION_CONTEXT(
'Core Data for Automotive Mechanical Design Process');
#5180=PRODUCT_CONTEXT('part definition',#5179,'mechanical');
#5181=PRODUCT('2026-06-18-12-45-24-392','unimog dash old style',$,(#5180));
#5182=PRESENTATION_STYLE_ASSIGNMENT((#5183));
#5183=SURFACE_STYLE_USAGE(.BOTH.,#5184);
#5184=SURFACE_SIDE_STYLE('',(#5185));
#5185=SURFACE_STYLE_FILL_AREA(#5186);
#5186=FILL_AREA_STYLE('Steel - Satin',(#5187));
#5187=FILL_AREA_STYLE_COLOUR('Steel - Satin',#5188);
#5188=COLOUR_RGB('Steel - Satin',0.627450980392157,0.627450980392157,0.627450980392157);
ENDSEC;
END-ISO-10303-21;
