ISO-10303-21;
HEADER;
/* Generated by software containing ST-Developer
 * from STEP Tools, Inc. (www.steptools.com) 
 */

FILE_DESCRIPTION(
/* description */ (''),
/* implementation_level */ '2;1');

FILE_NAME(
/* name */ 'headlight dual holder separate retainers.step',
/* time_stamp */ '2026-06-02T14:08:10-07:00',
/* author */ (''),
/* organization */ (''),
/* preprocessor_version */ 'ST-DEVELOPER v20.1',
/* originating_system */ 'Autodesk Translation Framework v15.8.0.0',
/* authorisation */ '');

FILE_SCHEMA (('AUTOMOTIVE_DESIGN { 1 0 10303 214 3 1 1 }'));
ENDSEC;

DATA;
#10=MECHANICAL_DESIGN_GEOMETRIC_PRESENTATION_REPRESENTATION('',(#20,#21),
#12100);
#11=CONTEXT_DEPENDENT_OVER_RIDING_STYLED_ITEM('',(#12125),#12111,#21,(#15));
#12=MAPPED_ITEM('',#13,#6672);
#13=REPRESENTATION_MAP(#6672,#12110);
#14=ITEM_DEFINED_TRANSFORMATION($,$,#6046,#6671);
#15=(
REPRESENTATION_RELATIONSHIP($,$,#12111,#12110)
REPRESENTATION_RELATIONSHIP_WITH_TRANSFORMATION(#14)
SHAPE_REPRESENTATION_RELATIONSHIP()
);
#16=CONTEXT_DEPENDENT_SHAPE_REPRESENTATION(#15,#12109);
#17=NEXT_ASSEMBLY_USAGE_OCCURRENCE('main holder:1','main holder:1',
'main holder:1',#12113,#12114,'main holder:1');
#18=SHAPE_REPRESENTATION_RELATIONSHIP('SRR','None',#12111,#19);
#19=ADVANCED_BREP_SHAPE_REPRESENTATION('',(#22),#12099);
#20=STYLED_ITEM('',(#12125),#22);
#21=STYLED_ITEM('',(#12126),#12);
#22=MANIFOLD_SOLID_BREP('Body1',#6032);
#23=CONICAL_SURFACE('',#6339,6.,0.785398163397447);
#24=CONICAL_SURFACE('',#6347,9.48544026522071,0.785398163397448);
#25=CONICAL_SURFACE('',#6356,6.00000000000001,0.785398163397455);
#26=CONICAL_SURFACE('',#6367,9.48544026522066,0.785398163397443);
#27=CONICAL_SURFACE('',#6370,10.5,0.785398163397455);
#28=CONICAL_SURFACE('',#6373,9.48544026522069,0.785398163397443);
#29=CONICAL_SURFACE('',#6388,6.00000000000001,0.785398163397455);
#30=CONICAL_SURFACE('',#6393,9.49999999999999,0.785398163397455);
#31=CONICAL_SURFACE('',#6401,6.00000000000001,0.785398163397455);
#32=CONICAL_SURFACE('',#6410,9.48544026522072,0.785398163397448);
#33=CONICAL_SURFACE('',#6418,5.99999999999998,0.785398163397455);
#34=CONICAL_SURFACE('',#6426,9.48544026522069,0.785398163397449);
#35=CONICAL_SURFACE('',#6436,9.5,0.785398163397448);
#36=CONICAL_SURFACE('',#6444,6.,0.785398163397447);
#37=CONICAL_SURFACE('',#6453,9.48544026522071,0.785398163397449);
#38=CONICAL_SURFACE('',#6462,9.48544026522067,0.785398163397448);
#39=CONICAL_SURFACE('',#6466,10.5,0.785398163397449);
#40=CONICAL_SURFACE('',#6470,9.48544026522065,0.785398163397448);
#41=CONICAL_SURFACE('',#6486,6.00000000000001,0.785398163397455);
#42=CONICAL_SURFACE('',#6493,6.,0.785398163397455);
#43=CONICAL_SURFACE('',#6499,6.99999999999998,0.785398163397448);
#44=CONICAL_SURFACE('',#6503,7.,0.785398163397448);
#45=ELLIPSE('',#6274,1.41421356237308,1.);
#46=ELLIPSE('',#6276,1.41421356237311,1.);
#47=ELLIPSE('',#6301,1.41421356237309,1.);
#48=ELLIPSE('',#6303,1.4142135623731,1.);
#49=ELLIPSE('',#6318,1.4142135623731,1.);
#50=ELLIPSE('',#6320,1.41421356237309,1.);
#51=ELLIPSE('',#6325,1.41421356237309,1.);
#52=ELLIPSE('',#6327,1.41421356237311,1.);
#53=ELLIPSE('',#6350,10.6066017177981,7.49999999999998);
#54=ELLIPSE('',#6409,10.6066017177984,7.5);
#55=ELLIPSE('',#6429,10.6066017177983,7.5);
#56=ELLIPSE('',#6452,10.6066017177982,7.5);
#57=FACE_BOUND('',#1913,.T.);
#58=FACE_BOUND('',#1914,.T.);
#59=FACE_BOUND('',#1915,.T.);
#60=FACE_BOUND('',#1916,.T.);
#61=FACE_BOUND('',#1917,.T.);
#62=FACE_BOUND('',#1918,.T.);
#63=FACE_BOUND('',#1919,.T.);
#64=FACE_BOUND('',#1920,.T.);
#65=FACE_BOUND('',#1921,.T.);
#66=FACE_BOUND('',#1922,.T.);
#67=FACE_BOUND('',#1925,.T.);
#68=FACE_BOUND('',#1926,.T.);
#69=FACE_BOUND('',#1975,.T.);
#70=FACE_BOUND('',#1984,.T.);
#71=FACE_BOUND('',#1985,.T.);
#72=FACE_BOUND('',#2012,.T.);
#73=FACE_BOUND('',#2022,.T.);
#74=FACE_BOUND('',#2038,.T.);
#75=FACE_BOUND('',#2061,.T.);
#76=FACE_BOUND('',#2062,.T.);
#77=FACE_BOUND('',#2080,.T.);
#78=FACE_BOUND('',#2081,.T.);
#79=FACE_BOUND('',#2082,.T.);
#80=FACE_BOUND('',#2083,.T.);
#81=FACE_BOUND('',#2084,.T.);
#82=FACE_BOUND('',#2085,.T.);
#83=FACE_BOUND('',#2086,.T.);
#84=FACE_BOUND('',#2087,.T.);
#85=FACE_BOUND('',#2088,.T.);
#86=FACE_BOUND('',#2089,.T.);
#87=FACE_BOUND('',#2090,.T.);
#88=FACE_BOUND('',#2091,.T.);
#89=FACE_BOUND('',#2092,.T.);
#90=FACE_BOUND('',#2093,.T.);
#91=FACE_BOUND('',#2094,.T.);
#92=FACE_BOUND('',#2095,.T.);
#93=FACE_BOUND('',#2096,.T.);
#94=FACE_BOUND('',#2139,.T.);
#95=FACE_BOUND('',#2142,.T.);
#96=FACE_BOUND('',#2145,.T.);
#97=FACE_BOUND('',#2148,.T.);
#98=FACE_BOUND('',#2152,.T.);
#99=FACE_BOUND('',#2155,.T.);
#100=FACE_BOUND('',#2157,.T.);
#101=FACE_BOUND('',#2159,.T.);
#102=(
BOUNDED_CURVE()
B_SPLINE_CURVE(5,(#10252,#10253,#10254,#10255,#10256,#10257,#10258,#10259,
#10260,#10261,#10262,#10263,#10264,#10265,#10266),.UNSPECIFIED.,.F.,.F.)
B_SPLINE_CURVE_WITH_KNOTS((6,1,1,1,1,1,1,1,1,1,6),(-0.95563251059054,-0.9,
-0.8,-0.7,-0.6,-0.5,-0.4,-0.3,-0.2,-0.1,0.),.UNSPECIFIED.)
CURVE()
GEOMETRIC_REPRESENTATION_ITEM()
RATIONAL_B_SPLINE_CURVE((1.,1.,1.,1.,1.,1.,1.,1.,1.,1.,1.,1.,1.,1.,1.))
REPRESENTATION_ITEM('')
);
#103=(
BOUNDED_CURVE()
B_SPLINE_CURVE(5,(#10299,#10300,#10301,#10302,#10303,#10304,#10305,#10306,
#10307,#10308,#10309,#10310,#10311,#10312,#10313),.UNSPECIFIED.,.F.,.F.)
B_SPLINE_CURVE_WITH_KNOTS((6,1,1,1,1,1,1,1,1,1,6),(0.,0.1,0.2,0.3,0.4,0.5,
0.6,0.7,0.8,0.9,0.955632503525871),.UNSPECIFIED.)
CURVE()
GEOMETRIC_REPRESENTATION_ITEM()
RATIONAL_B_SPLINE_CURVE((1.,1.,1.,1.,1.,1.,1.,1.,1.,1.,1.,1.,1.,1.,1.))
REPRESENTATION_ITEM('')
);
#104=(
BOUNDED_CURVE()
B_SPLINE_CURVE(5,(#10455,#10456,#10457,#10458,#10459,#10460,#10461,#10462,
#10463,#10464,#10465,#10466,#10467,#10468,#10469),.UNSPECIFIED.,.F.,.F.)
B_SPLINE_CURVE_WITH_KNOTS((6,1,1,1,1,1,1,1,1,1,6),(-0.955632503851274,-0.9,
-0.8,-0.7,-0.6,-0.5,-0.4,-0.3,-0.2,-0.1,0.),.UNSPECIFIED.)
CURVE()
GEOMETRIC_REPRESENTATION_ITEM()
RATIONAL_B_SPLINE_CURVE((1.,1.,1.,1.,1.,1.,1.,1.,1.,1.,1.,1.,1.,1.,1.))
REPRESENTATION_ITEM('')
);
#105=(
BOUNDED_CURVE()
B_SPLINE_CURVE(5,(#10471,#10472,#10473,#10474,#10475,#10476,#10477,#10478,
#10479,#10480,#10481,#10482,#10483,#10484,#10485),.UNSPECIFIED.,.F.,.F.)
B_SPLINE_CURVE_WITH_KNOTS((6,1,1,1,1,1,1,1,1,1,6),(0.,0.1,0.2,0.3,0.4,0.5,
0.6,0.7,0.8,0.9,0.955632510263555),.UNSPECIFIED.)
CURVE()
GEOMETRIC_REPRESENTATION_ITEM()
RATIONAL_B_SPLINE_CURVE((1.,1.,1.,1.,1.,1.,1.,1.,1.,1.,1.,1.,1.,1.,1.))
REPRESENTATION_ITEM('')
);
#106=(
BOUNDED_SURFACE()
B_SPLINE_SURFACE(5,1,((#10220,#10221),(#10222,#10223),(#10224,#10225),(#10226,
#10227),(#10228,#10229),(#10230,#10231),(#10232,#10233),(#10234,#10235),
(#10236,#10237),(#10238,#10239),(#10240,#10241),(#10242,#10243),(#10244,
#10245),(#10246,#10247),(#10248,#10249)),.UNSPECIFIED.,.F.,.F.,.F.)
B_SPLINE_SURFACE_WITH_KNOTS((6,1,1,1,1,1,1,1,1,1,6),(2,2),(-0.95563251059054,
-0.9,-0.8,-0.7,-0.6,-0.5,-0.4,-0.3,-0.2,-0.1,0.),(0.,0.4),.UNSPECIFIED.)
GEOMETRIC_REPRESENTATION_ITEM()
RATIONAL_B_SPLINE_SURFACE(((1.,1.),(1.,1.),(1.,1.),(1.,1.),(1.,1.),(1.,
1.),(1.,1.),(1.,1.),(1.,1.),(1.,1.),(1.,1.),(1.,1.),(1.,1.),(1.,1.),(1.,
1.)))
REPRESENTATION_ITEM('')
SURFACE()
);
#107=(
BOUNDED_SURFACE()
B_SPLINE_SURFACE(5,1,((#10267,#10268),(#10269,#10270),(#10271,#10272),(#10273,
#10274),(#10275,#10276),(#10277,#10278),(#10279,#10280),(#10281,#10282),
(#10283,#10284),(#10285,#10286),(#10287,#10288),(#10289,#10290),(#10291,
#10292),(#10293,#10294),(#10295,#10296)),.UNSPECIFIED.,.F.,.F.,.F.)
B_SPLINE_SURFACE_WITH_KNOTS((6,1,1,1,1,1,1,1,1,1,6),(2,2),(0.,0.1,0.2,0.3,
0.4,0.5,0.6,0.7,0.8,0.9,0.955632503525871),(0.,0.4),.UNSPECIFIED.)
GEOMETRIC_REPRESENTATION_ITEM()
RATIONAL_B_SPLINE_SURFACE(((1.,1.),(1.,1.),(1.,1.),(1.,1.),(1.,1.),(1.,
1.),(1.,1.),(1.,1.),(1.,1.),(1.,1.),(1.,1.),(1.,1.),(1.,1.),(1.,1.),(1.,
1.)))
REPRESENTATION_ITEM('')
SURFACE()
);
#108=(
BOUNDED_SURFACE()
B_SPLINE_SURFACE(5,1,((#11996,#11997),(#11998,#11999),(#12000,#12001),(#12002,
#12003),(#12004,#12005),(#12006,#12007),(#12008,#12009),(#12010,#12011),
(#12012,#12013),(#12014,#12015),(#12016,#12017),(#12018,#12019),(#12020,
#12021),(#12022,#12023),(#12024,#12025)),.UNSPECIFIED.,.F.,.F.,.F.)
B_SPLINE_SURFACE_WITH_KNOTS((6,1,1,1,1,1,1,1,1,1,6),(2,2),(-0.955632503851274,
-0.9,-0.8,-0.7,-0.6,-0.5,-0.4,-0.3,-0.2,-0.1,0.),(0.,0.4),.UNSPECIFIED.)
GEOMETRIC_REPRESENTATION_ITEM()
RATIONAL_B_SPLINE_SURFACE(((1.,1.),(1.,1.),(1.,1.),(1.,1.),(1.,1.),(1.,
1.),(1.,1.),(1.,1.),(1.,1.),(1.,1.),(1.,1.),(1.,1.),(1.,1.),(1.,1.),(1.,
1.)))
REPRESENTATION_ITEM('')
SURFACE()
);
#109=(
BOUNDED_SURFACE()
B_SPLINE_SURFACE(5,1,((#12027,#12028),(#12029,#12030),(#12031,#12032),(#12033,
#12034),(#12035,#12036),(#12037,#12038),(#12039,#12040),(#12041,#12042),
(#12043,#12044),(#12045,#12046),(#12047,#12048),(#12049,#12050),(#12051,
#12052),(#12053,#12054),(#12055,#12056)),.UNSPECIFIED.,.F.,.F.,.F.)
B_SPLINE_SURFACE_WITH_KNOTS((6,1,1,1,1,1,1,1,1,1,6),(2,2),(0.,0.1,0.2,0.3,
0.4,0.5,0.6,0.7,0.8,0.9,0.955632510263555),(0.,0.4),.UNSPECIFIED.)
GEOMETRIC_REPRESENTATION_ITEM()
RATIONAL_B_SPLINE_SURFACE(((1.,1.),(1.,1.),(1.,1.),(1.,1.),(1.,1.),(1.,
1.),(1.,1.),(1.,1.),(1.,1.),(1.,1.),(1.,1.),(1.,1.),(1.,1.),(1.,1.),(1.,
1.)))
REPRESENTATION_ITEM('')
SURFACE()
);
#110=PLANE('',#6201);
#111=PLANE('',#6202);
#112=PLANE('',#6205);
#113=PLANE('',#6206);
#114=PLANE('',#6209);
#115=PLANE('',#6210);
#116=PLANE('',#6213);
#117=PLANE('',#6214);
#118=PLANE('',#6217);
#119=PLANE('',#6218);
#120=PLANE('',#6219);
#121=PLANE('',#6220);
#122=PLANE('',#6221);
#123=PLANE('',#6253);
#124=PLANE('',#6260);
#125=PLANE('',#6262);
#126=PLANE('',#6331);
#127=PLANE('',#6332);
#128=PLANE('',#6333);
#129=PLANE('',#6335);
#130=PLANE('',#6336);
#131=PLANE('',#6337);
#132=PLANE('',#6344);
#133=PLANE('',#6346);
#134=PLANE('',#6349);
#135=PLANE('',#6351);
#136=PLANE('',#6355);
#137=PLANE('',#6359);
#138=PLANE('',#6366);
#139=PLANE('',#6369);
#140=PLANE('',#6372);
#141=PLANE('',#6375);
#142=PLANE('',#6376);
#143=PLANE('',#6380);
#144=PLANE('',#6383);
#145=PLANE('',#6387);
#146=PLANE('',#6392);
#147=PLANE('',#6396);
#148=PLANE('',#6397);
#149=PLANE('',#6400);
#150=PLANE('',#6406);
#151=PLANE('',#6408);
#152=PLANE('',#6412);
#153=PLANE('',#6413);
#154=PLANE('',#6417);
#155=PLANE('',#6423);
#156=PLANE('',#6425);
#157=PLANE('',#6428);
#158=PLANE('',#6430);
#159=PLANE('',#6434);
#160=PLANE('',#6435);
#161=PLANE('',#6439);
#162=PLANE('',#6440);
#163=PLANE('',#6443);
#164=PLANE('',#6449);
#165=PLANE('',#6451);
#166=PLANE('',#6455);
#167=PLANE('',#6456);
#168=PLANE('',#6460);
#169=PLANE('',#6461);
#170=PLANE('',#6465);
#171=PLANE('',#6469);
#172=PLANE('',#6473);
#173=PLANE('',#6474);
#174=PLANE('',#6478);
#175=PLANE('',#6481);
#176=PLANE('',#6485);
#177=PLANE('',#6489);
#178=PLANE('',#6497);
#179=PLANE('',#6498);
#180=PLANE('',#6502);
#181=PLANE('',#6506);
#182=PLANE('',#6507);
#183=PLANE('',#6510);
#184=PLANE('',#6513);
#185=PLANE('',#6514);
#186=PLANE('',#6537);
#187=PLANE('',#6540);
#188=PLANE('',#6541);
#189=PLANE('',#6542);
#190=PLANE('',#6545);
#191=PLANE('',#6546);
#192=PLANE('',#6547);
#193=PLANE('',#6548);
#194=PLANE('',#6550);
#195=PLANE('',#6554);
#196=PLANE('',#6557);
#197=PLANE('',#6560);
#198=PLANE('',#6563);
#199=PLANE('',#6566);
#200=PLANE('',#6569);
#201=PLANE('',#6572);
#202=PLANE('',#6575);
#203=PLANE('',#6578);
#204=PLANE('',#6581);
#205=PLANE('',#6584);
#206=PLANE('',#6587);
#207=PLANE('',#6590);
#208=PLANE('',#6591);
#209=PLANE('',#6592);
#210=PLANE('',#6593);
#211=PLANE('',#6595);
#212=PLANE('',#6596);
#213=PLANE('',#6598);
#214=PLANE('',#6601);
#215=PLANE('',#6603);
#216=PLANE('',#6604);
#217=PLANE('',#6608);
#218=PLANE('',#6612);
#219=PLANE('',#6614);
#220=PLANE('',#6615);
#221=PLANE('',#6617);
#222=PLANE('',#6619);
#223=PLANE('',#6631);
#224=PLANE('',#6632);
#225=PLANE('',#6633);
#226=PLANE('',#6634);
#227=PLANE('',#6635);
#228=PLANE('',#6636);
#229=PLANE('',#6638);
#230=PLANE('',#6639);
#231=PLANE('',#6641);
#232=PLANE('',#6642);
#233=PLANE('',#6644);
#234=PLANE('',#6645);
#235=PLANE('',#6647);
#236=PLANE('',#6648);
#237=PLANE('',#6649);
#238=PLANE('',#6650);
#239=PLANE('',#6651);
#240=PLANE('',#6652);
#241=PLANE('',#6653);
#242=PLANE('',#6654);
#243=PLANE('',#6656);
#244=PLANE('',#6657);
#245=PLANE('',#6658);
#246=PLANE('',#6660);
#247=PLANE('',#6662);
#248=PLANE('',#6664);
#249=PLANE('',#6666);
#250=PLANE('',#6668);
#251=LINE('',#8460,#698);
#252=LINE('',#8461,#699);
#253=LINE('',#8463,#700);
#254=LINE('',#8464,#701);
#255=LINE('',#8520,#702);
#256=LINE('',#8521,#703);
#257=LINE('',#8526,#704);
#258=LINE('',#8527,#705);
#259=LINE('',#8660,#706);
#260=LINE('',#8662,#707);
#261=LINE('',#8730,#708);
#262=LINE('',#8731,#709);
#263=LINE('',#8867,#710);
#264=LINE('',#8869,#711);
#265=LINE('',#8992,#712);
#266=LINE('',#8993,#713);
#267=LINE('',#9121,#714);
#268=LINE('',#9122,#715);
#269=LINE('',#9130,#716);
#270=LINE('',#9131,#717);
#271=LINE('',#9143,#718);
#272=LINE('',#9144,#719);
#273=LINE('',#9221,#720);
#274=LINE('',#9222,#721);
#275=LINE('',#9318,#722);
#276=LINE('',#9320,#723);
#277=LINE('',#9344,#724);
#278=LINE('',#9345,#725);
#279=LINE('',#9412,#726);
#280=LINE('',#9413,#727);
#281=LINE('',#9484,#728);
#282=LINE('',#9485,#729);
#283=LINE('',#9524,#730);
#284=LINE('',#9525,#731);
#285=LINE('',#9607,#732);
#286=LINE('',#9608,#733);
#287=LINE('',#9611,#734);
#288=LINE('',#9613,#735);
#289=LINE('',#9630,#736);
#290=LINE('',#9631,#737);
#291=LINE('',#9716,#738);
#292=LINE('',#9718,#739);
#293=LINE('',#9753,#740);
#294=LINE('',#9754,#741);
#295=LINE('',#9824,#742);
#296=LINE('',#9825,#743);
#297=LINE('',#9833,#744);
#298=LINE('',#9834,#745);
#299=LINE('',#9865,#746);
#300=LINE('',#9867,#747);
#301=LINE('',#9956,#748);
#302=LINE('',#9957,#749);
#303=LINE('',#9980,#750);
#304=LINE('',#9981,#751);
#305=LINE('',#9983,#752);
#306=LINE('',#9984,#753);
#307=LINE('',#10066,#754);
#308=LINE('',#10067,#755);
#309=LINE('',#10106,#756);
#310=LINE('',#10107,#757);
#311=LINE('',#10110,#758);
#312=LINE('',#10113,#759);
#313=LINE('',#10134,#760);
#314=LINE('',#10135,#761);
#315=LINE('',#10138,#762);
#316=LINE('',#10141,#763);
#317=LINE('',#10162,#764);
#318=LINE('',#10163,#765);
#319=LINE('',#10166,#766);
#320=LINE('',#10169,#767);
#321=LINE('',#10208,#768);
#322=LINE('',#10209,#769);
#323=LINE('',#10212,#770);
#324=LINE('',#10215,#771);
#325=LINE('',#10218,#772);
#326=LINE('',#10219,#773);
#327=LINE('',#10251,#774);
#328=LINE('',#10298,#775);
#329=LINE('',#10315,#776);
#330=LINE('',#10318,#777);
#331=LINE('',#10319,#778);
#332=LINE('',#10325,#779);
#333=LINE('',#10329,#780);
#334=LINE('',#10333,#781);
#335=LINE('',#10336,#782);
#336=LINE('',#10357,#783);
#337=LINE('',#10359,#784);
#338=LINE('',#10361,#785);
#339=LINE('',#10369,#786);
#340=LINE('',#10371,#787);
#341=LINE('',#10373,#788);
#342=LINE('',#10381,#789);
#343=LINE('',#10383,#790);
#344=LINE('',#10385,#791);
#345=LINE('',#10393,#792);
#346=LINE('',#10395,#793);
#347=LINE('',#10397,#794);
#348=LINE('',#10403,#795);
#349=LINE('',#10415,#796);
#350=LINE('',#10418,#797);
#351=LINE('',#10424,#798);
#352=LINE('',#10427,#799);
#353=LINE('',#10433,#800);
#354=LINE('',#10436,#801);
#355=LINE('',#10448,#802);
#356=LINE('',#10451,#803);
#357=LINE('',#10453,#804);
#358=LINE('',#10486,#805);
#359=LINE('',#10488,#806);
#360=LINE('',#10491,#807);
#361=LINE('',#10520,#808);
#362=LINE('',#10522,#809);
#363=LINE('',#10541,#810);
#364=LINE('',#10560,#811);
#365=LINE('',#10562,#812);
#366=LINE('',#10619,#813);
#367=LINE('',#10623,#814);
#368=LINE('',#10625,#815);
#369=LINE('',#10627,#816);
#370=LINE('',#10631,#817);
#371=LINE('',#10633,#818);
#372=LINE('',#10635,#819);
#373=LINE('',#10639,#820);
#374=LINE('',#10641,#821);
#375=LINE('',#10643,#822);
#376=LINE('',#10647,#823);
#377=LINE('',#10648,#824);
#378=LINE('',#10650,#825);
#379=LINE('',#10652,#826);
#380=LINE('',#10654,#827);
#381=LINE('',#10689,#828);
#382=LINE('',#10690,#829);
#383=LINE('',#10698,#830);
#384=LINE('',#10699,#831);
#385=LINE('',#10702,#832);
#386=LINE('',#10707,#833);
#387=LINE('',#10715,#834);
#388=LINE('',#10716,#835);
#389=LINE('',#10718,#836);
#390=LINE('',#10726,#837);
#391=LINE('',#10727,#838);
#392=LINE('',#10735,#839);
#393=LINE('',#10736,#840);
#394=LINE('',#10746,#841);
#395=LINE('',#10747,#842);
#396=LINE('',#10750,#843);
#397=LINE('',#10755,#844);
#398=LINE('',#10763,#845);
#399=LINE('',#10764,#846);
#400=LINE('',#10766,#847);
#401=LINE('',#10774,#848);
#402=LINE('',#10775,#849);
#403=LINE('',#10780,#850);
#404=LINE('',#10784,#851);
#405=LINE('',#10787,#852);
#406=LINE('',#10792,#853);
#407=LINE('',#10796,#854);
#408=LINE('',#10799,#855);
#409=LINE('',#10803,#856);
#410=LINE('',#10805,#857);
#411=LINE('',#10809,#858);
#412=LINE('',#10811,#859);
#413=LINE('',#10818,#860);
#414=LINE('',#10822,#861);
#415=LINE('',#10827,#862);
#416=LINE('',#10829,#863);
#417=LINE('',#10831,#864);
#418=LINE('',#10835,#865);
#419=LINE('',#10837,#866);
#420=LINE('',#10838,#867);
#421=LINE('',#10841,#868);
#422=LINE('',#10845,#869);
#423=LINE('',#10847,#870);
#424=LINE('',#10851,#871);
#425=LINE('',#10853,#872);
#426=LINE('',#10854,#873);
#427=LINE('',#10857,#874);
#428=LINE('',#10863,#875);
#429=LINE('',#10864,#876);
#430=LINE('',#10869,#877);
#431=LINE('',#10874,#878);
#432=LINE('',#10876,#879);
#433=LINE('',#10878,#880);
#434=LINE('',#10882,#881);
#435=LINE('',#10886,#882);
#436=LINE('',#10892,#883);
#437=LINE('',#10896,#884);
#438=LINE('',#10898,#885);
#439=LINE('',#10899,#886);
#440=LINE('',#10902,#887);
#441=LINE('',#10906,#888);
#442=LINE('',#10907,#889);
#443=LINE('',#10911,#890);
#444=LINE('',#10914,#891);
#445=LINE('',#10915,#892);
#446=LINE('',#10918,#893);
#447=LINE('',#10922,#894);
#448=LINE('',#10923,#895);
#449=LINE('',#10926,#896);
#450=LINE('',#10928,#897);
#451=LINE('',#10929,#898);
#452=LINE('',#10932,#899);
#453=LINE('',#10938,#900);
#454=LINE('',#10939,#901);
#455=LINE('',#10942,#902);
#456=LINE('',#10946,#903);
#457=LINE('',#10947,#904);
#458=LINE('',#10950,#905);
#459=LINE('',#10956,#906);
#460=LINE('',#10957,#907);
#461=LINE('',#10960,#908);
#462=LINE('',#10964,#909);
#463=LINE('',#10969,#910);
#464=LINE('',#10971,#911);
#465=LINE('',#10973,#912);
#466=LINE('',#10974,#913);
#467=LINE('',#10978,#914);
#468=LINE('',#10984,#915);
#469=LINE('',#10985,#916);
#470=LINE('',#10986,#917);
#471=LINE('',#10989,#918);
#472=LINE('',#10991,#919);
#473=LINE('',#10992,#920);
#474=LINE('',#10995,#921);
#475=LINE('',#10999,#922);
#476=LINE('',#11000,#923);
#477=LINE('',#11005,#924);
#478=LINE('',#11009,#925);
#479=LINE('',#11014,#926);
#480=LINE('',#11016,#927);
#481=LINE('',#11018,#928);
#482=LINE('',#11025,#929);
#483=LINE('',#11026,#930);
#484=LINE('',#11027,#931);
#485=LINE('',#11030,#932);
#486=LINE('',#11034,#933);
#487=LINE('',#11035,#934);
#488=LINE('',#11038,#935);
#489=LINE('',#11040,#936);
#490=LINE('',#11041,#937);
#491=LINE('',#11044,#938);
#492=LINE('',#11050,#939);
#493=LINE('',#11051,#940);
#494=LINE('',#11056,#941);
#495=LINE('',#11060,#942);
#496=LINE('',#11065,#943);
#497=LINE('',#11067,#944);
#498=LINE('',#11069,#945);
#499=LINE('',#11073,#946);
#500=LINE('',#11075,#947);
#501=LINE('',#11076,#948);
#502=LINE('',#11079,#949);
#503=LINE('',#11083,#950);
#504=LINE('',#11085,#951);
#505=LINE('',#11089,#952);
#506=LINE('',#11091,#953);
#507=LINE('',#11092,#954);
#508=LINE('',#11095,#955);
#509=LINE('',#11101,#956);
#510=LINE('',#11102,#957);
#511=LINE('',#11106,#958);
#512=LINE('',#11108,#959);
#513=LINE('',#11110,#960);
#514=LINE('',#11111,#961);
#515=LINE('',#11115,#962);
#516=LINE('',#11121,#963);
#517=LINE('',#11122,#964);
#518=LINE('',#11123,#965);
#519=LINE('',#11126,#966);
#520=LINE('',#11128,#967);
#521=LINE('',#11129,#968);
#522=LINE('',#11132,#969);
#523=LINE('',#11136,#970);
#524=LINE('',#11137,#971);
#525=LINE('',#11142,#972);
#526=LINE('',#11146,#973);
#527=LINE('',#11151,#974);
#528=LINE('',#11153,#975);
#529=LINE('',#11155,#976);
#530=LINE('',#11162,#977);
#531=LINE('',#11163,#978);
#532=LINE('',#11164,#979);
#533=LINE('',#11167,#980);
#534=LINE('',#11171,#981);
#535=LINE('',#11172,#982);
#536=LINE('',#11175,#983);
#537=LINE('',#11177,#984);
#538=LINE('',#11178,#985);
#539=LINE('',#11181,#986);
#540=LINE('',#11187,#987);
#541=LINE('',#11188,#988);
#542=LINE('',#11192,#989);
#543=LINE('',#11194,#990);
#544=LINE('',#11196,#991);
#545=LINE('',#11197,#992);
#546=LINE('',#11201,#993);
#547=LINE('',#11207,#994);
#548=LINE('',#11208,#995);
#549=LINE('',#11209,#996);
#550=LINE('',#11214,#997);
#551=LINE('',#11219,#998);
#552=LINE('',#11220,#999);
#553=LINE('',#11221,#1000);
#554=LINE('',#11225,#1001);
#555=LINE('',#11231,#1002);
#556=LINE('',#11232,#1003);
#557=LINE('',#11233,#1004);
#558=LINE('',#11236,#1005);
#559=LINE('',#11238,#1006);
#560=LINE('',#11239,#1007);
#561=LINE('',#11242,#1008);
#562=LINE('',#11248,#1009);
#563=LINE('',#11249,#1010);
#564=LINE('',#11252,#1011);
#565=LINE('',#11256,#1012);
#566=LINE('',#11257,#1013);
#567=LINE('',#11260,#1014);
#568=LINE('',#11266,#1015);
#569=LINE('',#11267,#1016);
#570=LINE('',#11272,#1017);
#571=LINE('',#11275,#1018);
#572=LINE('',#11280,#1019);
#573=LINE('',#11284,#1020);
#574=LINE('',#11288,#1021);
#575=LINE('',#11291,#1022);
#576=LINE('',#11295,#1023);
#577=LINE('',#11297,#1024);
#578=LINE('',#11299,#1025);
#579=LINE('',#11300,#1026);
#580=LINE('',#11304,#1027);
#581=LINE('',#11310,#1028);
#582=LINE('',#11311,#1029);
#583=LINE('',#11312,#1030);
#584=LINE('',#11316,#1031);
#585=LINE('',#11322,#1032);
#586=LINE('',#11323,#1033);
#587=LINE('',#11324,#1034);
#588=LINE('',#11326,#1035);
#589=LINE('',#11327,#1036);
#590=LINE('',#11328,#1037);
#591=LINE('',#11330,#1038);
#592=LINE('',#11331,#1039);
#593=LINE('',#11334,#1040);
#594=LINE('',#11338,#1041);
#595=LINE('',#11339,#1042);
#596=LINE('',#11341,#1043);
#597=LINE('',#11345,#1044);
#598=LINE('',#11346,#1045);
#599=LINE('',#11347,#1046);
#600=LINE('',#11348,#1047);
#601=LINE('',#11441,#1048);
#602=LINE('',#11444,#1049);
#603=LINE('',#11448,#1050);
#604=LINE('',#11450,#1051);
#605=LINE('',#11454,#1052);
#606=LINE('',#11458,#1053);
#607=LINE('',#11460,#1054);
#608=LINE('',#11463,#1055);
#609=LINE('',#11466,#1056);
#610=LINE('',#11516,#1057);
#611=LINE('',#11518,#1058);
#612=LINE('',#11537,#1059);
#613=LINE('',#11555,#1060);
#614=LINE('',#11627,#1061);
#615=LINE('',#11629,#1062);
#616=LINE('',#11630,#1063);
#617=LINE('',#11633,#1064);
#618=LINE('',#11636,#1065);
#619=LINE('',#11638,#1066);
#620=LINE('',#11641,#1067);
#621=LINE('',#11642,#1068);
#622=LINE('',#11645,#1069);
#623=LINE('',#11649,#1070);
#624=LINE('',#11650,#1071);
#625=LINE('',#11652,#1072);
#626=LINE('',#11654,#1073);
#627=LINE('',#11655,#1074);
#628=LINE('',#11664,#1075);
#629=LINE('',#11669,#1076);
#630=LINE('',#11674,#1077);
#631=LINE('',#11679,#1078);
#632=LINE('',#11684,#1079);
#633=LINE('',#11689,#1080);
#634=LINE('',#11694,#1081);
#635=LINE('',#11699,#1082);
#636=LINE('',#11704,#1083);
#637=LINE('',#11709,#1084);
#638=LINE('',#11714,#1085);
#639=LINE('',#11719,#1086);
#640=LINE('',#11724,#1087);
#641=LINE('',#11728,#1088);
#642=LINE('',#11729,#1089);
#643=LINE('',#11731,#1090);
#644=LINE('',#11736,#1091);
#645=LINE('',#11742,#1092);
#646=LINE('',#11746,#1093);
#647=LINE('',#11749,#1094);
#648=LINE('',#11754,#1095);
#649=LINE('',#11760,#1096);
#650=LINE('',#11764,#1097);
#651=LINE('',#11768,#1098);
#652=LINE('',#11771,#1099);
#653=LINE('',#11773,#1100);
#654=LINE('',#11779,#1101);
#655=LINE('',#11790,#1102);
#656=LINE('',#11792,#1103);
#657=LINE('',#11794,#1104);
#658=LINE('',#11796,#1105);
#659=LINE('',#11798,#1106);
#660=LINE('',#11800,#1107);
#661=LINE('',#11802,#1108);
#662=LINE('',#11804,#1109);
#663=LINE('',#11806,#1110);
#664=LINE('',#11808,#1111);
#665=LINE('',#11810,#1112);
#666=LINE('',#11811,#1113);
#667=LINE('',#11824,#1114);
#668=LINE('',#11861,#1115);
#669=LINE('',#11863,#1116);
#670=LINE('',#11865,#1117);
#671=LINE('',#11890,#1118);
#672=LINE('',#11892,#1119);
#673=LINE('',#11917,#1120);
#674=LINE('',#11920,#1121);
#675=LINE('',#11923,#1122);
#676=LINE('',#11925,#1123);
#677=LINE('',#11927,#1124);
#678=LINE('',#11944,#1125);
#679=LINE('',#11946,#1126);
#680=LINE('',#11963,#1127);
#681=LINE('',#11965,#1128);
#682=LINE('',#11995,#1129);
#683=LINE('',#12026,#1130);
#684=LINE('',#12057,#1131);
#685=LINE('',#12061,#1132);
#686=LINE('',#12063,#1133);
#687=LINE('',#12067,#1134);
#688=LINE('',#12069,#1135);
#689=LINE('',#12073,#1136);
#690=LINE('',#12074,#1137);
#691=LINE('',#12076,#1138);
#692=LINE('',#12078,#1139);
#693=LINE('',#12080,#1140);
#694=LINE('',#12082,#1141);
#695=LINE('',#12084,#1142);
#696=LINE('',#12086,#1143);
#697=LINE('',#12092,#1144);
#698=VECTOR('',#6713,10.);
#699=VECTOR('',#6714,10.);
#700=VECTOR('',#6717,10.);
#701=VECTOR('',#6718,10.);
#702=VECTOR('',#6739,10.);
#703=VECTOR('',#6740,10.);
#704=VECTOR('',#6745,10.);
#705=VECTOR('',#6746,10.);
#706=VECTOR('',#6757,10.);
#707=VECTOR('',#6758,10.);
#708=VECTOR('',#6779,10.);
#709=VECTOR('',#6780,10.);
#710=VECTOR('',#6805,10.);
#711=VECTOR('',#6806,10.);
#712=VECTOR('',#6831,10.);
#713=VECTOR('',#6832,10.);
#714=VECTOR('',#6861,10.);
#715=VECTOR('',#6862,10.);
#716=VECTOR('',#6873,10.);
#717=VECTOR('',#6874,10.);
#718=VECTOR('',#6887,10.);
#719=VECTOR('',#6888,10.);
#720=VECTOR('',#6901,10.);
#721=VECTOR('',#6902,10.);
#722=VECTOR('',#6905,10.);
#723=VECTOR('',#6906,10.);
#724=VECTOR('',#6919,10.);
#725=VECTOR('',#6920,10.);
#726=VECTOR('',#6937,10.);
#727=VECTOR('',#6938,10.);
#728=VECTOR('',#6957,10.);
#729=VECTOR('',#6958,10.);
#730=VECTOR('',#6961,10.);
#731=VECTOR('',#6962,10.);
#732=VECTOR('',#6967,10.);
#733=VECTOR('',#6968,10.);
#734=VECTOR('',#6971,10.);
#735=VECTOR('',#6972,10.);
#736=VECTOR('',#6977,10.);
#737=VECTOR('',#6978,10.);
#738=VECTOR('',#6987,10.);
#739=VECTOR('',#6988,10.);
#740=VECTOR('',#6997,10.);
#741=VECTOR('',#6998,10.);
#742=VECTOR('',#7003,10.);
#743=VECTOR('',#7004,10.);
#744=VECTOR('',#7015,10.);
#745=VECTOR('',#7016,10.);
#746=VECTOR('',#7019,10.);
#747=VECTOR('',#7020,10.);
#748=VECTOR('',#7025,10.);
#749=VECTOR('',#7026,10.);
#750=VECTOR('',#7035,10.);
#751=VECTOR('',#7036,10.);
#752=VECTOR('',#7039,10.);
#753=VECTOR('',#7040,10.);
#754=VECTOR('',#7043,10.);
#755=VECTOR('',#7044,10.);
#756=VECTOR('',#7047,10.);
#757=VECTOR('',#7048,10.);
#758=VECTOR('',#7051,10.);
#759=VECTOR('',#7056,10.);
#760=VECTOR('',#7059,10.);
#761=VECTOR('',#7060,10.);
#762=VECTOR('',#7063,10.);
#763=VECTOR('',#7068,10.);
#764=VECTOR('',#7071,10.);
#765=VECTOR('',#7072,10.);
#766=VECTOR('',#7075,10.);
#767=VECTOR('',#7080,10.);
#768=VECTOR('',#7083,10.);
#769=VECTOR('',#7084,10.);
#770=VECTOR('',#7087,10.);
#771=VECTOR('',#7092,10.);
#772=VECTOR('',#7095,10.);
#773=VECTOR('',#7096,10.);
#774=VECTOR('',#7097,10.);
#775=VECTOR('',#7098,10.);
#776=VECTOR('',#7101,10.);
#777=VECTOR('',#7104,10.);
#778=VECTOR('',#7105,10.);
#779=VECTOR('',#7110,10.);
#780=VECTOR('',#7113,10.);
#781=VECTOR('',#7116,10.);
#782=VECTOR('',#7119,10.);
#783=VECTOR('',#7138,10.);
#784=VECTOR('',#7139,10.);
#785=VECTOR('',#7140,10.);
#786=VECTOR('',#7147,10.);
#787=VECTOR('',#7148,10.);
#788=VECTOR('',#7149,10.);
#789=VECTOR('',#7156,10.);
#790=VECTOR('',#7157,10.);
#791=VECTOR('',#7158,10.);
#792=VECTOR('',#7165,10.);
#793=VECTOR('',#7166,10.);
#794=VECTOR('',#7167,10.);
#795=VECTOR('',#7174,10.);
#796=VECTOR('',#7175,10.);
#797=VECTOR('',#7178,10.);
#798=VECTOR('',#7179,10.);
#799=VECTOR('',#7182,10.);
#800=VECTOR('',#7183,10.);
#801=VECTOR('',#7186,10.);
#802=VECTOR('',#7187,10.);
#803=VECTOR('',#7190,10.);
#804=VECTOR('',#7191,10.);
#805=VECTOR('',#7192,10.);
#806=VECTOR('',#7193,10.);
#807=VECTOR('',#7198,10.);
#808=VECTOR('',#7201,10.);
#809=VECTOR('',#7202,10.);
#810=VECTOR('',#7203,10.);
#811=VECTOR('',#7204,10.);
#812=VECTOR('',#7205,10.);
#813=VECTOR('',#7208,10.);
#814=VECTOR('',#7211,10.);
#815=VECTOR('',#7212,10.);
#816=VECTOR('',#7213,10.);
#817=VECTOR('',#7216,10.);
#818=VECTOR('',#7217,10.);
#819=VECTOR('',#7218,10.);
#820=VECTOR('',#7221,10.);
#821=VECTOR('',#7222,10.);
#822=VECTOR('',#7223,10.);
#823=VECTOR('',#7226,10.);
#824=VECTOR('',#7227,10.);
#825=VECTOR('',#7230,10.);
#826=VECTOR('',#7233,10.);
#827=VECTOR('',#7236,10.);
#828=VECTOR('',#7249,10.);
#829=VECTOR('',#7250,10.);
#830=VECTOR('',#7261,10.);
#831=VECTOR('',#7262,10.);
#832=VECTOR('',#7265,10.);
#833=VECTOR('',#7272,10.);
#834=VECTOR('',#7283,10.);
#835=VECTOR('',#7284,10.);
#836=VECTOR('',#7287,10.);
#837=VECTOR('',#7298,10.);
#838=VECTOR('',#7299,10.);
#839=VECTOR('',#7310,10.);
#840=VECTOR('',#7311,10.);
#841=VECTOR('',#7326,10.);
#842=VECTOR('',#7327,10.);
#843=VECTOR('',#7330,10.);
#844=VECTOR('',#7337,10.);
#845=VECTOR('',#7348,10.);
#846=VECTOR('',#7349,10.);
#847=VECTOR('',#7352,10.);
#848=VECTOR('',#7363,10.);
#849=VECTOR('',#7364,10.);
#850=VECTOR('',#7371,10.);
#851=VECTOR('',#7376,10.);
#852=VECTOR('',#7381,10.);
#853=VECTOR('',#7388,10.);
#854=VECTOR('',#7393,10.);
#855=VECTOR('',#7398,10.);
#856=VECTOR('',#7405,10.);
#857=VECTOR('',#7408,10.);
#858=VECTOR('',#7415,10.);
#859=VECTOR('',#7418,10.);
#860=VECTOR('',#7427,6.);
#861=VECTOR('',#7432,5.5);
#862=VECTOR('',#7437,10.);
#863=VECTOR('',#7438,10.);
#864=VECTOR('',#7439,10.);
#865=VECTOR('',#7444,10.);
#866=VECTOR('',#7445,10.);
#867=VECTOR('',#7446,10.);
#868=VECTOR('',#7449,10.);
#869=VECTOR('',#7454,10.);
#870=VECTOR('',#7455,10.);
#871=VECTOR('',#7460,10.);
#872=VECTOR('',#7461,10.);
#873=VECTOR('',#7462,10.);
#874=VECTOR('',#7465,10.);
#875=VECTOR('',#7472,10.);
#876=VECTOR('',#7473,10.);
#877=VECTOR('',#7478,6.00000000000001);
#878=VECTOR('',#7483,10.);
#879=VECTOR('',#7484,10.);
#880=VECTOR('',#7485,10.);
#881=VECTOR('',#7488,10.);
#882=VECTOR('',#7491,10.);
#883=VECTOR('',#7498,5.50000000000001);
#884=VECTOR('',#7503,10.);
#885=VECTOR('',#7504,10.);
#886=VECTOR('',#7505,10.);
#887=VECTOR('',#7508,10.);
#888=VECTOR('',#7513,10.);
#889=VECTOR('',#7514,10.);
#890=VECTOR('',#7519,10.);
#891=VECTOR('',#7522,10.);
#892=VECTOR('',#7523,10.);
#893=VECTOR('',#7526,10.);
#894=VECTOR('',#7531,10.);
#895=VECTOR('',#7532,10.);
#896=VECTOR('',#7535,10.);
#897=VECTOR('',#7536,10.);
#898=VECTOR('',#7537,10.);
#899=VECTOR('',#7540,10.);
#900=VECTOR('',#7547,10.);
#901=VECTOR('',#7548,10.);
#902=VECTOR('',#7551,10.);
#903=VECTOR('',#7556,10.);
#904=VECTOR('',#7557,10.);
#905=VECTOR('',#7560,10.);
#906=VECTOR('',#7567,10.);
#907=VECTOR('',#7568,10.);
#908=VECTOR('',#7571,6.00000000000001);
#909=VECTOR('',#7576,5.50000000000001);
#910=VECTOR('',#7581,10.);
#911=VECTOR('',#7582,10.);
#912=VECTOR('',#7583,10.);
#913=VECTOR('',#7584,10.);
#914=VECTOR('',#7587,10.);
#915=VECTOR('',#7594,10.);
#916=VECTOR('',#7595,10.);
#917=VECTOR('',#7596,10.);
#918=VECTOR('',#7599,10.);
#919=VECTOR('',#7600,10.);
#920=VECTOR('',#7601,10.);
#921=VECTOR('',#7604,10.);
#922=VECTOR('',#7609,10.);
#923=VECTOR('',#7610,10.);
#924=VECTOR('',#7615,6.00000000000001);
#925=VECTOR('',#7620,5.50000000000001);
#926=VECTOR('',#7625,10.);
#927=VECTOR('',#7626,10.);
#928=VECTOR('',#7627,10.);
#929=VECTOR('',#7634,10.);
#930=VECTOR('',#7635,10.);
#931=VECTOR('',#7636,10.);
#932=VECTOR('',#7639,10.);
#933=VECTOR('',#7644,10.);
#934=VECTOR('',#7645,10.);
#935=VECTOR('',#7648,10.);
#936=VECTOR('',#7649,10.);
#937=VECTOR('',#7650,10.);
#938=VECTOR('',#7653,10.);
#939=VECTOR('',#7660,10.);
#940=VECTOR('',#7661,10.);
#941=VECTOR('',#7666,5.99999999999998);
#942=VECTOR('',#7671,5.49999999999997);
#943=VECTOR('',#7676,10.);
#944=VECTOR('',#7677,10.);
#945=VECTOR('',#7678,10.);
#946=VECTOR('',#7683,10.);
#947=VECTOR('',#7684,10.);
#948=VECTOR('',#7685,10.);
#949=VECTOR('',#7688,10.);
#950=VECTOR('',#7693,10.);
#951=VECTOR('',#7694,10.);
#952=VECTOR('',#7699,10.);
#953=VECTOR('',#7700,10.);
#954=VECTOR('',#7701,10.);
#955=VECTOR('',#7704,10.);
#956=VECTOR('',#7711,10.);
#957=VECTOR('',#7712,10.);
#958=VECTOR('',#7715,10.);
#959=VECTOR('',#7716,10.);
#960=VECTOR('',#7717,10.);
#961=VECTOR('',#7718,10.);
#962=VECTOR('',#7721,10.);
#963=VECTOR('',#7728,10.);
#964=VECTOR('',#7729,10.);
#965=VECTOR('',#7730,10.);
#966=VECTOR('',#7733,10.);
#967=VECTOR('',#7734,10.);
#968=VECTOR('',#7735,10.);
#969=VECTOR('',#7738,10.);
#970=VECTOR('',#7743,10.);
#971=VECTOR('',#7744,10.);
#972=VECTOR('',#7749,6.);
#973=VECTOR('',#7754,5.5);
#974=VECTOR('',#7759,10.);
#975=VECTOR('',#7760,10.);
#976=VECTOR('',#7761,10.);
#977=VECTOR('',#7768,10.);
#978=VECTOR('',#7769,10.);
#979=VECTOR('',#7770,10.);
#980=VECTOR('',#7773,10.);
#981=VECTOR('',#7778,10.);
#982=VECTOR('',#7779,10.);
#983=VECTOR('',#7782,10.);
#984=VECTOR('',#7783,10.);
#985=VECTOR('',#7784,10.);
#986=VECTOR('',#7787,10.);
#987=VECTOR('',#7794,10.);
#988=VECTOR('',#7795,10.);
#989=VECTOR('',#7798,10.);
#990=VECTOR('',#7799,10.);
#991=VECTOR('',#7800,10.);
#992=VECTOR('',#7801,10.);
#993=VECTOR('',#7804,10.);
#994=VECTOR('',#7811,10.);
#995=VECTOR('',#7812,10.);
#996=VECTOR('',#7813,10.);
#997=VECTOR('',#7818,10.);
#998=VECTOR('',#7823,10.);
#999=VECTOR('',#7824,10.);
#1000=VECTOR('',#7825,10.);
#1001=VECTOR('',#7828,10.);
#1002=VECTOR('',#7835,10.);
#1003=VECTOR('',#7836,10.);
#1004=VECTOR('',#7837,10.);
#1005=VECTOR('',#7840,10.);
#1006=VECTOR('',#7841,10.);
#1007=VECTOR('',#7842,10.);
#1008=VECTOR('',#7845,10.);
#1009=VECTOR('',#7852,10.);
#1010=VECTOR('',#7853,10.);
#1011=VECTOR('',#7856,10.);
#1012=VECTOR('',#7861,10.);
#1013=VECTOR('',#7862,10.);
#1014=VECTOR('',#7865,10.);
#1015=VECTOR('',#7872,10.);
#1016=VECTOR('',#7873,10.);
#1017=VECTOR('',#7878,6.00000000000001);
#1018=VECTOR('',#7883,10.);
#1019=VECTOR('',#7888,5.50000000000001);
#1020=VECTOR('',#7893,6.);
#1021=VECTOR('',#7898,5.49999999999999);
#1022=VECTOR('',#7903,10.);
#1023=VECTOR('',#7906,10.);
#1024=VECTOR('',#7907,10.);
#1025=VECTOR('',#7908,10.);
#1026=VECTOR('',#7909,10.);
#1027=VECTOR('',#7912,10.);
#1028=VECTOR('',#7919,10.);
#1029=VECTOR('',#7920,10.);
#1030=VECTOR('',#7921,10.);
#1031=VECTOR('',#7924,10.);
#1032=VECTOR('',#7931,10.);
#1033=VECTOR('',#7932,10.);
#1034=VECTOR('',#7933,10.);
#1035=VECTOR('',#7936,10.);
#1036=VECTOR('',#7937,10.);
#1037=VECTOR('',#7938,10.);
#1038=VECTOR('',#7939,10.);
#1039=VECTOR('',#7940,10.);
#1040=VECTOR('',#7943,10.);
#1041=VECTOR('',#7948,10.);
#1042=VECTOR('',#7949,10.);
#1043=VECTOR('',#7952,10.);
#1044=VECTOR('',#7957,10.);
#1045=VECTOR('',#7958,10.);
#1046=VECTOR('',#7959,10.);
#1047=VECTOR('',#7960,10.);
#1048=VECTOR('',#7961,10.);
#1049=VECTOR('',#7964,10.);
#1050=VECTOR('',#7967,10.);
#1051=VECTOR('',#7968,10.);
#1052=VECTOR('',#7971,10.);
#1053=VECTOR('',#7974,10.);
#1054=VECTOR('',#7975,10.);
#1055=VECTOR('',#7978,10.);
#1056=VECTOR('',#7979,10.);
#1057=VECTOR('',#7982,10.);
#1058=VECTOR('',#7983,10.);
#1059=VECTOR('',#7984,10.);
#1060=VECTOR('',#7985,10.);
#1061=VECTOR('',#8022,10.);
#1062=VECTOR('',#8023,10.);
#1063=VECTOR('',#8024,10.);
#1064=VECTOR('',#8027,10.);
#1065=VECTOR('',#8032,10.);
#1066=VECTOR('',#8035,10.);
#1067=VECTOR('',#8038,10.);
#1068=VECTOR('',#8039,10.);
#1069=VECTOR('',#8042,10.);
#1070=VECTOR('',#8047,10.);
#1071=VECTOR('',#8048,10.);
#1072=VECTOR('',#8051,10.);
#1073=VECTOR('',#8054,10.);
#1074=VECTOR('',#8055,10.);
#1075=VECTOR('',#8066,2.80000000000001);
#1076=VECTOR('',#8073,2.79999999999999);
#1077=VECTOR('',#8080,2.79999999999999);
#1078=VECTOR('',#8087,2.8);
#1079=VECTOR('',#8094,2.8);
#1080=VECTOR('',#8101,2.79999999999999);
#1081=VECTOR('',#8108,2.80000000000001);
#1082=VECTOR('',#8115,2.80000000000001);
#1083=VECTOR('',#8122,2.79999999999999);
#1084=VECTOR('',#8129,2.79999999999999);
#1085=VECTOR('',#8136,2.8);
#1086=VECTOR('',#8143,2.8);
#1087=VECTOR('',#8150,2.79999999999999);
#1088=VECTOR('',#8157,10.);
#1089=VECTOR('',#8158,10.);
#1090=VECTOR('',#8161,10.);
#1091=VECTOR('',#8168,10.);
#1092=VECTOR('',#8175,10.);
#1093=VECTOR('',#8178,10.);
#1094=VECTOR('',#8181,10.);
#1095=VECTOR('',#8188,10.);
#1096=VECTOR('',#8195,10.);
#1097=VECTOR('',#8200,10.);
#1098=VECTOR('',#8203,10.);
#1099=VECTOR('',#8206,10.);
#1100=VECTOR('',#8207,10.);
#1101=VECTOR('',#8216,10.);
#1102=VECTOR('',#8231,3.25);
#1103=VECTOR('',#8234,3.25);
#1104=VECTOR('',#8237,3.25);
#1105=VECTOR('',#8240,3.25);
#1106=VECTOR('',#8243,3.25);
#1107=VECTOR('',#8246,3.25);
#1108=VECTOR('',#8249,3.25);
#1109=VECTOR('',#8252,3.25);
#1110=VECTOR('',#8255,2.80000000000001);
#1111=VECTOR('',#8258,2.80000000000001);
#1112=VECTOR('',#8261,10.);
#1113=VECTOR('',#8262,10.);
#1114=VECTOR('',#8263,10.);
#1115=VECTOR('',#8264,10.);
#1116=VECTOR('',#8267,10.);
#1117=VECTOR('',#8270,10.);
#1118=VECTOR('',#8271,10.);
#1119=VECTOR('',#8274,10.);
#1120=VECTOR('',#8275,10.);
#1121=VECTOR('',#8280,10.);
#1122=VECTOR('',#8285,10.);
#1123=VECTOR('',#8288,10.);
#1124=VECTOR('',#8291,10.);
#1125=VECTOR('',#8296,10.);
#1126=VECTOR('',#8299,10.);
#1127=VECTOR('',#8304,10.);
#1128=VECTOR('',#8307,10.);
#1129=VECTOR('',#8314,10.);
#1130=VECTOR('',#8315,10.);
#1131=VECTOR('',#8316,10.);
#1132=VECTOR('',#8323,10.);
#1133=VECTOR('',#8326,10.);
#1134=VECTOR('',#8333,10.);
#1135=VECTOR('',#8336,10.);
#1136=VECTOR('',#8343,10.);
#1137=VECTOR('',#8344,10.);
#1138=VECTOR('',#8347,10.);
#1139=VECTOR('',#8350,10.);
#1140=VECTOR('',#8353,10.);
#1141=VECTOR('',#8356,10.);
#1142=VECTOR('',#8359,10.);
#1143=VECTOR('',#8362,10.);
#1144=VECTOR('',#8371,2.80000000000001);
#1145=CYLINDRICAL_SURFACE('',#6063,1.);
#1146=CYLINDRICAL_SURFACE('',#6065,1.);
#1147=CYLINDRICAL_SURFACE('',#6074,1.);
#1148=CYLINDRICAL_SURFACE('',#6076,1.);
#1149=CYLINDRICAL_SURFACE('',#6082,1.);
#1150=CYLINDRICAL_SURFACE('',#6091,1.);
#1151=CYLINDRICAL_SURFACE('',#6104,1.);
#1152=CYLINDRICAL_SURFACE('',#6116,1.);
#1153=CYLINDRICAL_SURFACE('',#6129,1.);
#1154=CYLINDRICAL_SURFACE('',#6135,1.);
#1155=CYLINDRICAL_SURFACE('',#6140,1.);
#1156=CYLINDRICAL_SURFACE('',#6146,1.);
#1157=CYLINDRICAL_SURFACE('',#6148,1.);
#1158=CYLINDRICAL_SURFACE('',#6153,1.);
#1159=CYLINDRICAL_SURFACE('',#6162,1.);
#1160=CYLINDRICAL_SURFACE('',#6171,1.);
#1161=CYLINDRICAL_SURFACE('',#6172,1.);
#1162=CYLINDRICAL_SURFACE('',#6174,1.);
#1163=CYLINDRICAL_SURFACE('',#6175,1.);
#1164=CYLINDRICAL_SURFACE('',#6176,1.);
#1165=CYLINDRICAL_SURFACE('',#6181,1.);
#1166=CYLINDRICAL_SURFACE('',#6185,1.);
#1167=CYLINDRICAL_SURFACE('',#6186,1.);
#1168=CYLINDRICAL_SURFACE('',#6192,1.);
#1169=CYLINDRICAL_SURFACE('',#6193,1.);
#1170=CYLINDRICAL_SURFACE('',#6195,1.);
#1171=CYLINDRICAL_SURFACE('',#6199,1.);
#1172=CYLINDRICAL_SURFACE('',#6200,1.);
#1173=CYLINDRICAL_SURFACE('',#6203,4.45752004923971);
#1174=CYLINDRICAL_SURFACE('',#6207,4.49999999999996);
#1175=CYLINDRICAL_SURFACE('',#6211,4.45752004923972);
#1176=CYLINDRICAL_SURFACE('',#6215,6.50681770442593);
#1177=CYLINDRICAL_SURFACE('',#6252,6.50681770442594);
#1178=CYLINDRICAL_SURFACE('',#6259,6.50681770442597);
#1179=CYLINDRICAL_SURFACE('',#6261,6.50681770442593);
#1180=CYLINDRICAL_SURFACE('',#6267,1.);
#1181=CYLINDRICAL_SURFACE('',#6272,1.);
#1182=CYLINDRICAL_SURFACE('',#6273,1.);
#1183=CYLINDRICAL_SURFACE('',#6275,1.);
#1184=CYLINDRICAL_SURFACE('',#6281,1.);
#1185=CYLINDRICAL_SURFACE('',#6282,1.);
#1186=CYLINDRICAL_SURFACE('',#6287,1.);
#1187=CYLINDRICAL_SURFACE('',#6292,1.);
#1188=CYLINDRICAL_SURFACE('',#6299,1.);
#1189=CYLINDRICAL_SURFACE('',#6300,1.);
#1190=CYLINDRICAL_SURFACE('',#6302,1.);
#1191=CYLINDRICAL_SURFACE('',#6308,1.);
#1192=CYLINDRICAL_SURFACE('',#6309,1.);
#1193=CYLINDRICAL_SURFACE('',#6314,1.);
#1194=CYLINDRICAL_SURFACE('',#6317,1.);
#1195=CYLINDRICAL_SURFACE('',#6319,1.);
#1196=CYLINDRICAL_SURFACE('',#6321,1.);
#1197=CYLINDRICAL_SURFACE('',#6324,1.);
#1198=CYLINDRICAL_SURFACE('',#6326,1.);
#1199=CYLINDRICAL_SURFACE('',#6328,1.);
#1200=CYLINDRICAL_SURFACE('',#6334,65.);
#1201=CYLINDRICAL_SURFACE('',#6338,65.);
#1202=CYLINDRICAL_SURFACE('',#6342,5.5);
#1203=CYLINDRICAL_SURFACE('',#6352,9.98544026522071);
#1204=CYLINDRICAL_SURFACE('',#6364,5.50000000000001);
#1205=CYLINDRICAL_SURFACE('',#6377,9.98544026522069);
#1206=CYLINDRICAL_SURFACE('',#6381,10.);
#1207=CYLINDRICAL_SURFACE('',#6384,9.98544026522065);
#1208=CYLINDRICAL_SURFACE('',#6390,5.50000000000001);
#1209=CYLINDRICAL_SURFACE('',#6398,10.);
#1210=CYLINDRICAL_SURFACE('',#6404,5.50000000000001);
#1211=CYLINDRICAL_SURFACE('',#6414,9.98544026522072);
#1212=CYLINDRICAL_SURFACE('',#6421,5.49999999999997);
#1213=CYLINDRICAL_SURFACE('',#6431,9.98544026522069);
#1214=CYLINDRICAL_SURFACE('',#6441,10.);
#1215=CYLINDRICAL_SURFACE('',#6447,5.5);
#1216=CYLINDRICAL_SURFACE('',#6457,9.98544026522071);
#1217=CYLINDRICAL_SURFACE('',#6475,9.98544026522065);
#1218=CYLINDRICAL_SURFACE('',#6479,10.);
#1219=CYLINDRICAL_SURFACE('',#6482,9.98544026522067);
#1220=CYLINDRICAL_SURFACE('',#6491,5.50000000000001);
#1221=CYLINDRICAL_SURFACE('',#6495,5.49999999999999);
#1222=CYLINDRICAL_SURFACE('',#6508,7.5);
#1223=CYLINDRICAL_SURFACE('',#6511,7.49999999999998);
#1224=CYLINDRICAL_SURFACE('',#6536,71.85);
#1225=CYLINDRICAL_SURFACE('',#6538,5.80000000000002);
#1226=CYLINDRICAL_SURFACE('',#6543,5.79999999999998);
#1227=CYLINDRICAL_SURFACE('',#6552,2.80000000000001);
#1228=CYLINDRICAL_SURFACE('',#6555,2.79999999999999);
#1229=CYLINDRICAL_SURFACE('',#6558,2.79999999999999);
#1230=CYLINDRICAL_SURFACE('',#6561,2.8);
#1231=CYLINDRICAL_SURFACE('',#6564,2.8);
#1232=CYLINDRICAL_SURFACE('',#6567,2.79999999999999);
#1233=CYLINDRICAL_SURFACE('',#6570,2.80000000000001);
#1234=CYLINDRICAL_SURFACE('',#6573,2.80000000000001);
#1235=CYLINDRICAL_SURFACE('',#6576,2.79999999999999);
#1236=CYLINDRICAL_SURFACE('',#6579,2.79999999999999);
#1237=CYLINDRICAL_SURFACE('',#6582,2.8);
#1238=CYLINDRICAL_SURFACE('',#6585,2.8);
#1239=CYLINDRICAL_SURFACE('',#6588,2.79999999999999);
#1240=CYLINDRICAL_SURFACE('',#6606,7.5);
#1241=CYLINDRICAL_SURFACE('',#6621,3.25);
#1242=CYLINDRICAL_SURFACE('',#6622,3.25);
#1243=CYLINDRICAL_SURFACE('',#6623,3.25);
#1244=CYLINDRICAL_SURFACE('',#6624,3.25);
#1245=CYLINDRICAL_SURFACE('',#6625,3.25);
#1246=CYLINDRICAL_SURFACE('',#6626,3.25);
#1247=CYLINDRICAL_SURFACE('',#6627,3.25);
#1248=CYLINDRICAL_SURFACE('',#6628,3.25);
#1249=CYLINDRICAL_SURFACE('',#6629,2.80000000000001);
#1250=CYLINDRICAL_SURFACE('',#6630,2.80000000000001);
#1251=CYLINDRICAL_SURFACE('',#6637,7.5);
#1252=CYLINDRICAL_SURFACE('',#6640,4.45752004923971);
#1253=CYLINDRICAL_SURFACE('',#6643,4.49999999999997);
#1254=CYLINDRICAL_SURFACE('',#6646,4.4575200492397);
#1255=CYLINDRICAL_SURFACE('',#6655,65.);
#1256=CYLINDRICAL_SURFACE('',#6659,65.);
#1257=CYLINDRICAL_SURFACE('',#6661,32.);
#1258=CYLINDRICAL_SURFACE('',#6663,32.);
#1259=CYLINDRICAL_SURFACE('',#6665,32.);
#1260=CYLINDRICAL_SURFACE('',#6667,32.);
#1261=CYLINDRICAL_SURFACE('',#6670,2.80000000000001);
#1262=TOROIDAL_SURFACE('',#6055,7.50681770442593,1.);
#1263=TOROIDAL_SURFACE('',#6093,7.50681770442597,1.);
#1264=TOROIDAL_SURFACE('',#6105,5.45752004923971,1.);
#1265=TOROIDAL_SURFACE('',#6131,5.49999999999996,1.);
#1266=TOROIDAL_SURFACE('',#6155,5.45752004923972,1.);
#1267=TOROIDAL_SURFACE('',#6167,7.50681770442594,1.);
#1268=TOROIDAL_SURFACE('',#6178,7.50681770442594,1.);
#1269=TOROIDAL_SURFACE('',#6182,5.45752004923971,1.);
#1270=TOROIDAL_SURFACE('',#6188,5.49999999999998,1.);
#1271=TOROIDAL_SURFACE('',#6196,5.4575200492397,1.);
#1272=TOROIDAL_SURFACE('',#6293,66.,1.);
#1273=TOROIDAL_SURFACE('',#6315,66.,1.);
#1274=TOROIDAL_SURFACE('',#6322,66.,1.);
#1275=TOROIDAL_SURFACE('',#6329,66.,1.);
#1276=B_SPLINE_CURVE_WITH_KNOTS('',3,(#8414,#8415,#8416,#8417,#8418,#8419,
#8420),.UNSPECIFIED.,.F.,.F.,(4,3,4),(0.,0.0628024733723213,0.146539104535416),
 .UNSPECIFIED.);
#1277=B_SPLINE_CURVE_WITH_KNOTS('',3,(#8421,#8422,#8423,#8424),
 .UNSPECIFIED.,.F.,.F.,(4,4),(2.77555756156289E-17,0.3),.UNSPECIFIED.);
#1278=B_SPLINE_CURVE_WITH_KNOTS('',3,(#8425,#8426,#8427,#8428),
 .UNSPECIFIED.,.F.,.F.,(4,4),(-0.3,-2.77555756156289E-17),.UNSPECIFIED.);
#1279=B_SPLINE_CURVE_WITH_KNOTS('',3,(#8437,#8438,#8439,#8440,#8441,#8442,
#8443,#8444,#8445,#8446,#8447,#8448),.UNSPECIFIED.,.F.,.F.,(4,2,2,2,2,4),
(-0.000757263104900822,0.,0.0396715457761014,0.0787484232942976,0.117806257057822,
0.156854016411465),.UNSPECIFIED.);
#1280=B_SPLINE_CURVE_WITH_KNOTS('',3,(#8494,#8495,#8496,#8497,#8498,#8499,
#8500),.UNSPECIFIED.,.F.,.F.,(4,3,4),(0.,0.0702758385880254,0.163976956705393),
 .UNSPECIFIED.);
#1281=B_SPLINE_CURVE_WITH_KNOTS('',3,(#8501,#8502,#8503,#8504),
 .UNSPECIFIED.,.F.,.F.,(4,4),(-8.32667268468867E-17,0.3),.UNSPECIFIED.);
#1282=B_SPLINE_CURVE_WITH_KNOTS('',3,(#8505,#8506,#8507,#8508),
 .UNSPECIFIED.,.F.,.F.,(4,4),(-0.3,8.32667268468867E-17),.UNSPECIFIED.);
#1283=B_SPLINE_CURVE_WITH_KNOTS('',3,(#8585,#8586,#8587,#8588,#8589,#8590,
#8591),.UNSPECIFIED.,.F.,.F.,(4,3,4),(0.,0.571428581472741,1.0000000175773),
 .UNSPECIFIED.);
#1284=B_SPLINE_CURVE_WITH_KNOTS('',3,(#8592,#8593,#8594,#8595,#8596,#8597,
#8598,#8599,#8600,#8601,#8602),.UNSPECIFIED.,.F.,.F.,(4,1,1,1,1,1,1,1,4),
(-6.40576234289372,-5.49065343676604,-4.57554453063837,-3.66043562451069,
-2.74532671838302,-1.83021781225535,-0.915108906127674,-0.457554453063837,
0.),.UNSPECIFIED.);
#1285=B_SPLINE_CURVE_WITH_KNOTS('',3,(#8603,#8604,#8605,#8606,#8607,#8608,
#8609,#8610,#8611,#8612,#8613),.UNSPECIFIED.,.F.,.F.,(4,1,1,1,1,1,1,1,4),
(0.,0.457554453063837,0.915108906127674,1.83021781225535,2.74532671838302,
3.66043562451069,4.57554453063837,5.49065343676604,6.40557485039333),
 .UNSPECIFIED.);
#1286=B_SPLINE_CURVE_WITH_KNOTS('',3,(#8643,#8644,#8645,#8646,#8647,#8648,
#8649),.UNSPECIFIED.,.F.,.F.,(4,3,4),(0.,0.0663020037972886,0.154704675527007),
 .UNSPECIFIED.);
#1287=B_SPLINE_CURVE_WITH_KNOTS('',3,(#8650,#8651,#8652,#8653),
 .UNSPECIFIED.,.F.,.F.,(4,4),(6.93889390390723E-18,0.3),.UNSPECIFIED.);
#1288=B_SPLINE_CURVE_WITH_KNOTS('',3,(#8654,#8655,#8656,#8657),
 .UNSPECIFIED.,.F.,.F.,(4,4),(-0.3,-6.93889390390723E-18),.UNSPECIFIED.);
#1289=B_SPLINE_CURVE_WITH_KNOTS('',3,(#8663,#8664,#8665,#8666,#8667,#8668,
#8669,#8670,#8671,#8672,#8673,#8674),.UNSPECIFIED.,.F.,.F.,(4,2,2,2,2,4),
(-0.157608506230171,-0.156851256449823,-0.117180408727486,-0.0781042187945325,
-0.0390470722810768,0.),.UNSPECIFIED.);
#1290=B_SPLINE_CURVE_WITH_KNOTS('',3,(#8704,#8705,#8706,#8707,#8708,#8709,
#8710),.UNSPECIFIED.,.F.,.F.,(4,3,4),(0.,0.0666399777210398,0.155493281349093),
 .UNSPECIFIED.);
#1291=B_SPLINE_CURVE_WITH_KNOTS('',3,(#8711,#8712,#8713,#8714),
 .UNSPECIFIED.,.F.,.F.,(4,4),(-6.30174504768626E-17,0.3),.UNSPECIFIED.);
#1292=B_SPLINE_CURVE_WITH_KNOTS('',3,(#8715,#8716,#8717,#8718),
 .UNSPECIFIED.,.F.,.F.,(4,4),(-0.3,6.30174504768626E-17),.UNSPECIFIED.);
#1293=B_SPLINE_CURVE_WITH_KNOTS('',3,(#8764,#8765,#8766,#8767,#8768,#8769,
#8770),.UNSPECIFIED.,.F.,.F.,(4,3,4),(0.,0.0702758385880288,0.1639769567054),
 .UNSPECIFIED.);
#1294=B_SPLINE_CURVE_WITH_KNOTS('',3,(#8771,#8772,#8773,#8774),
 .UNSPECIFIED.,.F.,.F.,(4,4),(-1.38777878078145E-17,0.3),.UNSPECIFIED.);
#1295=B_SPLINE_CURVE_WITH_KNOTS('',3,(#8775,#8776,#8777,#8778),
 .UNSPECIFIED.,.F.,.F.,(4,4),(-0.3,1.38777878078145E-17),.UNSPECIFIED.);
#1296=B_SPLINE_CURVE_WITH_KNOTS('',3,(#8808,#8809,#8810,#8811,#8812,#8813,
#8814),.UNSPECIFIED.,.F.,.F.,(4,3,4),(0.,0.0628024733723221,0.146539104535418),
 .UNSPECIFIED.);
#1297=B_SPLINE_CURVE_WITH_KNOTS('',3,(#8815,#8816,#8817,#8818),
 .UNSPECIFIED.,.F.,.F.,(4,4),(-8.50629958994223E-17,0.3),.UNSPECIFIED.);
#1298=B_SPLINE_CURVE_WITH_KNOTS('',3,(#8819,#8820,#8821,#8822),
 .UNSPECIFIED.,.F.,.F.,(4,4),(-0.3,8.50629958994223E-17),.UNSPECIFIED.);
#1299=B_SPLINE_CURVE_WITH_KNOTS('',3,(#8853,#8854,#8855,#8856,#8857,#8858),
 .UNSPECIFIED.,.F.,.F.,(4,1,1,4),(0.109315709956401,0.747318444580069,1.38532117920374,
2.34232528113924),.UNSPECIFIED.);
#1300=B_SPLINE_CURVE_WITH_KNOTS('',3,(#8859,#8860,#8861,#8862,#8863,#8864),
 .UNSPECIFIED.,.F.,.F.,(4,1,1,4),(-2.34232528113924,-1.38532117920374,-0.747318444580069,
-0.109315709956401),.UNSPECIFIED.);
#1301=B_SPLINE_CURVE_WITH_KNOTS('',3,(#8870,#8871,#8872,#8873,#8874,#8875,
#8876,#8877,#8878,#8879,#8880,#8881,#8882,#8883),.UNSPECIFIED.,.F.,.F.,
(4,2,2,2,2,2,4),(-0.00101027940232704,0.,0.0390796994142767,0.0781564382103823,
0.117224679692282,0.156283804526792,0.156577655312485),.UNSPECIFIED.);
#1302=B_SPLINE_CURVE_WITH_KNOTS('',3,(#8888,#8889,#8890,#8891,#8892,#8893,
#8894,#8895,#8896,#8897,#8898,#8899,#8900,#8901),.UNSPECIFIED.,.F.,.F.,
(4,2,2,2,2,2,4),(-0.31424232610577,-0.313290975050068,-0.274206522242396,
-0.235125939678788,-0.196056495229617,-0.156999012625295,-0.156648821005029),
 .UNSPECIFIED.);
#1303=B_SPLINE_CURVE_WITH_KNOTS('',3,(#8932,#8933,#8934,#8935,#8936,#8937,
#8938),.UNSPECIFIED.,.F.,.F.,(4,3,4),(0.,0.0628024733723224,0.146539104535419),
 .UNSPECIFIED.);
#1304=B_SPLINE_CURVE_WITH_KNOTS('',3,(#8939,#8940,#8941,#8942),
 .UNSPECIFIED.,.F.,.F.,(4,4),(6.93889390390723E-18,0.3),.UNSPECIFIED.);
#1305=B_SPLINE_CURVE_WITH_KNOTS('',3,(#8943,#8944,#8945,#8946),
 .UNSPECIFIED.,.F.,.F.,(4,4),(-0.3,-6.93889390390723E-18),.UNSPECIFIED.);
#1306=B_SPLINE_CURVE_WITH_KNOTS('',3,(#8976,#8977,#8978,#8979,#8980,#8981,
#8982),.UNSPECIFIED.,.F.,.F.,(4,3,4),(0.,0.070275838588031,0.163976956705406),
 .UNSPECIFIED.);
#1307=B_SPLINE_CURVE_WITH_KNOTS('',3,(#8983,#8984,#8985,#8986),
 .UNSPECIFIED.,.F.,.F.,(4,4),(2.77555756156289E-17,0.3),.UNSPECIFIED.);
#1308=B_SPLINE_CURVE_WITH_KNOTS('',3,(#8987,#8988,#8989,#8990),
 .UNSPECIFIED.,.F.,.F.,(4,4),(-0.3,-2.77555756156289E-17),.UNSPECIFIED.);
#1309=B_SPLINE_CURVE_WITH_KNOTS('',3,(#9030,#9031,#9032,#9033,#9034,#9035,
#9036),.UNSPECIFIED.,.F.,.F.,(4,3,4),(0.,0.0663020037972882,0.154704675527006),
 .UNSPECIFIED.);
#1310=B_SPLINE_CURVE_WITH_KNOTS('',3,(#9037,#9038,#9039,#9040),
 .UNSPECIFIED.,.F.,.F.,(4,4),(-8.32667268468867E-17,0.3),.UNSPECIFIED.);
#1311=B_SPLINE_CURVE_WITH_KNOTS('',3,(#9041,#9042,#9043,#9044),
 .UNSPECIFIED.,.F.,.F.,(4,4),(-0.3,8.32667268468867E-17),.UNSPECIFIED.);
#1312=B_SPLINE_CURVE_WITH_KNOTS('',3,(#9065,#9066,#9067,#9068),
 .UNSPECIFIED.,.F.,.F.,(4,4),(-1.22283399684347,-0.0975992918243593),
 .UNSPECIFIED.);
#1313=B_SPLINE_CURVE_WITH_KNOTS('',3,(#9069,#9070,#9071,#9072),
 .UNSPECIFIED.,.F.,.F.,(4,4),(0.0975992918243593,1.22283399684347),
 .UNSPECIFIED.);
#1314=B_SPLINE_CURVE_WITH_KNOTS('',3,(#9102,#9103,#9104,#9105,#9106,#9107,
#9108),.UNSPECIFIED.,.F.,.F.,(4,3,4),(0.,0.0663020037972886,0.154704675527007),
 .UNSPECIFIED.);
#1315=B_SPLINE_CURVE_WITH_KNOTS('',3,(#9109,#9110,#9111,#9112),
 .UNSPECIFIED.,.F.,.F.,(4,4),(6.93889390390723E-18,0.3),.UNSPECIFIED.);
#1316=B_SPLINE_CURVE_WITH_KNOTS('',3,(#9113,#9114,#9115,#9116),
 .UNSPECIFIED.,.F.,.F.,(4,4),(-0.3,-6.93889390390723E-18),.UNSPECIFIED.);
#1317=B_SPLINE_CURVE_WITH_KNOTS('',3,(#9174,#9175,#9176,#9177,#9178,#9179,
#9180),.UNSPECIFIED.,.F.,.F.,(4,3,4),(0.,0.0702758385880326,0.163976956705409),
 .UNSPECIFIED.);
#1318=B_SPLINE_CURVE_WITH_KNOTS('',3,(#9181,#9182,#9183,#9184),
 .UNSPECIFIED.,.F.,.F.,(4,4),(6.93889390390721E-18,0.3),.UNSPECIFIED.);
#1319=B_SPLINE_CURVE_WITH_KNOTS('',3,(#9185,#9186,#9187,#9188),
 .UNSPECIFIED.,.F.,.F.,(4,4),(-0.3,-6.93889390390721E-18),.UNSPECIFIED.);
#1320=B_SPLINE_CURVE_WITH_KNOTS('',3,(#9209,#9210,#9211,#9212),
 .UNSPECIFIED.,.F.,.F.,(4,4),(-1.23224033460045,-0.107005629581352),
 .UNSPECIFIED.);
#1321=B_SPLINE_CURVE_WITH_KNOTS('',3,(#9213,#9214,#9215,#9216),
 .UNSPECIFIED.,.F.,.F.,(4,4),(0.107005629581352,1.23224033460045),
 .UNSPECIFIED.);
#1322=B_SPLINE_CURVE_WITH_KNOTS('',3,(#9285,#9286,#9287,#9288,#9289,#9290,
#9291),.UNSPECIFIED.,.F.,.F.,(4,3,4),(0.,0.57142858104987,1.00000001751769),
 .UNSPECIFIED.);
#1323=B_SPLINE_CURVE_WITH_KNOTS('',3,(#9292,#9293,#9294,#9295,#9296,#9297,
#9298,#9299,#9300,#9301,#9302,#9303),.UNSPECIFIED.,.F.,.F.,(4,1,1,1,1,1,
1,1,1,4),(-6.40576201560498,-5.94820758591891,-5.49065315623284,-4.5755442968607,
-3.66043543748856,-2.74532657811642,-1.83021771874428,-0.91510885937214,
-0.45755442968607,0.),.UNSPECIFIED.);
#1324=B_SPLINE_CURVE_WITH_KNOTS('',3,(#9304,#9305,#9306,#9307,#9308,#9309,
#9310,#9311,#9312,#9313,#9314,#9315),.UNSPECIFIED.,.F.,.F.,(4,1,1,1,1,1,
1,1,1,4),(0.,0.45755442968607,0.91510885937214,1.83021771874428,2.74532657811642,
3.66043543748856,4.5755442968607,5.49065315623284,5.94820758591891,6.40557577275247),
 .UNSPECIFIED.);
#1325=B_SPLINE_CURVE_WITH_KNOTS('',3,(#9321,#9322,#9323,#9324,#9325,#9326,
#9327,#9328,#9329,#9330,#9331,#9332),.UNSPECIFIED.,.F.,.F.,(4,2,2,2,2,4),
(-0.00095135100355698,0.,0.0398132375151821,0.0788859004067097,0.117945838692367,
0.156648820991197),.UNSPECIFIED.);
#1326=B_SPLINE_CURVE_WITH_KNOTS('',3,(#9350,#9351,#9352,#9353,#9354,#9355,
#9356,#9357,#9358,#9359,#9360,#9361,#9362,#9363,#9364,#9365),
 .UNSPECIFIED.,.F.,.F.,(4,2,2,2,2,2,2,4),(-0.314064984905189,-0.31305470458992,
-0.304907970886072,-0.29417913160316,-0.273471400608743,-0.234400676095156,
-0.195339655776625,-0.156577655349824),.UNSPECIFIED.);
#1327=B_SPLINE_CURVE_WITH_KNOTS('',3,(#9396,#9397,#9398,#9399,#9400,#9401,
#9402),.UNSPECIFIED.,.F.,.F.,(4,3,4),(0.,0.062802473372323,0.14653910453542),
 .UNSPECIFIED.);
#1328=B_SPLINE_CURVE_WITH_KNOTS('',3,(#9403,#9404,#9405,#9406),
 .UNSPECIFIED.,.F.,.F.,(4,4),(-6.34451641363199E-17,0.3),.UNSPECIFIED.);
#1329=B_SPLINE_CURVE_WITH_KNOTS('',3,(#9407,#9408,#9409,#9410),
 .UNSPECIFIED.,.F.,.F.,(4,4),(-0.3,6.34451641363199E-17),.UNSPECIFIED.);
#1330=B_SPLINE_CURVE_WITH_KNOTS('',3,(#9451,#9452,#9453,#9454,#9455,#9456),
 .UNSPECIFIED.,.F.,.F.,(4,1,1,4),(0.091579991971093,0.729582726594666,1.36758546121824,
2.3245895631536),.UNSPECIFIED.);
#1331=B_SPLINE_CURVE_WITH_KNOTS('',3,(#9457,#9458,#9459,#9460,#9461,#9462),
 .UNSPECIFIED.,.F.,.F.,(4,1,1,4),(-2.3245895631536,-1.36758546121824,-0.729582726594666,
-0.091579991971093),.UNSPECIFIED.);
#1332=B_SPLINE_CURVE_WITH_KNOTS('',3,(#9471,#9472,#9473,#9474,#9475,#9476,
#9477,#9478,#9479,#9480,#9481,#9482),.UNSPECIFIED.,.F.,.F.,(4,2,2,2,2,4),
(-0.000757263105289659,0.,0.0396715457991744,0.0787484233444903,0.117806257135185,
0.156854016516242),.UNSPECIFIED.);
#1333=B_SPLINE_CURVE_WITH_KNOTS('',3,(#9508,#9509,#9510,#9511,#9512,#9513,
#9514),.UNSPECIFIED.,.F.,.F.,(4,3,4),(0.,0.0942237316975507,0.164891530470714),
 .UNSPECIFIED.);
#1334=B_SPLINE_CURVE_WITH_KNOTS('',3,(#9515,#9516,#9517,#9518),
 .UNSPECIFIED.,.F.,.F.,(4,4),(-0.4,-0.0999999999999999),.UNSPECIFIED.);
#1335=B_SPLINE_CURVE_WITH_KNOTS('',3,(#9519,#9520,#9521,#9522),
 .UNSPECIFIED.,.F.,.F.,(4,4),(0.0999999999999999,0.4),.UNSPECIFIED.);
#1336=B_SPLINE_CURVE_WITH_KNOTS('',3,(#9582,#9583,#9584,#9585,#9586,#9587,
#9588,#9589,#9590,#9591,#9592),.UNSPECIFIED.,.F.,.F.,(4,1,1,1,1,1,1,1,4),
(-3.10363310314681E-9,0.91492140948081,1.83003031586045,2.74513922224008,
3.66024812861972,4.57535703499936,5.49046594137899,5.94802039456881,6.40557484775863),
 .UNSPECIFIED.);
#1337=B_SPLINE_CURVE_WITH_KNOTS('',3,(#9595,#9596,#9597,#9598,#9599,#9600,
#9601,#9602,#9603,#9604,#9605),.UNSPECIFIED.,.F.,.F.,(4,1,1,1,1,1,1,1,4),
(-6.40557484775863,-5.94802039456881,-5.49046594137899,-4.57535703499936,
-3.66024812861972,-2.74513922224008,-1.83003031586045,-0.91492140948081,
0.000187496898826776),.UNSPECIFIED.);
#1338=B_SPLINE_CURVE_WITH_KNOTS('',3,(#9614,#9615,#9616,#9617,#9618,#9619,
#9620,#9621,#9622,#9623,#9624,#9625),.UNSPECIFIED.,.F.,.F.,(4,2,2,2,2,4),
(-0.157608506236028,-0.156851256456255,-0.117180408728443,-0.0781042187950863,
-0.039047072281203,0.),.UNSPECIFIED.);
#1339=B_SPLINE_CURVE_WITH_KNOTS('',3,(#9665,#9666,#9667,#9668,#9669,#9670),
 .UNSPECIFIED.,.F.,.F.,(4,1,1,4),(0.109315709957104,0.747318444580794,1.38532117920448,
2.34232528114002),.UNSPECIFIED.);
#1340=B_SPLINE_CURVE_WITH_KNOTS('',3,(#9671,#9672,#9673,#9674,#9675,#9676),
 .UNSPECIFIED.,.F.,.F.,(4,1,1,4),(-2.34232528114002,-1.38532117920448,-0.747318444580794,
-0.109315709957104),.UNSPECIFIED.);
#1341=B_SPLINE_CURVE_WITH_KNOTS('',3,(#9699,#9700,#9701,#9702,#9703,#9704,
#9705),.UNSPECIFIED.,.F.,.F.,(4,3,4),(0.,0.0706677987731644,0.164891530470717),
 .UNSPECIFIED.);
#1342=B_SPLINE_CURVE_WITH_KNOTS('',3,(#9706,#9707,#9708,#9709),
 .UNSPECIFIED.,.F.,.F.,(4,4),(-9.71445146547012E-17,0.3),.UNSPECIFIED.);
#1343=B_SPLINE_CURVE_WITH_KNOTS('',3,(#9710,#9711,#9712,#9713),
 .UNSPECIFIED.,.F.,.F.,(4,4),(-0.3,9.71445146547012E-17),.UNSPECIFIED.);
#1344=B_SPLINE_CURVE_WITH_KNOTS('',3,(#9719,#9720,#9721,#9722,#9723,#9724,
#9725,#9726,#9727,#9728,#9729,#9730,#9731,#9732),.UNSPECIFIED.,.F.,.F.,
(4,2,2,2,2,2,4),(-0.0010102794031432,0.,0.0390796995229911,0.0781564383636514,
0.117224679890104,0.156283804769606,0.156577655485094),.UNSPECIFIED.);
#1345=B_SPLINE_CURVE_WITH_KNOTS('',3,(#9738,#9739,#9740,#9741,#9742,#9743,
#9744,#9745,#9746,#9747,#9748,#9749,#9750,#9751),.UNSPECIFIED.,.F.,.F.,
(4,2,2,2,2,2,4),(-0.31414524964458,-0.313193899723215,-0.274109493550413,
-0.23502895759103,-0.195959559732818,-0.15690212370536,-0.156551932474096),
 .UNSPECIFIED.);
#1346=B_SPLINE_CURVE_WITH_KNOTS('',3,(#9775,#9776,#9777,#9778),
 .UNSPECIFIED.,.F.,.F.,(4,4),(-1.22423430583245,-0.0983673602908037),
 .UNSPECIFIED.);
#1347=B_SPLINE_CURVE_WITH_KNOTS('',3,(#9779,#9780,#9781,#9782),
 .UNSPECIFIED.,.F.,.F.,(4,4),(0.0983673602908037,1.22423430583245),
 .UNSPECIFIED.);
#1348=B_SPLINE_CURVE_WITH_KNOTS('',3,(#9805,#9806,#9807,#9808,#9809,#9810,
#9811),.UNSPECIFIED.,.F.,.F.,(4,3,4),(0.,0.0706677987731662,0.164891530470721),
 .UNSPECIFIED.);
#1349=B_SPLINE_CURVE_WITH_KNOTS('',3,(#9812,#9813,#9814,#9815),
 .UNSPECIFIED.,.F.,.F.,(4,4),(1.23259516440783E-32,0.3),.UNSPECIFIED.);
#1350=B_SPLINE_CURVE_WITH_KNOTS('',3,(#9816,#9817,#9818,#9819),
 .UNSPECIFIED.,.F.,.F.,(4,4),(-0.3,-1.23259516440783E-32),.UNSPECIFIED.);
#1351=B_SPLINE_CURVE_WITH_KNOTS('',3,(#9855,#9856,#9857,#9858),
 .UNSPECIFIED.,.F.,.F.,(4,4),(-1.2322403346005,-0.107005629581311),
 .UNSPECIFIED.);
#1352=B_SPLINE_CURVE_WITH_KNOTS('',3,(#9859,#9860,#9861,#9862),
 .UNSPECIFIED.,.F.,.F.,(4,4),(0.107005629581311,1.2322403346005),
 .UNSPECIFIED.);
#1353=B_SPLINE_CURVE_WITH_KNOTS('',3,(#9868,#9869,#9870,#9871,#9872,#9873,
#9874,#9875,#9876,#9877,#9878,#9879,#9880,#9881),.UNSPECIFIED.,.F.,.F.,
(4,2,2,2,2,2,4),(-0.000951351003478554,0.,0.0188531388008547,0.0397164883344699,
0.0787891046452908,0.117848996365396,0.156551932519032),.UNSPECIFIED.);
#1354=B_SPLINE_CURVE_WITH_KNOTS('',3,(#9933,#9934,#9935,#9936,#9937,#9938,
#9939,#9940,#9941,#9942),.UNSPECIFIED.,.F.,.F.,(4,1,1,1,1,1,1,4),(-3.16197614768922E-9,
1.83003031325833,2.74513921833688,3.66024812341543,4.57535702849398,5.49046593357253,
5.9480203861118,6.40557483865108),.UNSPECIFIED.);
#1355=B_SPLINE_CURVE_WITH_KNOTS('',3,(#9945,#9946,#9947,#9948,#9949,#9950,
#9951,#9952,#9953,#9954),.UNSPECIFIED.,.F.,.F.,(4,1,1,1,1,1,1,4),(-6.40557483865108,
-5.9480203861118,-5.49046593357253,-4.57535702849398,-3.66024812341543,
-2.74513921833688,-1.83003031325833,0.000187496898769658),.UNSPECIFIED.);
#1356=B_SPLINE_CURVE_WITH_KNOTS('',3,(#9963,#9964,#9965,#9966,#9967,#9968,
#9969,#9970,#9971,#9972,#9973,#9974,#9975,#9976,#9977,#9978),
 .UNSPECIFIED.,.F.,.F.,(4,2,2,2,2,2,2,4),(-0.314064985276458,-0.313054704966189,
-0.304907971276187,-0.294179131998916,-0.273471401019569,-0.234400676459552,
-0.195339656094519,-0.156577655539988),.UNSPECIFIED.);
#1357=B_SPLINE_CURVE_WITH_KNOTS('',3,(#10015,#10016,#10017,#10018,#10019,
#10020),.UNSPECIFIED.,.F.,.F.,(4,1,1,4),(0.0915799919713796,0.729582726594956,
1.36758546121853,2.3245895631539),.UNSPECIFIED.);
#1358=B_SPLINE_CURVE_WITH_KNOTS('',3,(#10021,#10022,#10023,#10024,#10025,
#10026),.UNSPECIFIED.,.F.,.F.,(4,1,1,4),(-2.3245895631539,-1.36758546121853,
-0.729582726594956,-0.0915799919713796),.UNSPECIFIED.);
#1359=B_SPLINE_CURVE_WITH_KNOTS('',3,(#10049,#10050,#10051,#10052,#10053,
#10054,#10055),.UNSPECIFIED.,.F.,.F.,(4,3,4),(0.,0.0942237316975518,0.164891530470716),
 .UNSPECIFIED.);
#1360=B_SPLINE_CURVE_WITH_KNOTS('',3,(#10056,#10057,#10058,#10059),
 .UNSPECIFIED.,.F.,.F.,(4,4),(-0.4,-0.0999999999999998),.UNSPECIFIED.);
#1361=B_SPLINE_CURVE_WITH_KNOTS('',3,(#10060,#10061,#10062,#10063),
 .UNSPECIFIED.,.F.,.F.,(4,4),(0.0999999999999998,0.4),.UNSPECIFIED.);
#1362=B_SPLINE_CURVE_WITH_KNOTS('',3,(#10094,#10095,#10096,#10097,#10098,
#10099,#10100,#10101,#10102,#10103),.UNSPECIFIED.,.F.,.F.,(4,3,3,4),(0.0442400243145859,
0.0724137613690188,0.580925750744741,0.953304791288847),.UNSPECIFIED.);
#1363=B_SPLINE_CURVE_WITH_KNOTS('',3,(#10128,#10129,#10130,#10131),
 .UNSPECIFIED.,.F.,.F.,(4,4),(0.0536693014892439,0.667980570089627),
 .UNSPECIFIED.);
#1364=B_SPLINE_CURVE_WITH_KNOTS('',3,(#10156,#10157,#10158,#10159),
 .UNSPECIFIED.,.F.,.F.,(4,4),(-0.667980570091524,-0.0536693014873958),
 .UNSPECIFIED.);
#1365=B_SPLINE_CURVE_WITH_KNOTS('',3,(#10196,#10197,#10198,#10199,#10200,
#10201,#10202,#10203,#10204,#10205),.UNSPECIFIED.,.F.,.F.,(4,3,3,4),(-0.95330479141347,
-0.846215443609383,-0.427010415542361,-0.0442400243147241),
 .UNSPECIFIED.);
#1366=B_SPLINE_CURVE_WITH_KNOTS('',3,(#10404,#10405,#10406,#10407,#10408,
#10409,#10410,#10411,#10412,#10413),.UNSPECIFIED.,.F.,.F.,(4,3,3,4),(0.0442400243145844,
0.072413761369207,0.580925750744175,0.953304791288848),.UNSPECIFIED.);
#1367=B_SPLINE_CURVE_WITH_KNOTS('',3,(#10419,#10420,#10421,#10422),
 .UNSPECIFIED.,.F.,.F.,(4,4),(0.0536693014871336,0.66835575844414),
 .UNSPECIFIED.);
#1368=B_SPLINE_CURVE_WITH_KNOTS('',3,(#10428,#10429,#10430,#10431),
 .UNSPECIFIED.,.F.,.F.,(4,4),(-0.667980570089641,-0.0536693014892456),
 .UNSPECIFIED.);
#1369=B_SPLINE_CURVE_WITH_KNOTS('',3,(#10437,#10438,#10439,#10440,#10441,
#10442,#10443,#10444,#10445,#10446),.UNSPECIFIED.,.F.,.F.,(4,3,3,4),(-0.953304791413468,
-0.846215443612019,-0.427010415544749,-0.0442400243147268),
 .UNSPECIFIED.);
#1370=B_SPLINE_CURVE_WITH_KNOTS('',3,(#10495,#10496,#10497,#10498,#10499,
#10500,#10501,#10502,#10503,#10504,#10505,#10506,#10507,#10508,#10509,#10510),
 .UNSPECIFIED.,.F.,.F.,(4,3,3,3,3,4),(0.418065262176354,2.36292836732019,
5.35496311389477,10.2522665431496,13.8869999929253,18.9017620368179),
 .UNSPECIFIED.);
#1371=B_SPLINE_CURVE_WITH_KNOTS('',3,(#10512,#10513,#10514,#10515,#10516,
#10517,#10518),.UNSPECIFIED.,.F.,.F.,(4,3,4),(0.,0.479231458315422,0.841535915691803),
 .UNSPECIFIED.);
#1372=B_SPLINE_CURVE_WITH_KNOTS('',3,(#10524,#10525,#10526,#10527,#10528,
#10529,#10530,#10531,#10532,#10533,#10534,#10535,#10536,#10537,#10538,#10539),
 .UNSPECIFIED.,.F.,.F.,(4,3,3,3,3,4),(0.,1.60803944656054,2.93227090491052,
4.55873517506353,6.84809983960424,9.20624093627348),.UNSPECIFIED.);
#1373=B_SPLINE_CURVE_WITH_KNOTS('',3,(#10543,#10544,#10545,#10546,#10547,
#10548,#10549,#10550,#10551,#10552,#10553,#10554,#10555,#10556,#10557,#10558),
 .UNSPECIFIED.,.F.,.F.,(4,3,3,3,3,4),(0.,3.62018302975479,8.72307787023061,
12.8607371679022,18.487928625631,25.4907182448215),.UNSPECIFIED.);
#1374=B_SPLINE_CURVE_WITH_KNOTS('',3,(#10564,#10565,#10566,#10567,#10568,
#10569,#10570),.UNSPECIFIED.,.F.,.F.,(4,3,4),(0.,0.83145933531339,1.93125664387522),
 .UNSPECIFIED.);
#1375=B_SPLINE_CURVE_WITH_KNOTS('',3,(#10572,#10573,#10574,#10575,#10576,
#10577,#10578,#10579,#10580,#10581,#10582,#10583,#10584,#10585,#10586,#10587),
 .UNSPECIFIED.,.F.,.F.,(4,3,3,3,3,4),(0.,1.27907308507726,2.54032761632842,
4.06388822470126,5.68983848407933,6.56994367859916),.UNSPECIFIED.);
#1376=B_SPLINE_CURVE_WITH_KNOTS('',3,(#10589,#10590,#10591,#10592,#10593,
#10594,#10595,#10596,#10597,#10598,#10599,#10600,#10601),.UNSPECIFIED.,
 .F.,.F.,(4,3,3,3,4),(0.,0.12121134587245,0.242422691744899,0.303028364681124,
0.424239710553574),.UNSPECIFIED.);
#1377=B_SPLINE_CURVE_WITH_KNOTS('',3,(#10604,#10605,#10606,#10607,#10608,
#10609,#10610,#10611,#10612,#10613,#10614,#10615,#10616),.UNSPECIFIED.,
 .F.,.F.,(4,3,3,3,4),(0.,0.12121134587245,0.242422691744901,0.303028364681126,
0.424239710553577),.UNSPECIFIED.);
#1378=B_SPLINE_CURVE_WITH_KNOTS('',3,(#11379,#11380,#11381,#11382,#11383,
#11384,#11385,#11386,#11387,#11388,#11389,#11390,#11391),.UNSPECIFIED.,
 .F.,.F.,(4,3,3,3,4),(0.,0.12121134587245,0.242422691744901,0.303028364681126,
0.424239710553577),.UNSPECIFIED.);
#1379=B_SPLINE_CURVE_WITH_KNOTS('',3,(#11392,#11393,#11394,#11395),
 .UNSPECIFIED.,.F.,.F.,(4,4),(-0.6,-3.46944695195361E-17),.UNSPECIFIED.);
#1380=B_SPLINE_CURVE_WITH_KNOTS('',3,(#11396,#11397,#11398,#11399),
 .UNSPECIFIED.,.F.,.F.,(4,4),(3.46944695195361E-17,0.6),.UNSPECIFIED.);
#1381=B_SPLINE_CURVE_WITH_KNOTS('',3,(#11425,#11426,#11427,#11428,#11429,
#11430,#11431,#11432,#11433,#11434,#11435,#11436,#11437,#11438,#11439,#11440),
 .UNSPECIFIED.,.F.,.F.,(4,3,3,3,3,4),(-18.9017620368179,-13.8869999929253,
-10.2522665431496,-5.35496311389477,-2.36292836732019,-0.418065262176355),
 .UNSPECIFIED.);
#1382=B_SPLINE_CURVE_WITH_KNOTS('',3,(#11467,#11468,#11469,#11470,#11471,
#11472,#11473),.UNSPECIFIED.,.F.,.F.,(4,3,4),(-0.841535915691803,-0.479231458315422,
0.),.UNSPECIFIED.);
#1383=B_SPLINE_CURVE_WITH_KNOTS('',3,(#11477,#11478,#11479,#11480,#11481,
#11482,#11483,#11484,#11485,#11486,#11487,#11488,#11489),.UNSPECIFIED.,
 .F.,.F.,(4,3,3,3,4),(0.,0.12121134587245,0.242422691744899,0.303028364681124,
0.424239710553574),.UNSPECIFIED.);
#1384=B_SPLINE_CURVE_WITH_KNOTS('',3,(#11491,#11492,#11493,#11494,#11495,
#11496,#11497,#11498,#11499,#11500,#11501,#11502,#11503,#11504,#11505,#11506),
 .UNSPECIFIED.,.F.,.F.,(4,3,3,3,3,4),(-6.56994367859916,-5.68983848407933,
-4.06388822470125,-2.54032761632841,-1.27907308507725,0.),.UNSPECIFIED.);
#1385=B_SPLINE_CURVE_WITH_KNOTS('',3,(#11508,#11509,#11510,#11511,#11512,
#11513,#11514),.UNSPECIFIED.,.F.,.F.,(4,3,4),(-1.93125664387522,-0.83145933531339,
0.),.UNSPECIFIED.);
#1386=B_SPLINE_CURVE_WITH_KNOTS('',3,(#11520,#11521,#11522,#11523,#11524,
#11525,#11526,#11527,#11528,#11529,#11530,#11531,#11532,#11533,#11534,#11535),
 .UNSPECIFIED.,.F.,.F.,(4,3,3,3,3,4),(-25.4907182448215,-18.487928625631,
-12.8607371679022,-8.72307787023061,-3.62018302975479,0.),.UNSPECIFIED.);
#1387=B_SPLINE_CURVE_WITH_KNOTS('',3,(#11539,#11540,#11541,#11542,#11543,
#11544,#11545,#11546,#11547,#11548,#11549,#11550,#11551,#11552,#11553,#11554),
 .UNSPECIFIED.,.F.,.F.,(4,3,3,3,3,4),(-9.20624093627348,-6.84809983960424,
-4.55873517506353,-2.93227090491052,-1.60803944656054,0.),.UNSPECIFIED.);
#1388=B_SPLINE_CURVE_WITH_KNOTS('',3,(#11589,#11590,#11591,#11592),
 .UNSPECIFIED.,.F.,.F.,(4,4),(-3.44043928087722E-16,0.6),.UNSPECIFIED.);
#1389=B_SPLINE_CURVE_WITH_KNOTS('',3,(#11621,#11622,#11623,#11624),
 .UNSPECIFIED.,.F.,.F.,(4,4),(-0.6,3.44043928087722E-16),.UNSPECIFIED.);
#1390=B_SPLINE_SURFACE_WITH_KNOTS('',3,3,((#8392,#8393,#8394,#8395),(#8396,
#8397,#8398,#8399),(#8400,#8401,#8402,#8403),(#8404,#8405,#8406,#8407),
(#8408,#8409,#8410,#8411)),.UNSPECIFIED.,.F.,.F.,.F.,(4,1,4),(4,4),(0.,
0.571428571428571,1.),(2.77555756156289E-17,0.3),.UNSPECIFIED.);
#1391=B_SPLINE_SURFACE_WITH_KNOTS('',3,3,((#8472,#8473,#8474,#8475),(#8476,
#8477,#8478,#8479),(#8480,#8481,#8482,#8483),(#8484,#8485,#8486,#8487),
(#8488,#8489,#8490,#8491)),.UNSPECIFIED.,.F.,.F.,.F.,(4,1,4),(4,4),(0.,
0.571428571428571,1.),(-8.32667268468867E-17,0.3),.UNSPECIFIED.);
#1392=B_SPLINE_SURFACE_WITH_KNOTS('',3,3,((#8528,#8529,#8530,#8531,#8532,
#8533,#8534,#8535,#8536,#8537,#8538),(#8539,#8540,#8541,#8542,#8543,#8544,
#8545,#8546,#8547,#8548,#8549),(#8550,#8551,#8552,#8553,#8554,#8555,#8556,
#8557,#8558,#8559,#8560),(#8561,#8562,#8563,#8564,#8565,#8566,#8567,#8568,
#8569,#8570,#8571),(#8572,#8573,#8574,#8575,#8576,#8577,#8578,#8579,#8580,
#8581,#8582)),.UNSPECIFIED.,.F.,.F.,.F.,(4,1,4),(4,1,1,1,1,1,1,1,4),(0.,
0.571428571428571,1.),(0.,0.457554453063837,0.915108906127674,1.83021781225535,
2.74532671838302,3.66043562451069,4.57554453063837,5.49065343676604,6.40576234289372),
 .UNSPECIFIED.);
#1393=B_SPLINE_SURFACE_WITH_KNOTS('',3,3,((#8621,#8622,#8623,#8624),(#8625,
#8626,#8627,#8628),(#8629,#8630,#8631,#8632),(#8633,#8634,#8635,#8636),
(#8637,#8638,#8639,#8640)),.UNSPECIFIED.,.F.,.F.,.F.,(4,1,4),(4,4),(0.,
0.571428571428571,1.),(6.93889390390723E-18,0.3),.UNSPECIFIED.);
#1394=B_SPLINE_SURFACE_WITH_KNOTS('',3,3,((#8682,#8683,#8684,#8685),(#8686,
#8687,#8688,#8689),(#8690,#8691,#8692,#8693),(#8694,#8695,#8696,#8697),
(#8698,#8699,#8700,#8701)),.UNSPECIFIED.,.F.,.F.,.F.,(4,1,4),(4,4),(0.,
0.571428571428571,1.),(-6.30174504768626E-17,0.3),.UNSPECIFIED.);
#1395=B_SPLINE_SURFACE_WITH_KNOTS('',3,3,((#8742,#8743,#8744,#8745),(#8746,
#8747,#8748,#8749),(#8750,#8751,#8752,#8753),(#8754,#8755,#8756,#8757),
(#8758,#8759,#8760,#8761)),.UNSPECIFIED.,.F.,.F.,.F.,(4,1,4),(4,4),(0.,
0.571428571428571,1.),(-1.38777878078145E-17,0.3),.UNSPECIFIED.);
#1396=B_SPLINE_SURFACE_WITH_KNOTS('',3,3,((#8786,#8787,#8788,#8789),(#8790,
#8791,#8792,#8793),(#8794,#8795,#8796,#8797),(#8798,#8799,#8800,#8801),
(#8802,#8803,#8804,#8805)),.UNSPECIFIED.,.F.,.F.,.F.,(4,1,4),(4,4),(0.,
0.571428571428571,1.),(-8.50629958994223E-17,0.3),.UNSPECIFIED.);
#1397=B_SPLINE_SURFACE_WITH_KNOTS('',3,3,((#8823,#8824,#8825,#8826,#8827,
#8828),(#8829,#8830,#8831,#8832,#8833,#8834),(#8835,#8836,#8837,#8838,#8839,
#8840),(#8841,#8842,#8843,#8844,#8845,#8846),(#8847,#8848,#8849,#8850,#8851,
#8852)),.UNSPECIFIED.,.F.,.F.,.F.,(4,1,4),(4,1,1,4),(0.,0.571428571428571,
1.),(-2.34232528113924,-1.38532117920374,-0.747318444580069,-0.109315709956401),
 .UNSPECIFIED.);
#1398=B_SPLINE_SURFACE_WITH_KNOTS('',3,3,((#8910,#8911,#8912,#8913),(#8914,
#8915,#8916,#8917),(#8918,#8919,#8920,#8921),(#8922,#8923,#8924,#8925),
(#8926,#8927,#8928,#8929)),.UNSPECIFIED.,.F.,.F.,.F.,(4,1,4),(4,4),(0.,
0.571428571428571,1.),(6.93889390390723E-18,0.3),.UNSPECIFIED.);
#1399=B_SPLINE_SURFACE_WITH_KNOTS('',3,3,((#8954,#8955,#8956,#8957),(#8958,
#8959,#8960,#8961),(#8962,#8963,#8964,#8965),(#8966,#8967,#8968,#8969),
(#8970,#8971,#8972,#8973)),.UNSPECIFIED.,.F.,.F.,.F.,(4,1,4),(4,4),(0.,
0.571428571428571,1.),(2.77555756156289E-17,0.3),.UNSPECIFIED.);
#1400=B_SPLINE_SURFACE_WITH_KNOTS('',3,3,((#9008,#9009,#9010,#9011),(#9012,
#9013,#9014,#9015),(#9016,#9017,#9018,#9019),(#9020,#9021,#9022,#9023),
(#9024,#9025,#9026,#9027)),.UNSPECIFIED.,.F.,.F.,.F.,(4,1,4),(4,4),(0.,
0.571428571428571,1.),(-8.32667268468867E-17,0.3),.UNSPECIFIED.);
#1401=B_SPLINE_SURFACE_WITH_KNOTS('',3,3,((#9045,#9046,#9047,#9048),(#9049,
#9050,#9051,#9052),(#9053,#9054,#9055,#9056),(#9057,#9058,#9059,#9060),
(#9061,#9062,#9063,#9064)),.UNSPECIFIED.,.F.,.F.,.F.,(4,1,4),(4,4),(0.,
0.571428571428571,1.),(0.0975992918243593,1.22283399684347),
 .UNSPECIFIED.);
#1402=B_SPLINE_SURFACE_WITH_KNOTS('',3,3,((#9080,#9081,#9082,#9083),(#9084,
#9085,#9086,#9087),(#9088,#9089,#9090,#9091),(#9092,#9093,#9094,#9095),
(#9096,#9097,#9098,#9099)),.UNSPECIFIED.,.F.,.F.,.F.,(4,1,4),(4,4),(0.,
0.571428571428571,1.),(6.93889390390723E-18,0.3),.UNSPECIFIED.);
#1403=B_SPLINE_SURFACE_WITH_KNOTS('',3,3,((#9152,#9153,#9154,#9155),(#9156,
#9157,#9158,#9159),(#9160,#9161,#9162,#9163),(#9164,#9165,#9166,#9167),
(#9168,#9169,#9170,#9171)),.UNSPECIFIED.,.F.,.F.,.F.,(4,1,4),(4,4),(0.,
0.571428571428571,1.),(6.93889390390721E-18,0.3),.UNSPECIFIED.);
#1404=B_SPLINE_SURFACE_WITH_KNOTS('',3,3,((#9189,#9190,#9191,#9192),(#9193,
#9194,#9195,#9196),(#9197,#9198,#9199,#9200),(#9201,#9202,#9203,#9204),
(#9205,#9206,#9207,#9208)),.UNSPECIFIED.,.F.,.F.,.F.,(4,1,4),(4,4),(0.,
0.571428571428571,1.),(0.107005629581352,1.23224033460045),
 .UNSPECIFIED.);
#1405=B_SPLINE_SURFACE_WITH_KNOTS('',3,3,((#9223,#9224,#9225,#9226,#9227,
#9228,#9229,#9230,#9231,#9232,#9233,#9234),(#9235,#9236,#9237,#9238,#9239,
#9240,#9241,#9242,#9243,#9244,#9245,#9246),(#9247,#9248,#9249,#9250,#9251,
#9252,#9253,#9254,#9255,#9256,#9257,#9258),(#9259,#9260,#9261,#9262,#9263,
#9264,#9265,#9266,#9267,#9268,#9269,#9270),(#9271,#9272,#9273,#9274,#9275,
#9276,#9277,#9278,#9279,#9280,#9281,#9282)),.UNSPECIFIED.,.F.,.F.,.F.,(4,
1,4),(4,1,1,1,1,1,1,1,1,4),(0.,0.571428571428571,1.),(0.,0.45755442968607,
0.91510885937214,1.83021771874428,2.74532657811642,3.66043543748856,4.5755442968607,
5.49065315623284,5.94820758591891,6.40576201560498),.UNSPECIFIED.);
#1406=B_SPLINE_SURFACE_WITH_KNOTS('',3,3,((#9374,#9375,#9376,#9377),(#9378,
#9379,#9380,#9381),(#9382,#9383,#9384,#9385),(#9386,#9387,#9388,#9389),
(#9390,#9391,#9392,#9393)),.UNSPECIFIED.,.F.,.F.,.F.,(4,1,4),(4,4),(0.,
0.571428571428571,1.),(-6.34451641363199E-17,0.3),.UNSPECIFIED.);
#1407=B_SPLINE_SURFACE_WITH_KNOTS('',3,3,((#9421,#9422,#9423,#9424,#9425,
#9426),(#9427,#9428,#9429,#9430,#9431,#9432),(#9433,#9434,#9435,#9436,#9437,
#9438),(#9439,#9440,#9441,#9442,#9443,#9444),(#9445,#9446,#9447,#9448,#9449,
#9450)),.UNSPECIFIED.,.F.,.F.,.F.,(4,1,4),(4,1,1,4),(0.,0.571428571428571,
1.),(-2.3245895631536,-1.36758546121824,-0.729582726594666,-0.091579991971093),
 .UNSPECIFIED.);
#1408=B_SPLINE_SURFACE_WITH_KNOTS('',3,3,((#9486,#9487,#9488,#9489),(#9490,
#9491,#9492,#9493),(#9494,#9495,#9496,#9497),(#9498,#9499,#9500,#9501),
(#9502,#9503,#9504,#9505)),.UNSPECIFIED.,.F.,.F.,.F.,(4,1,4),(4,4),(0.,
0.571428571428571,1.),(0.0999999999999999,0.4),.UNSPECIFIED.);
#1409=B_SPLINE_SURFACE_WITH_KNOTS('',3,3,((#9526,#9527,#9528,#9529,#9530,
#9531,#9532,#9533,#9534,#9535,#9536),(#9537,#9538,#9539,#9540,#9541,#9542,
#9543,#9544,#9545,#9546,#9547),(#9548,#9549,#9550,#9551,#9552,#9553,#9554,
#9555,#9556,#9557,#9558),(#9559,#9560,#9561,#9562,#9563,#9564,#9565,#9566,
#9567,#9568,#9569),(#9570,#9571,#9572,#9573,#9574,#9575,#9576,#9577,#9578,
#9579,#9580)),.UNSPECIFIED.,.F.,.F.,.F.,(4,1,4),(4,1,1,1,1,1,1,1,4),(0.,
0.571428571428571,1.),(-0.000187496898826776,0.91492140948081,1.83003031586045,
2.74513922224008,3.66024812861972,4.57535703499936,5.49046594137899,5.94802039456881,
6.40557484775863),.UNSPECIFIED.);
#1410=B_SPLINE_SURFACE_WITH_KNOTS('',3,3,((#9635,#9636,#9637,#9638,#9639,
#9640),(#9641,#9642,#9643,#9644,#9645,#9646),(#9647,#9648,#9649,#9650,#9651,
#9652),(#9653,#9654,#9655,#9656,#9657,#9658),(#9659,#9660,#9661,#9662,#9663,
#9664)),.UNSPECIFIED.,.F.,.F.,.F.,(4,1,4),(4,1,1,4),(0.,0.571428571428571,
1.),(-2.34232528114002,-1.38532117920448,-0.747318444580794,-0.109315709957104),
 .UNSPECIFIED.);
#1411=B_SPLINE_SURFACE_WITH_KNOTS('',3,3,((#9677,#9678,#9679,#9680),(#9681,
#9682,#9683,#9684),(#9685,#9686,#9687,#9688),(#9689,#9690,#9691,#9692),
(#9693,#9694,#9695,#9696)),.UNSPECIFIED.,.F.,.F.,.F.,(4,1,4),(4,4),(0.,
0.571428571428571,1.),(-9.71445146547012E-17,0.3),.UNSPECIFIED.);
#1412=B_SPLINE_SURFACE_WITH_KNOTS('',3,3,((#9755,#9756,#9757,#9758),(#9759,
#9760,#9761,#9762),(#9763,#9764,#9765,#9766),(#9767,#9768,#9769,#9770),
(#9771,#9772,#9773,#9774)),.UNSPECIFIED.,.F.,.F.,.F.,(4,1,4),(4,4),(0.,
0.571428571428571,1.),(0.0983673602908037,1.22423430583245),
 .UNSPECIFIED.);
#1413=B_SPLINE_SURFACE_WITH_KNOTS('',3,3,((#9783,#9784,#9785,#9786),(#9787,
#9788,#9789,#9790),(#9791,#9792,#9793,#9794),(#9795,#9796,#9797,#9798),
(#9799,#9800,#9801,#9802)),.UNSPECIFIED.,.F.,.F.,.F.,(4,1,4),(4,4),(0.,
0.571428571428571,1.),(1.23259516440783E-32,0.3),.UNSPECIFIED.);
#1414=B_SPLINE_SURFACE_WITH_KNOTS('',3,3,((#9835,#9836,#9837,#9838),(#9839,
#9840,#9841,#9842),(#9843,#9844,#9845,#9846),(#9847,#9848,#9849,#9850),
(#9851,#9852,#9853,#9854)),.UNSPECIFIED.,.F.,.F.,.F.,(4,1,4),(4,4),(0.,
0.571428571428571,1.),(0.107005629581311,1.2322403346005),.UNSPECIFIED.);
#1415=B_SPLINE_SURFACE_WITH_KNOTS('',3,3,((#9882,#9883,#9884,#9885,#9886,
#9887,#9888,#9889,#9890,#9891),(#9892,#9893,#9894,#9895,#9896,#9897,#9898,
#9899,#9900,#9901),(#9902,#9903,#9904,#9905,#9906,#9907,#9908,#9909,#9910,
#9911),(#9912,#9913,#9914,#9915,#9916,#9917,#9918,#9919,#9920,#9921),(#9922,
#9923,#9924,#9925,#9926,#9927,#9928,#9929,#9930,#9931)),.UNSPECIFIED.,.F.,
 .F.,.F.,(4,1,4),(4,1,1,1,1,1,1,4),(0.,0.571428571428571,1.),(-0.000187496898769658,
1.83003031325833,2.74513921833688,3.66024812341543,4.57535702849398,5.49046593357253,
5.9480203861118,6.40557483865108),.UNSPECIFIED.);
#1416=B_SPLINE_SURFACE_WITH_KNOTS('',3,3,((#9985,#9986,#9987,#9988,#9989,
#9990),(#9991,#9992,#9993,#9994,#9995,#9996),(#9997,#9998,#9999,#10000,
#10001,#10002),(#10003,#10004,#10005,#10006,#10007,#10008),(#10009,#10010,
#10011,#10012,#10013,#10014)),.UNSPECIFIED.,.F.,.F.,.F.,(4,1,4),(4,1,1,
4),(0.,0.571428571428571,1.),(-2.3245895631539,-1.36758546121853,-0.729582726594956,
-0.0915799919713796),.UNSPECIFIED.);
#1417=B_SPLINE_SURFACE_WITH_KNOTS('',3,3,((#10027,#10028,#10029,#10030),
(#10031,#10032,#10033,#10034),(#10035,#10036,#10037,#10038),(#10039,#10040,
#10041,#10042),(#10043,#10044,#10045,#10046)),.UNSPECIFIED.,.F.,.F.,.F.,
(4,1,4),(4,4),(0.,0.571428571428571,1.),(0.0999999999999998,0.4),
 .UNSPECIFIED.);
#1418=B_SPLINE_SURFACE_WITH_KNOTS('',3,1,((#10068,#10069),(#10070,#10071),
(#10072,#10073),(#10074,#10075),(#10076,#10077),(#10078,#10079),(#10080,
#10081),(#10082,#10083),(#10084,#10085),(#10086,#10087),(#10088,#10089),
(#10090,#10091),(#10092,#10093)),.UNSPECIFIED.,.F.,.F.,.F.,(4,3,3,3,4),
(2,2),(-1.01,-1.,-0.580925750744741,-0.0724137613690188,0.),(0.,0.4),
 .UNSPECIFIED.);
#1419=B_SPLINE_SURFACE_WITH_KNOTS('',3,1,((#10114,#10115),(#10116,#10117),
(#10118,#10119),(#10120,#10121),(#10122,#10123),(#10124,#10125),(#10126,
#10127)),.UNSPECIFIED.,.F.,.F.,.F.,(4,3,4),(2,2),(-0.733219458463324,-0.725959859864677,
0.),(0.,0.4),.UNSPECIFIED.);
#1420=B_SPLINE_SURFACE_WITH_KNOTS('',3,1,((#10142,#10143),(#10144,#10145),
(#10146,#10147),(#10148,#10149),(#10150,#10151),(#10152,#10153),(#10154,
#10155)),.UNSPECIFIED.,.F.,.F.,.F.,(4,3,4),(2,2),(0.,0.725959859864677,
0.733219458463324),(0.,0.4),.UNSPECIFIED.);
#1421=B_SPLINE_SURFACE_WITH_KNOTS('',3,1,((#10170,#10171),(#10172,#10173),
(#10174,#10175),(#10176,#10177),(#10178,#10179),(#10180,#10181),(#10182,
#10183),(#10184,#10185),(#10186,#10187),(#10188,#10189),(#10190,#10191),
(#10192,#10193),(#10194,#10195)),.UNSPECIFIED.,.F.,.F.,.F.,(4,3,3,3,4),
(2,2),(0.,0.427010415542133,0.846215443608906,1.,1.01),(0.,0.4),
 .UNSPECIFIED.);
#1422=B_SPLINE_SURFACE_WITH_KNOTS('',3,1,((#10656,#10657),(#10658,#10659),
(#10660,#10661),(#10662,#10663),(#10664,#10665),(#10666,#10667),(#10668,
#10669),(#10670,#10671),(#10672,#10673),(#10674,#10675),(#10676,#10677),
(#10678,#10679),(#10680,#10681)),.UNSPECIFIED.,.F.,.F.,.F.,(4,3,3,3,4),
(2,2),(-1.01,-1.,-0.580925750744175,-0.072413761369207,0.),(0.,0.4),
 .UNSPECIFIED.);
#1423=B_SPLINE_SURFACE_WITH_KNOTS('',3,3,((#11349,#11350,#11351,#11352),
(#11353,#11354,#11355,#11356),(#11357,#11358,#11359,#11360),(#11361,#11362,
#11363,#11364),(#11365,#11366,#11367,#11368),(#11369,#11370,#11371,#11372),
(#11373,#11374,#11375,#11376)),.UNSPECIFIED.,.F.,.F.,.F.,(4,1,1,1,4),(4,
4),(0.,0.285714285714286,0.571428571428571,0.714285714285714,1.),(3.46944695195361E-17,
0.6),.UNSPECIFIED.);
#1424=B_SPLINE_SURFACE_WITH_KNOTS('',3,1,((#11400,#11401),(#11402,#11403),
(#11404,#11405),(#11406,#11407),(#11408,#11409),(#11410,#11411),(#11412,
#11413),(#11414,#11415),(#11416,#11417),(#11418,#11419),(#11420,#11421),
(#11422,#11423)),.UNSPECIFIED.,.F.,.F.,.F.,(4,2,2,2,2,4),(2,2),(-18.9017620368179,
-13.8869999929253,-10.2522665431496,-5.35496311389477,-2.36292836732019,
0.),(0.,0.6),.UNSPECIFIED.);
#1425=B_SPLINE_SURFACE_WITH_KNOTS('',3,3,((#11593,#11594,#11595,#11596),
(#11597,#11598,#11599,#11600),(#11601,#11602,#11603,#11604),(#11605,#11606,
#11607,#11608),(#11609,#11610,#11611,#11612),(#11613,#11614,#11615,#11616),
(#11617,#11618,#11619,#11620)),.UNSPECIFIED.,.F.,.F.,.F.,(4,1,1,1,4),(4,
4),(0.,0.285714285714286,0.571428571428571,0.714285714285714,1.),(-0.6,
3.44043928087722E-16),.UNSPECIFIED.);
#1426=B_SPLINE_SURFACE_WITH_KNOTS('',3,1,((#11812,#11813),(#11814,#11815),
(#11816,#11817),(#11818,#11819),(#11820,#11821),(#11822,#11823)),
 .UNSPECIFIED.,.F.,.F.,.F.,(4,2,4),(2,2),(-1.93125664387522,-0.83145933531339,
0.),(0.,0.6),.UNSPECIFIED.);
#1427=B_SPLINE_SURFACE_WITH_KNOTS('',3,1,((#11825,#11826),(#11827,#11828),
(#11829,#11830),(#11831,#11832),(#11833,#11834),(#11835,#11836),(#11837,
#11838),(#11839,#11840),(#11841,#11842),(#11843,#11844),(#11845,#11846),
(#11847,#11848)),.UNSPECIFIED.,.F.,.F.,.F.,(4,2,2,2,2,4),(2,2),(-6.76781045130292,
-5.68983843930991,-4.06388819272532,-2.54032759634033,-1.27907307501311,
0.),(0.,0.6),.UNSPECIFIED.);
#1428=B_SPLINE_SURFACE_WITH_KNOTS('',3,1,((#11849,#11850),(#11851,#11852),
(#11853,#11854),(#11855,#11856),(#11857,#11858),(#11859,#11860)),
 .UNSPECIFIED.,.F.,.F.,.F.,(4,2,4),(2,2),(-0.841535915691803,-0.479231458315422,
0.),(0.,0.6),.UNSPECIFIED.);
#1429=B_SPLINE_SURFACE_WITH_KNOTS('',3,1,((#11866,#11867),(#11868,#11869),
(#11870,#11871),(#11872,#11873),(#11874,#11875),(#11876,#11877),(#11878,
#11879),(#11880,#11881),(#11882,#11883),(#11884,#11885),(#11886,#11887),
(#11888,#11889)),.UNSPECIFIED.,.F.,.F.,.F.,(4,2,2,2,2,4),(2,2),(-9.20624093627348,
-6.84809983960424,-4.55873517506353,-2.93227090491052,-1.60803944656054,
0.),(0.,0.6),.UNSPECIFIED.);
#1430=B_SPLINE_SURFACE_WITH_KNOTS('',3,1,((#11893,#11894),(#11895,#11896),
(#11897,#11898),(#11899,#11900),(#11901,#11902),(#11903,#11904),(#11905,
#11906),(#11907,#11908),(#11909,#11910),(#11911,#11912),(#11913,#11914),
(#11915,#11916)),.UNSPECIFIED.,.F.,.F.,.F.,(4,2,2,2,2,4),(2,2),(-25.4907182448215,
-18.487928625631,-12.8607371679022,-8.72307787023061,-3.62018302975479,
0.),(0.,0.6),.UNSPECIFIED.);
#1431=B_SPLINE_SURFACE_WITH_KNOTS('',3,1,((#11929,#11930),(#11931,#11932),
(#11933,#11934),(#11935,#11936),(#11937,#11938),(#11939,#11940),(#11941,
#11942)),.UNSPECIFIED.,.F.,.F.,.F.,(4,3,4),(2,2),(-0.73419156330558,-0.726922339906515,
0.),(0.,0.4),.UNSPECIFIED.);
#1432=B_SPLINE_SURFACE_WITH_KNOTS('',3,1,((#11948,#11949),(#11950,#11951),
(#11952,#11953),(#11954,#11955),(#11956,#11957),(#11958,#11959),(#11960,
#11961)),.UNSPECIFIED.,.F.,.F.,.F.,(4,3,4),(2,2),(0.,0.725959859864692,
0.733219458463339),(0.,0.4),.UNSPECIFIED.);
#1433=B_SPLINE_SURFACE_WITH_KNOTS('',3,1,((#11967,#11968),(#11969,#11970),
(#11971,#11972),(#11973,#11974),(#11975,#11976),(#11977,#11978),(#11979,
#11980),(#11981,#11982),(#11983,#11984),(#11985,#11986),(#11987,#11988),
(#11989,#11990),(#11991,#11992)),.UNSPECIFIED.,.F.,.F.,.F.,(4,3,3,3,4),
(2,2),(0.,0.427010415544521,0.846215443611543,1.,1.01),(0.,0.4),
 .UNSPECIFIED.);
#1434=FACE_OUTER_BOUND('',#1804,.T.);
#1435=FACE_OUTER_BOUND('',#1805,.T.);
#1436=FACE_OUTER_BOUND('',#1806,.T.);
#1437=FACE_OUTER_BOUND('',#1807,.T.);
#1438=FACE_OUTER_BOUND('',#1808,.T.);
#1439=FACE_OUTER_BOUND('',#1809,.T.);
#1440=FACE_OUTER_BOUND('',#1810,.T.);
#1441=FACE_OUTER_BOUND('',#1811,.T.);
#1442=FACE_OUTER_BOUND('',#1812,.T.);
#1443=FACE_OUTER_BOUND('',#1813,.T.);
#1444=FACE_OUTER_BOUND('',#1814,.T.);
#1445=FACE_OUTER_BOUND('',#1815,.T.);
#1446=FACE_OUTER_BOUND('',#1816,.T.);
#1447=FACE_OUTER_BOUND('',#1817,.T.);
#1448=FACE_OUTER_BOUND('',#1818,.T.);
#1449=FACE_OUTER_BOUND('',#1819,.T.);
#1450=FACE_OUTER_BOUND('',#1820,.T.);
#1451=FACE_OUTER_BOUND('',#1821,.T.);
#1452=FACE_OUTER_BOUND('',#1822,.T.);
#1453=FACE_OUTER_BOUND('',#1823,.T.);
#1454=FACE_OUTER_BOUND('',#1824,.T.);
#1455=FACE_OUTER_BOUND('',#1825,.T.);
#1456=FACE_OUTER_BOUND('',#1826,.T.);
#1457=FACE_OUTER_BOUND('',#1827,.T.);
#1458=FACE_OUTER_BOUND('',#1828,.T.);
#1459=FACE_OUTER_BOUND('',#1829,.T.);
#1460=FACE_OUTER_BOUND('',#1830,.T.);
#1461=FACE_OUTER_BOUND('',#1831,.T.);
#1462=FACE_OUTER_BOUND('',#1832,.T.);
#1463=FACE_OUTER_BOUND('',#1833,.T.);
#1464=FACE_OUTER_BOUND('',#1834,.T.);
#1465=FACE_OUTER_BOUND('',#1835,.T.);
#1466=FACE_OUTER_BOUND('',#1836,.T.);
#1467=FACE_OUTER_BOUND('',#1837,.T.);
#1468=FACE_OUTER_BOUND('',#1838,.T.);
#1469=FACE_OUTER_BOUND('',#1839,.T.);
#1470=FACE_OUTER_BOUND('',#1840,.T.);
#1471=FACE_OUTER_BOUND('',#1841,.T.);
#1472=FACE_OUTER_BOUND('',#1842,.T.);
#1473=FACE_OUTER_BOUND('',#1843,.T.);
#1474=FACE_OUTER_BOUND('',#1844,.T.);
#1475=FACE_OUTER_BOUND('',#1845,.T.);
#1476=FACE_OUTER_BOUND('',#1846,.T.);
#1477=FACE_OUTER_BOUND('',#1847,.T.);
#1478=FACE_OUTER_BOUND('',#1848,.T.);
#1479=FACE_OUTER_BOUND('',#1849,.T.);
#1480=FACE_OUTER_BOUND('',#1850,.T.);
#1481=FACE_OUTER_BOUND('',#1851,.T.);
#1482=FACE_OUTER_BOUND('',#1852,.T.);
#1483=FACE_OUTER_BOUND('',#1853,.T.);
#1484=FACE_OUTER_BOUND('',#1854,.T.);
#1485=FACE_OUTER_BOUND('',#1855,.T.);
#1486=FACE_OUTER_BOUND('',#1856,.T.);
#1487=FACE_OUTER_BOUND('',#1857,.T.);
#1488=FACE_OUTER_BOUND('',#1858,.T.);
#1489=FACE_OUTER_BOUND('',#1859,.T.);
#1490=FACE_OUTER_BOUND('',#1860,.T.);
#1491=FACE_OUTER_BOUND('',#1861,.T.);
#1492=FACE_OUTER_BOUND('',#1862,.T.);
#1493=FACE_OUTER_BOUND('',#1863,.T.);
#1494=FACE_OUTER_BOUND('',#1864,.T.);
#1495=FACE_OUTER_BOUND('',#1865,.T.);
#1496=FACE_OUTER_BOUND('',#1866,.T.);
#1497=FACE_OUTER_BOUND('',#1867,.T.);
#1498=FACE_OUTER_BOUND('',#1868,.T.);
#1499=FACE_OUTER_BOUND('',#1869,.T.);
#1500=FACE_OUTER_BOUND('',#1870,.T.);
#1501=FACE_OUTER_BOUND('',#1871,.T.);
#1502=FACE_OUTER_BOUND('',#1872,.T.);
#1503=FACE_OUTER_BOUND('',#1873,.T.);
#1504=FACE_OUTER_BOUND('',#1874,.T.);
#1505=FACE_OUTER_BOUND('',#1875,.T.);
#1506=FACE_OUTER_BOUND('',#1876,.T.);
#1507=FACE_OUTER_BOUND('',#1877,.T.);
#1508=FACE_OUTER_BOUND('',#1878,.T.);
#1509=FACE_OUTER_BOUND('',#1879,.T.);
#1510=FACE_OUTER_BOUND('',#1880,.T.);
#1511=FACE_OUTER_BOUND('',#1881,.T.);
#1512=FACE_OUTER_BOUND('',#1882,.T.);
#1513=FACE_OUTER_BOUND('',#1883,.T.);
#1514=FACE_OUTER_BOUND('',#1884,.T.);
#1515=FACE_OUTER_BOUND('',#1885,.T.);
#1516=FACE_OUTER_BOUND('',#1886,.T.);
#1517=FACE_OUTER_BOUND('',#1887,.T.);
#1518=FACE_OUTER_BOUND('',#1888,.T.);
#1519=FACE_OUTER_BOUND('',#1889,.T.);
#1520=FACE_OUTER_BOUND('',#1890,.T.);
#1521=FACE_OUTER_BOUND('',#1891,.T.);
#1522=FACE_OUTER_BOUND('',#1892,.T.);
#1523=FACE_OUTER_BOUND('',#1893,.T.);
#1524=FACE_OUTER_BOUND('',#1894,.T.);
#1525=FACE_OUTER_BOUND('',#1895,.T.);
#1526=FACE_OUTER_BOUND('',#1896,.T.);
#1527=FACE_OUTER_BOUND('',#1897,.T.);
#1528=FACE_OUTER_BOUND('',#1898,.T.);
#1529=FACE_OUTER_BOUND('',#1899,.T.);
#1530=FACE_OUTER_BOUND('',#1900,.T.);
#1531=FACE_OUTER_BOUND('',#1901,.T.);
#1532=FACE_OUTER_BOUND('',#1902,.T.);
#1533=FACE_OUTER_BOUND('',#1903,.T.);
#1534=FACE_OUTER_BOUND('',#1904,.T.);
#1535=FACE_OUTER_BOUND('',#1905,.T.);
#1536=FACE_OUTER_BOUND('',#1906,.T.);
#1537=FACE_OUTER_BOUND('',#1907,.T.);
#1538=FACE_OUTER_BOUND('',#1908,.T.);
#1539=FACE_OUTER_BOUND('',#1909,.T.);
#1540=FACE_OUTER_BOUND('',#1910,.T.);
#1541=FACE_OUTER_BOUND('',#1911,.T.);
#1542=FACE_OUTER_BOUND('',#1912,.T.);
#1543=FACE_OUTER_BOUND('',#1923,.T.);
#1544=FACE_OUTER_BOUND('',#1924,.T.);
#1545=FACE_OUTER_BOUND('',#1927,.T.);
#1546=FACE_OUTER_BOUND('',#1928,.T.);
#1547=FACE_OUTER_BOUND('',#1929,.T.);
#1548=FACE_OUTER_BOUND('',#1930,.T.);
#1549=FACE_OUTER_BOUND('',#1931,.T.);
#1550=FACE_OUTER_BOUND('',#1932,.T.);
#1551=FACE_OUTER_BOUND('',#1933,.T.);
#1552=FACE_OUTER_BOUND('',#1934,.T.);
#1553=FACE_OUTER_BOUND('',#1935,.T.);
#1554=FACE_OUTER_BOUND('',#1936,.T.);
#1555=FACE_OUTER_BOUND('',#1937,.T.);
#1556=FACE_OUTER_BOUND('',#1938,.T.);
#1557=FACE_OUTER_BOUND('',#1939,.T.);
#1558=FACE_OUTER_BOUND('',#1940,.T.);
#1559=FACE_OUTER_BOUND('',#1941,.T.);
#1560=FACE_OUTER_BOUND('',#1942,.T.);
#1561=FACE_OUTER_BOUND('',#1943,.T.);
#1562=FACE_OUTER_BOUND('',#1944,.T.);
#1563=FACE_OUTER_BOUND('',#1945,.T.);
#1564=FACE_OUTER_BOUND('',#1946,.T.);
#1565=FACE_OUTER_BOUND('',#1947,.T.);
#1566=FACE_OUTER_BOUND('',#1948,.T.);
#1567=FACE_OUTER_BOUND('',#1949,.T.);
#1568=FACE_OUTER_BOUND('',#1950,.T.);
#1569=FACE_OUTER_BOUND('',#1951,.T.);
#1570=FACE_OUTER_BOUND('',#1952,.T.);
#1571=FACE_OUTER_BOUND('',#1953,.T.);
#1572=FACE_OUTER_BOUND('',#1954,.T.);
#1573=FACE_OUTER_BOUND('',#1955,.T.);
#1574=FACE_OUTER_BOUND('',#1956,.T.);
#1575=FACE_OUTER_BOUND('',#1957,.T.);
#1576=FACE_OUTER_BOUND('',#1958,.T.);
#1577=FACE_OUTER_BOUND('',#1959,.T.);
#1578=FACE_OUTER_BOUND('',#1960,.T.);
#1579=FACE_OUTER_BOUND('',#1961,.T.);
#1580=FACE_OUTER_BOUND('',#1962,.T.);
#1581=FACE_OUTER_BOUND('',#1963,.T.);
#1582=FACE_OUTER_BOUND('',#1964,.T.);
#1583=FACE_OUTER_BOUND('',#1965,.T.);
#1584=FACE_OUTER_BOUND('',#1966,.T.);
#1585=FACE_OUTER_BOUND('',#1967,.T.);
#1586=FACE_OUTER_BOUND('',#1968,.T.);
#1587=FACE_OUTER_BOUND('',#1969,.T.);
#1588=FACE_OUTER_BOUND('',#1970,.T.);
#1589=FACE_OUTER_BOUND('',#1971,.T.);
#1590=FACE_OUTER_BOUND('',#1972,.T.);
#1591=FACE_OUTER_BOUND('',#1973,.T.);
#1592=FACE_OUTER_BOUND('',#1974,.T.);
#1593=FACE_OUTER_BOUND('',#1976,.T.);
#1594=FACE_OUTER_BOUND('',#1977,.T.);
#1595=FACE_OUTER_BOUND('',#1978,.T.);
#1596=FACE_OUTER_BOUND('',#1979,.T.);
#1597=FACE_OUTER_BOUND('',#1980,.T.);
#1598=FACE_OUTER_BOUND('',#1981,.T.);
#1599=FACE_OUTER_BOUND('',#1982,.T.);
#1600=FACE_OUTER_BOUND('',#1983,.T.);
#1601=FACE_OUTER_BOUND('',#1986,.T.);
#1602=FACE_OUTER_BOUND('',#1987,.T.);
#1603=FACE_OUTER_BOUND('',#1988,.T.);
#1604=FACE_OUTER_BOUND('',#1989,.T.);
#1605=FACE_OUTER_BOUND('',#1990,.T.);
#1606=FACE_OUTER_BOUND('',#1991,.T.);
#1607=FACE_OUTER_BOUND('',#1992,.T.);
#1608=FACE_OUTER_BOUND('',#1993,.T.);
#1609=FACE_OUTER_BOUND('',#1994,.T.);
#1610=FACE_OUTER_BOUND('',#1995,.T.);
#1611=FACE_OUTER_BOUND('',#1996,.T.);
#1612=FACE_OUTER_BOUND('',#1997,.T.);
#1613=FACE_OUTER_BOUND('',#1998,.T.);
#1614=FACE_OUTER_BOUND('',#1999,.T.);
#1615=FACE_OUTER_BOUND('',#2000,.T.);
#1616=FACE_OUTER_BOUND('',#2001,.T.);
#1617=FACE_OUTER_BOUND('',#2002,.T.);
#1618=FACE_OUTER_BOUND('',#2003,.T.);
#1619=FACE_OUTER_BOUND('',#2004,.T.);
#1620=FACE_OUTER_BOUND('',#2005,.T.);
#1621=FACE_OUTER_BOUND('',#2006,.T.);
#1622=FACE_OUTER_BOUND('',#2007,.T.);
#1623=FACE_OUTER_BOUND('',#2008,.T.);
#1624=FACE_OUTER_BOUND('',#2009,.T.);
#1625=FACE_OUTER_BOUND('',#2010,.T.);
#1626=FACE_OUTER_BOUND('',#2011,.T.);
#1627=FACE_OUTER_BOUND('',#2013,.T.);
#1628=FACE_OUTER_BOUND('',#2014,.T.);
#1629=FACE_OUTER_BOUND('',#2015,.T.);
#1630=FACE_OUTER_BOUND('',#2016,.T.);
#1631=FACE_OUTER_BOUND('',#2017,.T.);
#1632=FACE_OUTER_BOUND('',#2018,.T.);
#1633=FACE_OUTER_BOUND('',#2019,.T.);
#1634=FACE_OUTER_BOUND('',#2020,.T.);
#1635=FACE_OUTER_BOUND('',#2021,.T.);
#1636=FACE_OUTER_BOUND('',#2023,.T.);
#1637=FACE_OUTER_BOUND('',#2024,.T.);
#1638=FACE_OUTER_BOUND('',#2025,.T.);
#1639=FACE_OUTER_BOUND('',#2026,.T.);
#1640=FACE_OUTER_BOUND('',#2027,.T.);
#1641=FACE_OUTER_BOUND('',#2028,.T.);
#1642=FACE_OUTER_BOUND('',#2029,.T.);
#1643=FACE_OUTER_BOUND('',#2030,.T.);
#1644=FACE_OUTER_BOUND('',#2031,.T.);
#1645=FACE_OUTER_BOUND('',#2032,.T.);
#1646=FACE_OUTER_BOUND('',#2033,.T.);
#1647=FACE_OUTER_BOUND('',#2034,.T.);
#1648=FACE_OUTER_BOUND('',#2035,.T.);
#1649=FACE_OUTER_BOUND('',#2036,.T.);
#1650=FACE_OUTER_BOUND('',#2037,.T.);
#1651=FACE_OUTER_BOUND('',#2039,.T.);
#1652=FACE_OUTER_BOUND('',#2040,.T.);
#1653=FACE_OUTER_BOUND('',#2041,.T.);
#1654=FACE_OUTER_BOUND('',#2042,.T.);
#1655=FACE_OUTER_BOUND('',#2043,.T.);
#1656=FACE_OUTER_BOUND('',#2044,.T.);
#1657=FACE_OUTER_BOUND('',#2045,.T.);
#1658=FACE_OUTER_BOUND('',#2046,.T.);
#1659=FACE_OUTER_BOUND('',#2047,.T.);
#1660=FACE_OUTER_BOUND('',#2048,.T.);
#1661=FACE_OUTER_BOUND('',#2049,.T.);
#1662=FACE_OUTER_BOUND('',#2050,.T.);
#1663=FACE_OUTER_BOUND('',#2051,.T.);
#1664=FACE_OUTER_BOUND('',#2052,.T.);
#1665=FACE_OUTER_BOUND('',#2053,.T.);
#1666=FACE_OUTER_BOUND('',#2054,.T.);
#1667=FACE_OUTER_BOUND('',#2055,.T.);
#1668=FACE_OUTER_BOUND('',#2056,.T.);
#1669=FACE_OUTER_BOUND('',#2057,.T.);
#1670=FACE_OUTER_BOUND('',#2058,.T.);
#1671=FACE_OUTER_BOUND('',#2059,.T.);
#1672=FACE_OUTER_BOUND('',#2060,.T.);
#1673=FACE_OUTER_BOUND('',#2063,.T.);
#1674=FACE_OUTER_BOUND('',#2064,.T.);
#1675=FACE_OUTER_BOUND('',#2065,.T.);
#1676=FACE_OUTER_BOUND('',#2066,.T.);
#1677=FACE_OUTER_BOUND('',#2067,.T.);
#1678=FACE_OUTER_BOUND('',#2068,.T.);
#1679=FACE_OUTER_BOUND('',#2069,.T.);
#1680=FACE_OUTER_BOUND('',#2070,.T.);
#1681=FACE_OUTER_BOUND('',#2071,.T.);
#1682=FACE_OUTER_BOUND('',#2072,.T.);
#1683=FACE_OUTER_BOUND('',#2073,.T.);
#1684=FACE_OUTER_BOUND('',#2074,.T.);
#1685=FACE_OUTER_BOUND('',#2075,.T.);
#1686=FACE_OUTER_BOUND('',#2076,.T.);
#1687=FACE_OUTER_BOUND('',#2077,.T.);
#1688=FACE_OUTER_BOUND('',#2078,.T.);
#1689=FACE_OUTER_BOUND('',#2079,.T.);
#1690=FACE_OUTER_BOUND('',#2097,.T.);
#1691=FACE_OUTER_BOUND('',#2098,.T.);
#1692=FACE_OUTER_BOUND('',#2099,.T.);
#1693=FACE_OUTER_BOUND('',#2100,.T.);
#1694=FACE_OUTER_BOUND('',#2101,.T.);
#1695=FACE_OUTER_BOUND('',#2102,.T.);
#1696=FACE_OUTER_BOUND('',#2103,.T.);
#1697=FACE_OUTER_BOUND('',#2104,.T.);
#1698=FACE_OUTER_BOUND('',#2105,.T.);
#1699=FACE_OUTER_BOUND('',#2106,.T.);
#1700=FACE_OUTER_BOUND('',#2107,.T.);
#1701=FACE_OUTER_BOUND('',#2108,.T.);
#1702=FACE_OUTER_BOUND('',#2109,.T.);
#1703=FACE_OUTER_BOUND('',#2110,.T.);
#1704=FACE_OUTER_BOUND('',#2111,.T.);
#1705=FACE_OUTER_BOUND('',#2112,.T.);
#1706=FACE_OUTER_BOUND('',#2113,.T.);
#1707=FACE_OUTER_BOUND('',#2114,.T.);
#1708=FACE_OUTER_BOUND('',#2115,.T.);
#1709=FACE_OUTER_BOUND('',#2116,.T.);
#1710=FACE_OUTER_BOUND('',#2117,.T.);
#1711=FACE_OUTER_BOUND('',#2118,.T.);
#1712=FACE_OUTER_BOUND('',#2119,.T.);
#1713=FACE_OUTER_BOUND('',#2120,.T.);
#1714=FACE_OUTER_BOUND('',#2121,.T.);
#1715=FACE_OUTER_BOUND('',#2122,.T.);
#1716=FACE_OUTER_BOUND('',#2123,.T.);
#1717=FACE_OUTER_BOUND('',#2124,.T.);
#1718=FACE_OUTER_BOUND('',#2125,.T.);
#1719=FACE_OUTER_BOUND('',#2126,.T.);
#1720=FACE_OUTER_BOUND('',#2127,.T.);
#1721=FACE_OUTER_BOUND('',#2128,.T.);
#1722=FACE_OUTER_BOUND('',#2129,.T.);
#1723=FACE_OUTER_BOUND('',#2130,.T.);
#1724=FACE_OUTER_BOUND('',#2131,.T.);
#1725=FACE_OUTER_BOUND('',#2132,.T.);
#1726=FACE_OUTER_BOUND('',#2133,.T.);
#1727=FACE_OUTER_BOUND('',#2134,.T.);
#1728=FACE_OUTER_BOUND('',#2135,.T.);
#1729=FACE_OUTER_BOUND('',#2136,.T.);
#1730=FACE_OUTER_BOUND('',#2137,.T.);
#1731=FACE_OUTER_BOUND('',#2138,.T.);
#1732=FACE_OUTER_BOUND('',#2140,.T.);
#1733=FACE_OUTER_BOUND('',#2141,.T.);
#1734=FACE_OUTER_BOUND('',#2143,.T.);
#1735=FACE_OUTER_BOUND('',#2144,.T.);
#1736=FACE_OUTER_BOUND('',#2146,.T.);
#1737=FACE_OUTER_BOUND('',#2147,.T.);
#1738=FACE_OUTER_BOUND('',#2149,.T.);
#1739=FACE_OUTER_BOUND('',#2150,.T.);
#1740=FACE_OUTER_BOUND('',#2151,.T.);
#1741=FACE_OUTER_BOUND('',#2153,.T.);
#1742=FACE_OUTER_BOUND('',#2154,.T.);
#1743=FACE_OUTER_BOUND('',#2156,.T.);
#1744=FACE_OUTER_BOUND('',#2158,.T.);
#1745=FACE_OUTER_BOUND('',#2160,.T.);
#1746=FACE_OUTER_BOUND('',#2161,.T.);
#1747=FACE_OUTER_BOUND('',#2162,.T.);
#1748=FACE_OUTER_BOUND('',#2163,.T.);
#1749=FACE_OUTER_BOUND('',#2164,.T.);
#1750=FACE_OUTER_BOUND('',#2165,.T.);
#1751=FACE_OUTER_BOUND('',#2166,.T.);
#1752=FACE_OUTER_BOUND('',#2167,.T.);
#1753=FACE_OUTER_BOUND('',#2168,.T.);
#1754=FACE_OUTER_BOUND('',#2169,.T.);
#1755=FACE_OUTER_BOUND('',#2170,.T.);
#1756=FACE_OUTER_BOUND('',#2171,.T.);
#1757=FACE_OUTER_BOUND('',#2172,.T.);
#1758=FACE_OUTER_BOUND('',#2173,.T.);
#1759=FACE_OUTER_BOUND('',#2174,.T.);
#1760=FACE_OUTER_BOUND('',#2175,.T.);
#1761=FACE_OUTER_BOUND('',#2176,.T.);
#1762=FACE_OUTER_BOUND('',#2177,.T.);
#1763=FACE_OUTER_BOUND('',#2178,.T.);
#1764=FACE_OUTER_BOUND('',#2179,.T.);
#1765=FACE_OUTER_BOUND('',#2180,.T.);
#1766=FACE_OUTER_BOUND('',#2181,.T.);
#1767=FACE_OUTER_BOUND('',#2182,.T.);
#1768=FACE_OUTER_BOUND('',#2183,.T.);
#1769=FACE_OUTER_BOUND('',#2184,.T.);
#1770=FACE_OUTER_BOUND('',#2185,.T.);
#1771=FACE_OUTER_BOUND('',#2186,.T.);
#1772=FACE_OUTER_BOUND('',#2187,.T.);
#1773=FACE_OUTER_BOUND('',#2188,.T.);
#1774=FACE_OUTER_BOUND('',#2189,.T.);
#1775=FACE_OUTER_BOUND('',#2190,.T.);
#1776=FACE_OUTER_BOUND('',#2191,.T.);
#1777=FACE_OUTER_BOUND('',#2192,.T.);
#1778=FACE_OUTER_BOUND('',#2193,.T.);
#1779=FACE_OUTER_BOUND('',#2194,.T.);
#1780=FACE_OUTER_BOUND('',#2195,.T.);
#1781=FACE_OUTER_BOUND('',#2196,.T.);
#1782=FACE_OUTER_BOUND('',#2197,.T.);
#1783=FACE_OUTER_BOUND('',#2198,.T.);
#1784=FACE_OUTER_BOUND('',#2199,.T.);
#1785=FACE_OUTER_BOUND('',#2200,.T.);
#1786=FACE_OUTER_BOUND('',#2201,.T.);
#1787=FACE_OUTER_BOUND('',#2202,.T.);
#1788=FACE_OUTER_BOUND('',#2203,.T.);
#1789=FACE_OUTER_BOUND('',#2204,.T.);
#1790=FACE_OUTER_BOUND('',#2205,.T.);
#1791=FACE_OUTER_BOUND('',#2206,.T.);
#1792=FACE_OUTER_BOUND('',#2207,.T.);
#1793=FACE_OUTER_BOUND('',#2208,.T.);
#1794=FACE_OUTER_BOUND('',#2209,.T.);
#1795=FACE_OUTER_BOUND('',#2210,.T.);
#1796=FACE_OUTER_BOUND('',#2211,.T.);
#1797=FACE_OUTER_BOUND('',#2212,.T.);
#1798=FACE_OUTER_BOUND('',#2213,.T.);
#1799=FACE_OUTER_BOUND('',#2214,.T.);
#1800=FACE_OUTER_BOUND('',#2215,.T.);
#1801=FACE_OUTER_BOUND('',#2216,.T.);
#1802=FACE_OUTER_BOUND('',#2217,.T.);
#1803=FACE_OUTER_BOUND('',#2218,.T.);
#1804=EDGE_LOOP('',(#3900,#3901,#3902));
#1805=EDGE_LOOP('',(#3903,#3904,#3905));
#1806=EDGE_LOOP('',(#3906,#3907,#3908,#3909));
#1807=EDGE_LOOP('',(#3910,#3911,#3912,#3913));
#1808=EDGE_LOOP('',(#3914,#3915,#3916));
#1809=EDGE_LOOP('',(#3917,#3918,#3919,#3920));
#1810=EDGE_LOOP('',(#3921,#3922,#3923,#3924));
#1811=EDGE_LOOP('',(#3925,#3926,#3927));
#1812=EDGE_LOOP('',(#3928,#3929,#3930,#3931));
#1813=EDGE_LOOP('',(#3932,#3933,#3934));
#1814=EDGE_LOOP('',(#3935,#3936,#3937,#3938));
#1815=EDGE_LOOP('',(#3939,#3940,#3941,#3942));
#1816=EDGE_LOOP('',(#3943,#3944,#3945,#3946));
#1817=EDGE_LOOP('',(#3947,#3948,#3949));
#1818=EDGE_LOOP('',(#3950,#3951,#3952,#3953));
#1819=EDGE_LOOP('',(#3954,#3955,#3956,#3957));
#1820=EDGE_LOOP('',(#3958,#3959,#3960));
#1821=EDGE_LOOP('',(#3961,#3962,#3963,#3964));
#1822=EDGE_LOOP('',(#3965,#3966,#3967));
#1823=EDGE_LOOP('',(#3968,#3969,#3970,#3971));
#1824=EDGE_LOOP('',(#3972,#3973,#3974,#3975));
#1825=EDGE_LOOP('',(#3976,#3977,#3978));
#1826=EDGE_LOOP('',(#3979,#3980,#3981,#3982));
#1827=EDGE_LOOP('',(#3983,#3984,#3985));
#1828=EDGE_LOOP('',(#3986,#3987,#3988,#3989));
#1829=EDGE_LOOP('',(#3990,#3991,#3992,#3993));
#1830=EDGE_LOOP('',(#3994,#3995,#3996,#3997));
#1831=EDGE_LOOP('',(#3998,#3999,#4000,#4001));
#1832=EDGE_LOOP('',(#4002,#4003,#4004));
#1833=EDGE_LOOP('',(#4005,#4006,#4007,#4008));
#1834=EDGE_LOOP('',(#4009,#4010,#4011));
#1835=EDGE_LOOP('',(#4012,#4013,#4014,#4015));
#1836=EDGE_LOOP('',(#4016,#4017,#4018,#4019));
#1837=EDGE_LOOP('',(#4020,#4021,#4022));
#1838=EDGE_LOOP('',(#4023,#4024,#4025));
#1839=EDGE_LOOP('',(#4026,#4027,#4028,#4029));
#1840=EDGE_LOOP('',(#4030,#4031,#4032,#4033));
#1841=EDGE_LOOP('',(#4034,#4035,#4036));
#1842=EDGE_LOOP('',(#4037,#4038,#4039,#4040));
#1843=EDGE_LOOP('',(#4041,#4042,#4043,#4044));
#1844=EDGE_LOOP('',(#4045,#4046,#4047,#4048));
#1845=EDGE_LOOP('',(#4049,#4050,#4051,#4052));
#1846=EDGE_LOOP('',(#4053,#4054,#4055));
#1847=EDGE_LOOP('',(#4056,#4057,#4058,#4059));
#1848=EDGE_LOOP('',(#4060,#4061,#4062));
#1849=EDGE_LOOP('',(#4063,#4064,#4065,#4066));
#1850=EDGE_LOOP('',(#4067,#4068,#4069,#4070));
#1851=EDGE_LOOP('',(#4071,#4072,#4073,#4074));
#1852=EDGE_LOOP('',(#4075,#4076,#4077,#4078));
#1853=EDGE_LOOP('',(#4079,#4080,#4081,#4082));
#1854=EDGE_LOOP('',(#4083,#4084,#4085));
#1855=EDGE_LOOP('',(#4086,#4087,#4088,#4089));
#1856=EDGE_LOOP('',(#4090,#4091,#4092,#4093));
#1857=EDGE_LOOP('',(#4094,#4095,#4096));
#1858=EDGE_LOOP('',(#4097,#4098,#4099,#4100));
#1859=EDGE_LOOP('',(#4101,#4102,#4103,#4104));
#1860=EDGE_LOOP('',(#4105,#4106,#4107));
#1861=EDGE_LOOP('',(#4108,#4109,#4110,#4111));
#1862=EDGE_LOOP('',(#4112,#4113,#4114,#4115));
#1863=EDGE_LOOP('',(#4116,#4117,#4118,#4119));
#1864=EDGE_LOOP('',(#4120,#4121,#4122,#4123));
#1865=EDGE_LOOP('',(#4124,#4125,#4126,#4127));
#1866=EDGE_LOOP('',(#4128,#4129,#4130,#4131));
#1867=EDGE_LOOP('',(#4132,#4133,#4134,#4135));
#1868=EDGE_LOOP('',(#4136,#4137,#4138,#4139));
#1869=EDGE_LOOP('',(#4140,#4141,#4142,#4143));
#1870=EDGE_LOOP('',(#4144,#4145,#4146,#4147));
#1871=EDGE_LOOP('',(#4148,#4149,#4150,#4151));
#1872=EDGE_LOOP('',(#4152,#4153,#4154,#4155));
#1873=EDGE_LOOP('',(#4156,#4157,#4158,#4159));
#1874=EDGE_LOOP('',(#4160,#4161,#4162,#4163));
#1875=EDGE_LOOP('',(#4164,#4165,#4166,#4167));
#1876=EDGE_LOOP('',(#4168,#4169,#4170,#4171));
#1877=EDGE_LOOP('',(#4172,#4173,#4174,#4175));
#1878=EDGE_LOOP('',(#4176,#4177,#4178,#4179));
#1879=EDGE_LOOP('',(#4180,#4181,#4182,#4183));
#1880=EDGE_LOOP('',(#4184,#4185,#4186,#4187));
#1881=EDGE_LOOP('',(#4188,#4189,#4190,#4191));
#1882=EDGE_LOOP('',(#4192,#4193,#4194,#4195));
#1883=EDGE_LOOP('',(#4196,#4197,#4198,#4199));
#1884=EDGE_LOOP('',(#4200,#4201,#4202,#4203));
#1885=EDGE_LOOP('',(#4204,#4205,#4206,#4207));
#1886=EDGE_LOOP('',(#4208,#4209,#4210,#4211));
#1887=EDGE_LOOP('',(#4212,#4213,#4214,#4215));
#1888=EDGE_LOOP('',(#4216,#4217,#4218,#4219));
#1889=EDGE_LOOP('',(#4220,#4221,#4222,#4223));
#1890=EDGE_LOOP('',(#4224,#4225,#4226,#4227));
#1891=EDGE_LOOP('',(#4228,#4229,#4230,#4231));
#1892=EDGE_LOOP('',(#4232,#4233,#4234,#4235));
#1893=EDGE_LOOP('',(#4236,#4237,#4238,#4239));
#1894=EDGE_LOOP('',(#4240,#4241,#4242,#4243));
#1895=EDGE_LOOP('',(#4244,#4245,#4246,#4247));
#1896=EDGE_LOOP('',(#4248,#4249,#4250,#4251));
#1897=EDGE_LOOP('',(#4252,#4253,#4254,#4255));
#1898=EDGE_LOOP('',(#4256,#4257,#4258,#4259));
#1899=EDGE_LOOP('',(#4260,#4261,#4262,#4263));
#1900=EDGE_LOOP('',(#4264,#4265,#4266,#4267));
#1901=EDGE_LOOP('',(#4268,#4269,#4270,#4271));
#1902=EDGE_LOOP('',(#4272,#4273,#4274,#4275));
#1903=EDGE_LOOP('',(#4276,#4277,#4278,#4279));
#1904=EDGE_LOOP('',(#4280,#4281,#4282,#4283));
#1905=EDGE_LOOP('',(#4284,#4285,#4286,#4287));
#1906=EDGE_LOOP('',(#4288,#4289,#4290,#4291));
#1907=EDGE_LOOP('',(#4292,#4293,#4294,#4295));
#1908=EDGE_LOOP('',(#4296,#4297,#4298,#4299));
#1909=EDGE_LOOP('',(#4300,#4301,#4302,#4303));
#1910=EDGE_LOOP('',(#4304,#4305,#4306,#4307));
#1911=EDGE_LOOP('',(#4308,#4309,#4310,#4311));
#1912=EDGE_LOOP('',(#4312,#4313,#4314,#4315,#4316,#4317,#4318,#4319));
#1913=EDGE_LOOP('',(#4320));
#1914=EDGE_LOOP('',(#4321));
#1915=EDGE_LOOP('',(#4322));
#1916=EDGE_LOOP('',(#4323));
#1917=EDGE_LOOP('',(#4324));
#1918=EDGE_LOOP('',(#4325));
#1919=EDGE_LOOP('',(#4326));
#1920=EDGE_LOOP('',(#4327));
#1921=EDGE_LOOP('',(#4328,#4329,#4330,#4331,#4332,#4333,#4334,#4335,#4336,
#4337,#4338,#4339,#4340,#4341,#4342,#4343,#4344,#4345,#4346,#4347,#4348,
#4349,#4350,#4351));
#1922=EDGE_LOOP('',(#4352,#4353,#4354,#4355,#4356,#4357,#4358,#4359,#4360,
#4361,#4362,#4363,#4364,#4365,#4366,#4367,#4368,#4369,#4370,#4371,#4372,
#4373,#4374,#4375,#4376,#4377,#4378,#4379,#4380,#4381,#4382,#4383,#4384,
#4385,#4386,#4387,#4388,#4389,#4390,#4391,#4392,#4393,#4394,#4395,#4396,
#4397,#4398,#4399,#4400,#4401,#4402,#4403,#4404,#4405,#4406,#4407,#4408,
#4409,#4410,#4411,#4412,#4413,#4414,#4415,#4416,#4417));
#1923=EDGE_LOOP('',(#4418,#4419,#4420,#4421));
#1924=EDGE_LOOP('',(#4422,#4423,#4424,#4425,#4426,#4427,#4428,#4429,#4430,
#4431,#4432,#4433,#4434,#4435));
#1925=EDGE_LOOP('',(#4436,#4437,#4438,#4439,#4440,#4441,#4442,#4443,#4444,
#4445,#4446,#4447,#4448,#4449,#4450,#4451));
#1926=EDGE_LOOP('',(#4452,#4453,#4454,#4455,#4456,#4457,#4458,#4459,#4460,
#4461,#4462,#4463,#4464,#4465,#4466,#4467,#4468,#4469,#4470,#4471,#4472,
#4473,#4474,#4475,#4476,#4477,#4478,#4479,#4480,#4481,#4482,#4483,#4484,
#4485,#4486,#4487,#4488,#4489,#4490,#4491,#4492,#4493,#4494,#4495,#4496,
#4497));
#1927=EDGE_LOOP('',(#4498,#4499,#4500,#4501));
#1928=EDGE_LOOP('',(#4502,#4503,#4504,#4505));
#1929=EDGE_LOOP('',(#4506,#4507,#4508,#4509));
#1930=EDGE_LOOP('',(#4510,#4511,#4512,#4513));
#1931=EDGE_LOOP('',(#4514,#4515,#4516,#4517));
#1932=EDGE_LOOP('',(#4518,#4519,#4520));
#1933=EDGE_LOOP('',(#4521,#4522,#4523,#4524));
#1934=EDGE_LOOP('',(#4525,#4526,#4527));
#1935=EDGE_LOOP('',(#4528,#4529,#4530,#4531));
#1936=EDGE_LOOP('',(#4532,#4533,#4534,#4535));
#1937=EDGE_LOOP('',(#4536,#4537,#4538,#4539));
#1938=EDGE_LOOP('',(#4540,#4541,#4542));
#1939=EDGE_LOOP('',(#4543,#4544,#4545,#4546));
#1940=EDGE_LOOP('',(#4547,#4548,#4549,#4550));
#1941=EDGE_LOOP('',(#4551,#4552,#4553));
#1942=EDGE_LOOP('',(#4554,#4555,#4556,#4557));
#1943=EDGE_LOOP('',(#4558,#4559,#4560));
#1944=EDGE_LOOP('',(#4561,#4562,#4563,#4564));
#1945=EDGE_LOOP('',(#4565,#4566,#4567,#4568));
#1946=EDGE_LOOP('',(#4569,#4570,#4571));
#1947=EDGE_LOOP('',(#4572,#4573,#4574,#4575));
#1948=EDGE_LOOP('',(#4576,#4577,#4578,#4579));
#1949=EDGE_LOOP('',(#4580,#4581,#4582,#4583));
#1950=EDGE_LOOP('',(#4584,#4585,#4586));
#1951=EDGE_LOOP('',(#4587,#4588,#4589,#4590));
#1952=EDGE_LOOP('',(#4591,#4592,#4593,#4594));
#1953=EDGE_LOOP('',(#4595,#4596,#4597));
#1954=EDGE_LOOP('',(#4598,#4599,#4600,#4601));
#1955=EDGE_LOOP('',(#4602,#4603,#4604,#4605));
#1956=EDGE_LOOP('',(#4606,#4607,#4608,#4609));
#1957=EDGE_LOOP('',(#4610,#4611,#4612,#4613));
#1958=EDGE_LOOP('',(#4614,#4615,#4616,#4617));
#1959=EDGE_LOOP('',(#4618,#4619,#4620,#4621));
#1960=EDGE_LOOP('',(#4622,#4623,#4624,#4625));
#1961=EDGE_LOOP('',(#4626,#4627,#4628,#4629));
#1962=EDGE_LOOP('',(#4630,#4631,#4632,#4633));
#1963=EDGE_LOOP('',(#4634,#4635,#4636,#4637));
#1964=EDGE_LOOP('',(#4638,#4639,#4640,#4641));
#1965=EDGE_LOOP('',(#4642,#4643,#4644,#4645));
#1966=EDGE_LOOP('',(#4646,#4647,#4648,#4649));
#1967=EDGE_LOOP('',(#4650,#4651,#4652,#4653));
#1968=EDGE_LOOP('',(#4654,#4655,#4656,#4657));
#1969=EDGE_LOOP('',(#4658,#4659,#4660,#4661));
#1970=EDGE_LOOP('',(#4662,#4663,#4664,#4665));
#1971=EDGE_LOOP('',(#4666,#4667,#4668,#4669));
#1972=EDGE_LOOP('',(#4670,#4671,#4672,#4673));
#1973=EDGE_LOOP('',(#4674,#4675,#4676,#4677));
#1974=EDGE_LOOP('',(#4678,#4679,#4680,#4681));
#1975=EDGE_LOOP('',(#4682));
#1976=EDGE_LOOP('',(#4683,#4684,#4685,#4686));
#1977=EDGE_LOOP('',(#4687,#4688,#4689,#4690));
#1978=EDGE_LOOP('',(#4691,#4692,#4693,#4694,#4695));
#1979=EDGE_LOOP('',(#4696,#4697,#4698,#4699));
#1980=EDGE_LOOP('',(#4700,#4701,#4702,#4703,#4704));
#1981=EDGE_LOOP('',(#4705,#4706,#4707,#4708));
#1982=EDGE_LOOP('',(#4709,#4710,#4711,#4712));
#1983=EDGE_LOOP('',(#4713,#4714,#4715,#4716,#4717,#4718,#4719,#4720));
#1984=EDGE_LOOP('',(#4721));
#1985=EDGE_LOOP('',(#4722));
#1986=EDGE_LOOP('',(#4723,#4724,#4725,#4726));
#1987=EDGE_LOOP('',(#4727,#4728,#4729,#4730));
#1988=EDGE_LOOP('',(#4731,#4732,#4733,#4734));
#1989=EDGE_LOOP('',(#4735,#4736,#4737,#4738));
#1990=EDGE_LOOP('',(#4739,#4740,#4741,#4742));
#1991=EDGE_LOOP('',(#4743,#4744,#4745,#4746));
#1992=EDGE_LOOP('',(#4747,#4748,#4749,#4750));
#1993=EDGE_LOOP('',(#4751,#4752,#4753,#4754));
#1994=EDGE_LOOP('',(#4755,#4756,#4757,#4758));
#1995=EDGE_LOOP('',(#4759,#4760,#4761,#4762,#4763));
#1996=EDGE_LOOP('',(#4764,#4765,#4766,#4767));
#1997=EDGE_LOOP('',(#4768,#4769,#4770,#4771));
#1998=EDGE_LOOP('',(#4772,#4773,#4774,#4775));
#1999=EDGE_LOOP('',(#4776,#4777,#4778,#4779,#4780));
#2000=EDGE_LOOP('',(#4781,#4782,#4783,#4784));
#2001=EDGE_LOOP('',(#4785,#4786,#4787,#4788));
#2002=EDGE_LOOP('',(#4789,#4790,#4791,#4792));
#2003=EDGE_LOOP('',(#4793,#4794,#4795,#4796));
#2004=EDGE_LOOP('',(#4797,#4798,#4799,#4800));
#2005=EDGE_LOOP('',(#4801,#4802,#4803,#4804));
#2006=EDGE_LOOP('',(#4805,#4806,#4807,#4808));
#2007=EDGE_LOOP('',(#4809,#4810,#4811,#4812));
#2008=EDGE_LOOP('',(#4813,#4814,#4815,#4816));
#2009=EDGE_LOOP('',(#4817,#4818,#4819,#4820));
#2010=EDGE_LOOP('',(#4821,#4822,#4823,#4824));
#2011=EDGE_LOOP('',(#4825,#4826,#4827,#4828));
#2012=EDGE_LOOP('',(#4829));
#2013=EDGE_LOOP('',(#4830,#4831,#4832,#4833,#4834));
#2014=EDGE_LOOP('',(#4835,#4836,#4837,#4838));
#2015=EDGE_LOOP('',(#4839,#4840,#4841,#4842));
#2016=EDGE_LOOP('',(#4843,#4844,#4845,#4846));
#2017=EDGE_LOOP('',(#4847,#4848,#4849,#4850,#4851));
#2018=EDGE_LOOP('',(#4852,#4853,#4854,#4855));
#2019=EDGE_LOOP('',(#4856,#4857,#4858,#4859));
#2020=EDGE_LOOP('',(#4860,#4861,#4862,#4863));
#2021=EDGE_LOOP('',(#4864,#4865,#4866,#4867));
#2022=EDGE_LOOP('',(#4868));
#2023=EDGE_LOOP('',(#4869,#4870,#4871,#4872));
#2024=EDGE_LOOP('',(#4873,#4874,#4875,#4876));
#2025=EDGE_LOOP('',(#4877,#4878,#4879,#4880,#4881));
#2026=EDGE_LOOP('',(#4882,#4883,#4884,#4885));
#2027=EDGE_LOOP('',(#4886,#4887,#4888,#4889,#4890));
#2028=EDGE_LOOP('',(#4891,#4892,#4893,#4894));
#2029=EDGE_LOOP('',(#4895,#4896,#4897,#4898));
#2030=EDGE_LOOP('',(#4899,#4900,#4901,#4902));
#2031=EDGE_LOOP('',(#4903,#4904,#4905,#4906));
#2032=EDGE_LOOP('',(#4907,#4908,#4909,#4910));
#2033=EDGE_LOOP('',(#4911,#4912,#4913,#4914));
#2034=EDGE_LOOP('',(#4915,#4916,#4917,#4918));
#2035=EDGE_LOOP('',(#4919,#4920,#4921,#4922));
#2036=EDGE_LOOP('',(#4923,#4924,#4925,#4926));
#2037=EDGE_LOOP('',(#4927,#4928,#4929,#4930));
#2038=EDGE_LOOP('',(#4931));
#2039=EDGE_LOOP('',(#4932,#4933,#4934,#4935,#4936));
#2040=EDGE_LOOP('',(#4937,#4938,#4939,#4940));
#2041=EDGE_LOOP('',(#4941,#4942,#4943,#4944));
#2042=EDGE_LOOP('',(#4945,#4946,#4947,#4948));
#2043=EDGE_LOOP('',(#4949,#4950,#4951,#4952,#4953));
#2044=EDGE_LOOP('',(#4954,#4955,#4956,#4957));
#2045=EDGE_LOOP('',(#4958,#4959,#4960,#4961));
#2046=EDGE_LOOP('',(#4962,#4963,#4964,#4965));
#2047=EDGE_LOOP('',(#4966,#4967,#4968,#4969));
#2048=EDGE_LOOP('',(#4970,#4971,#4972,#4973));
#2049=EDGE_LOOP('',(#4974,#4975,#4976,#4977));
#2050=EDGE_LOOP('',(#4978,#4979,#4980,#4981));
#2051=EDGE_LOOP('',(#4982,#4983,#4984,#4985));
#2052=EDGE_LOOP('',(#4986,#4987,#4988,#4989));
#2053=EDGE_LOOP('',(#4990,#4991,#4992,#4993,#4994));
#2054=EDGE_LOOP('',(#4995,#4996,#4997,#4998));
#2055=EDGE_LOOP('',(#4999,#5000,#5001,#5002));
#2056=EDGE_LOOP('',(#5003,#5004,#5005,#5006));
#2057=EDGE_LOOP('',(#5007,#5008,#5009,#5010,#5011));
#2058=EDGE_LOOP('',(#5012,#5013,#5014,#5015));
#2059=EDGE_LOOP('',(#5016,#5017,#5018,#5019));
#2060=EDGE_LOOP('',(#5020,#5021,#5022,#5023,#5024,#5025,#5026,#5027));
#2061=EDGE_LOOP('',(#5028));
#2062=EDGE_LOOP('',(#5029));
#2063=EDGE_LOOP('',(#5030,#5031,#5032,#5033));
#2064=EDGE_LOOP('',(#5034,#5035,#5036,#5037));
#2065=EDGE_LOOP('',(#5038,#5039,#5040,#5041));
#2066=EDGE_LOOP('',(#5042,#5043,#5044,#5045,#5046,#5047));
#2067=EDGE_LOOP('',(#5048,#5049,#5050,#5051));
#2068=EDGE_LOOP('',(#5052,#5053,#5054,#5055));
#2069=EDGE_LOOP('',(#5056,#5057,#5058,#5059));
#2070=EDGE_LOOP('',(#5060,#5061,#5062,#5063));
#2071=EDGE_LOOP('',(#5064,#5065,#5066,#5067));
#2072=EDGE_LOOP('',(#5068,#5069,#5070,#5071,#5072,#5073,#5074,#5075,#5076,
#5077,#5078,#5079,#5080,#5081,#5082,#5083,#5084));
#2073=EDGE_LOOP('',(#5085,#5086,#5087,#5088,#5089,#5090));
#2074=EDGE_LOOP('',(#5091,#5092,#5093,#5094));
#2075=EDGE_LOOP('',(#5095,#5096,#5097,#5098,#5099,#5100));
#2076=EDGE_LOOP('',(#5101,#5102,#5103,#5104,#5105,#5106,#5107,#5108,#5109,
#5110,#5111,#5112,#5113,#5114,#5115,#5116,#5117));
#2077=EDGE_LOOP('',(#5118,#5119,#5120,#5121));
#2078=EDGE_LOOP('',(#5122,#5123,#5124,#5125));
#2079=EDGE_LOOP('',(#5126,#5127,#5128,#5129,#5130,#5131,#5132,#5133,#5134,
#5135,#5136,#5137,#5138,#5139,#5140,#5141));
#2080=EDGE_LOOP('',(#5142,#5143,#5144,#5145,#5146,#5147,#5148,#5149,#5150,
#5151,#5152,#5153,#5154,#5155));
#2081=EDGE_LOOP('',(#5156));
#2082=EDGE_LOOP('',(#5157));
#2083=EDGE_LOOP('',(#5158));
#2084=EDGE_LOOP('',(#5159));
#2085=EDGE_LOOP('',(#5160));
#2086=EDGE_LOOP('',(#5161));
#2087=EDGE_LOOP('',(#5162));
#2088=EDGE_LOOP('',(#5163));
#2089=EDGE_LOOP('',(#5164));
#2090=EDGE_LOOP('',(#5165));
#2091=EDGE_LOOP('',(#5166));
#2092=EDGE_LOOP('',(#5167));
#2093=EDGE_LOOP('',(#5168));
#2094=EDGE_LOOP('',(#5169));
#2095=EDGE_LOOP('',(#5170));
#2096=EDGE_LOOP('',(#5171));
#2097=EDGE_LOOP('',(#5172,#5173,#5174,#5175));
#2098=EDGE_LOOP('',(#5176,#5177,#5178,#5179));
#2099=EDGE_LOOP('',(#5180,#5181,#5182,#5183));
#2100=EDGE_LOOP('',(#5184,#5185,#5186,#5187));
#2101=EDGE_LOOP('',(#5188,#5189,#5190,#5191,#5192));
#2102=EDGE_LOOP('',(#5193,#5194,#5195,#5196,#5197,#5198,#5199,#5200));
#2103=EDGE_LOOP('',(#5201,#5202,#5203,#5204,#5205));
#2104=EDGE_LOOP('',(#5206,#5207,#5208,#5209));
#2105=EDGE_LOOP('',(#5210,#5211,#5212,#5213));
#2106=EDGE_LOOP('',(#5214,#5215,#5216,#5217,#5218,#5219,#5220,#5221));
#2107=EDGE_LOOP('',(#5222,#5223,#5224,#5225,#5226,#5227,#5228,#5229,#5230,
#5231,#5232));
#2108=EDGE_LOOP('',(#5233));
#2109=EDGE_LOOP('',(#5234));
#2110=EDGE_LOOP('',(#5235,#5236,#5237,#5238));
#2111=EDGE_LOOP('',(#5239));
#2112=EDGE_LOOP('',(#5240,#5241,#5242,#5243));
#2113=EDGE_LOOP('',(#5244));
#2114=EDGE_LOOP('',(#5245,#5246,#5247,#5248));
#2115=EDGE_LOOP('',(#5249));
#2116=EDGE_LOOP('',(#5250,#5251,#5252,#5253));
#2117=EDGE_LOOP('',(#5254));
#2118=EDGE_LOOP('',(#5255,#5256,#5257,#5258));
#2119=EDGE_LOOP('',(#5259));
#2120=EDGE_LOOP('',(#5260,#5261,#5262,#5263));
#2121=EDGE_LOOP('',(#5264));
#2122=EDGE_LOOP('',(#5265,#5266,#5267,#5268));
#2123=EDGE_LOOP('',(#5269));
#2124=EDGE_LOOP('',(#5270,#5271,#5272,#5273));
#2125=EDGE_LOOP('',(#5274));
#2126=EDGE_LOOP('',(#5275,#5276,#5277,#5278));
#2127=EDGE_LOOP('',(#5279));
#2128=EDGE_LOOP('',(#5280,#5281,#5282,#5283));
#2129=EDGE_LOOP('',(#5284));
#2130=EDGE_LOOP('',(#5285,#5286,#5287,#5288));
#2131=EDGE_LOOP('',(#5289));
#2132=EDGE_LOOP('',(#5290,#5291,#5292,#5293));
#2133=EDGE_LOOP('',(#5294));
#2134=EDGE_LOOP('',(#5295,#5296,#5297,#5298));
#2135=EDGE_LOOP('',(#5299));
#2136=EDGE_LOOP('',(#5300,#5301,#5302,#5303,#5304,#5305,#5306,#5307,#5308,
#5309,#5310));
#2137=EDGE_LOOP('',(#5311,#5312,#5313,#5314,#5315,#5316,#5317,#5318,#5319,
#5320));
#2138=EDGE_LOOP('',(#5321));
#2139=EDGE_LOOP('',(#5322));
#2140=EDGE_LOOP('',(#5323,#5324,#5325,#5326,#5327,#5328));
#2141=EDGE_LOOP('',(#5329));
#2142=EDGE_LOOP('',(#5330));
#2143=EDGE_LOOP('',(#5331,#5332,#5333,#5334,#5335,#5336,#5337,#5338,#5339,
#5340,#5341,#5342));
#2144=EDGE_LOOP('',(#5343));
#2145=EDGE_LOOP('',(#5344));
#2146=EDGE_LOOP('',(#5345,#5346,#5347,#5348,#5349,#5350,#5351,#5352,#5353,
#5354));
#2147=EDGE_LOOP('',(#5355));
#2148=EDGE_LOOP('',(#5356));
#2149=EDGE_LOOP('',(#5357,#5358,#5359,#5360,#5361,#5362));
#2150=EDGE_LOOP('',(#5363,#5364,#5365,#5366,#5367,#5368,#5369,#5370,#5371,
#5372,#5373,#5374));
#2151=EDGE_LOOP('',(#5375));
#2152=EDGE_LOOP('',(#5376));
#2153=EDGE_LOOP('',(#5377,#5378,#5379,#5380,#5381,#5382));
#2154=EDGE_LOOP('',(#5383));
#2155=EDGE_LOOP('',(#5384));
#2156=EDGE_LOOP('',(#5385));
#2157=EDGE_LOOP('',(#5386));
#2158=EDGE_LOOP('',(#5387));
#2159=EDGE_LOOP('',(#5388));
#2160=EDGE_LOOP('',(#5389,#5390,#5391,#5392));
#2161=EDGE_LOOP('',(#5393,#5394,#5395,#5396));
#2162=EDGE_LOOP('',(#5397,#5398,#5399,#5400));
#2163=EDGE_LOOP('',(#5401,#5402,#5403,#5404));
#2164=EDGE_LOOP('',(#5405,#5406,#5407,#5408));
#2165=EDGE_LOOP('',(#5409,#5410,#5411,#5412));
#2166=EDGE_LOOP('',(#5413,#5414,#5415,#5416));
#2167=EDGE_LOOP('',(#5417,#5418,#5419,#5420));
#2168=EDGE_LOOP('',(#5421,#5422,#5423,#5424));
#2169=EDGE_LOOP('',(#5425,#5426,#5427,#5428));
#2170=EDGE_LOOP('',(#5429,#5430,#5431,#5432));
#2171=EDGE_LOOP('',(#5433,#5434,#5435,#5436));
#2172=EDGE_LOOP('',(#5437,#5438,#5439,#5440));
#2173=EDGE_LOOP('',(#5441,#5442,#5443,#5444));
#2174=EDGE_LOOP('',(#5445,#5446,#5447,#5448));
#2175=EDGE_LOOP('',(#5449,#5450,#5451,#5452));
#2176=EDGE_LOOP('',(#5453,#5454,#5455,#5456));
#2177=EDGE_LOOP('',(#5457,#5458,#5459,#5460));
#2178=EDGE_LOOP('',(#5461,#5462,#5463,#5464));
#2179=EDGE_LOOP('',(#5465,#5466,#5467,#5468));
#2180=EDGE_LOOP('',(#5469,#5470,#5471,#5472));
#2181=EDGE_LOOP('',(#5473,#5474,#5475,#5476,#5477,#5478));
#2182=EDGE_LOOP('',(#5479,#5480,#5481,#5482,#5483,#5484));
#2183=EDGE_LOOP('',(#5485,#5486,#5487,#5488));
#2184=EDGE_LOOP('',(#5489,#5490,#5491,#5492));
#2185=EDGE_LOOP('',(#5493,#5494,#5495,#5496));
#2186=EDGE_LOOP('',(#5497,#5498,#5499,#5500));
#2187=EDGE_LOOP('',(#5501,#5502,#5503,#5504));
#2188=EDGE_LOOP('',(#5505,#5506,#5507,#5508));
#2189=EDGE_LOOP('',(#5509,#5510,#5511,#5512));
#2190=EDGE_LOOP('',(#5513,#5514,#5515,#5516));
#2191=EDGE_LOOP('',(#5517,#5518,#5519,#5520));
#2192=EDGE_LOOP('',(#5521,#5522,#5523,#5524));
#2193=EDGE_LOOP('',(#5525,#5526,#5527,#5528));
#2194=EDGE_LOOP('',(#5529,#5530,#5531,#5532));
#2195=EDGE_LOOP('',(#5533,#5534,#5535,#5536));
#2196=EDGE_LOOP('',(#5537,#5538,#5539,#5540));
#2197=EDGE_LOOP('',(#5541,#5542,#5543,#5544));
#2198=EDGE_LOOP('',(#5545,#5546,#5547,#5548));
#2199=EDGE_LOOP('',(#5549,#5550,#5551,#5552));
#2200=EDGE_LOOP('',(#5553,#5554,#5555,#5556));
#2201=EDGE_LOOP('',(#5557,#5558,#5559,#5560));
#2202=EDGE_LOOP('',(#5561,#5562,#5563,#5564));
#2203=EDGE_LOOP('',(#5565,#5566,#5567,#5568));
#2204=EDGE_LOOP('',(#5569,#5570,#5571,#5572));
#2205=EDGE_LOOP('',(#5573,#5574,#5575,#5576));
#2206=EDGE_LOOP('',(#5577,#5578,#5579,#5580));
#2207=EDGE_LOOP('',(#5581,#5582,#5583,#5584));
#2208=EDGE_LOOP('',(#5585,#5586,#5587,#5588));
#2209=EDGE_LOOP('',(#5589,#5590,#5591,#5592,#5593,#5594,#5595,#5596));
#2210=EDGE_LOOP('',(#5597,#5598,#5599,#5600));
#2211=EDGE_LOOP('',(#5601,#5602,#5603,#5604));
#2212=EDGE_LOOP('',(#5605,#5606,#5607,#5608));
#2213=EDGE_LOOP('',(#5609,#5610,#5611,#5612,#5613,#5614,#5615,#5616));
#2214=EDGE_LOOP('',(#5617,#5618,#5619,#5620));
#2215=EDGE_LOOP('',(#5621,#5622,#5623,#5624));
#2216=EDGE_LOOP('',(#5625,#5626,#5627,#5628));
#2217=EDGE_LOOP('',(#5629));
#2218=EDGE_LOOP('',(#5630,#5631,#5632,#5633));
#2219=CIRCLE('',#6048,0.999999999999993);
#2220=CIRCLE('',#6049,1.);
#2221=CIRCLE('',#6050,0.999999999999974);
#2222=CIRCLE('',#6052,0.99999999999985);
#2223=CIRCLE('',#6053,0.999999999999995);
#2224=CIRCLE('',#6054,1.);
#2225=CIRCLE('',#6056,6.50681770442593);
#2226=CIRCLE('',#6057,0.999999999999989);
#2227=CIRCLE('',#6058,7.50681770442593);
#2228=CIRCLE('',#6060,0.999999999999996);
#2229=CIRCLE('',#6061,1.00000000000001);
#2230=CIRCLE('',#6062,1.);
#2231=CIRCLE('',#6064,1.);
#2232=CIRCLE('',#6067,0.999999999999996);
#2233=CIRCLE('',#6068,0.999999999999987);
#2234=CIRCLE('',#6069,1.);
#2235=CIRCLE('',#6071,1.00000000000001);
#2236=CIRCLE('',#6072,1.00000000000003);
#2237=CIRCLE('',#6073,1.);
#2238=CIRCLE('',#6075,1.);
#2239=CIRCLE('',#6077,1.00000000000001);
#2240=CIRCLE('',#6079,0.999999999999985);
#2241=CIRCLE('',#6080,0.999999999999996);
#2242=CIRCLE('',#6081,1.);
#2243=CIRCLE('',#6084,0.999999999999997);
#2244=CIRCLE('',#6085,1.);
#2245=CIRCLE('',#6086,1.);
#2246=CIRCLE('',#6088,1.00000000000001);
#2247=CIRCLE('',#6089,1.);
#2248=CIRCLE('',#6090,1.00000000000002);
#2249=CIRCLE('',#6092,1.00000000000001);
#2250=CIRCLE('',#6094,7.50681770442597);
#2251=CIRCLE('',#6095,6.50681770442597);
#2252=CIRCLE('',#6097,0.999999999999919);
#2253=CIRCLE('',#6098,0.999999999999996);
#2254=CIRCLE('',#6099,1.);
#2255=CIRCLE('',#6101,0.999999999999996);
#2256=CIRCLE('',#6102,1.);
#2257=CIRCLE('',#6103,1.);
#2258=CIRCLE('',#6106,5.45752004923971);
#2259=CIRCLE('',#6107,4.45752004923971);
#2260=CIRCLE('',#6109,0.999999999999997);
#2261=CIRCLE('',#6110,1.00000000000003);
#2262=CIRCLE('',#6111,1.);
#2263=CIRCLE('',#6113,0.99999999999999);
#2264=CIRCLE('',#6114,0.999999999999979);
#2265=CIRCLE('',#6115,1.);
#2266=CIRCLE('',#6118,1.00000000000003);
#2267=CIRCLE('',#6119,1.);
#2268=CIRCLE('',#6120,0.999999999999893);
#2269=CIRCLE('',#6122,0.999999999999996);
#2270=CIRCLE('',#6123,1.);
#2271=CIRCLE('',#6124,1.);
#2272=CIRCLE('',#6126,0.999999999999998);
#2273=CIRCLE('',#6127,0.999999999999979);
#2274=CIRCLE('',#6128,1.);
#2275=CIRCLE('',#6130,0.999999999999996);
#2276=CIRCLE('',#6132,0.999999999999996);
#2277=CIRCLE('',#6133,5.49999999999996);
#2278=CIRCLE('',#6134,4.49999999999996);
#2279=CIRCLE('',#6137,0.999999999999982);
#2280=CIRCLE('',#6138,0.999999999999992);
#2281=CIRCLE('',#6139,1.);
#2282=CIRCLE('',#6141,1.);
#2283=CIRCLE('',#6143,0.999999999999996);
#2284=CIRCLE('',#6144,1.00000000000001);
#2285=CIRCLE('',#6145,1.);
#2286=CIRCLE('',#6147,0.999999999999909);
#2287=CIRCLE('',#6150,0.999999999999992);
#2288=CIRCLE('',#6151,1.00000000000002);
#2289=CIRCLE('',#6152,1.);
#2290=CIRCLE('',#6154,1.);
#2291=CIRCLE('',#6156,5.45752004923972);
#2292=CIRCLE('',#6157,4.45752004923972);
#2293=CIRCLE('',#6159,1.);
#2294=CIRCLE('',#6160,1.);
#2295=CIRCLE('',#6161,1.);
#2296=CIRCLE('',#6164,1.);
#2297=CIRCLE('',#6165,1.);
#2298=CIRCLE('',#6166,1.00000000000001);
#2299=CIRCLE('',#6168,6.50681770442594);
#2300=CIRCLE('',#6169,1.00000000000001);
#2301=CIRCLE('',#6170,7.50681770442594);
#2302=CIRCLE('',#6173,0.999999999999998);
#2303=CIRCLE('',#6177,1.);
#2304=CIRCLE('',#6179,7.50681770442594);
#2305=CIRCLE('',#6180,6.50681770442594);
#2306=CIRCLE('',#6183,4.45752004923971);
#2307=CIRCLE('',#6184,5.45752004923971);
#2308=CIRCLE('',#6187,0.999999999999996);
#2309=CIRCLE('',#6189,0.999999999999997);
#2310=CIRCLE('',#6190,5.49999999999998);
#2311=CIRCLE('',#6191,4.49999999999998);
#2312=CIRCLE('',#6194,0.999999999999998);
#2313=CIRCLE('',#6197,4.4575200492397);
#2314=CIRCLE('',#6198,5.4575200492397);
#2315=CIRCLE('',#6204,4.45752004923971);
#2316=CIRCLE('',#6208,4.49999999999996);
#2317=CIRCLE('',#6212,4.45752004923972);
#2318=CIRCLE('',#6216,6.50681770442594);
#2319=CIRCLE('',#6222,32.);
#2320=CIRCLE('',#6223,32.);
#2321=CIRCLE('',#6224,32.);
#2322=CIRCLE('',#6225,32.);
#2323=CIRCLE('',#6226,3.25);
#2324=CIRCLE('',#6227,3.25);
#2325=CIRCLE('',#6228,3.25);
#2326=CIRCLE('',#6229,3.25);
#2327=CIRCLE('',#6230,3.25);
#2328=CIRCLE('',#6231,3.25);
#2329=CIRCLE('',#6232,3.25);
#2330=CIRCLE('',#6233,3.25);
#2331=CIRCLE('',#6234,1.);
#2332=CIRCLE('',#6235,1.);
#2333=CIRCLE('',#6236,65.);
#2334=CIRCLE('',#6237,1.);
#2335=CIRCLE('',#6238,1.);
#2336=CIRCLE('',#6239,65.);
#2337=CIRCLE('',#6240,1.);
#2338=CIRCLE('',#6241,1.);
#2339=CIRCLE('',#6242,65.);
#2340=CIRCLE('',#6243,1.);
#2341=CIRCLE('',#6244,1.);
#2342=CIRCLE('',#6245,65.);
#2343=CIRCLE('',#6246,6.50681770442594);
#2344=CIRCLE('',#6247,4.45752004923971);
#2345=CIRCLE('',#6248,4.49999999999998);
#2346=CIRCLE('',#6249,4.4575200492397);
#2347=CIRCLE('',#6250,6.50681770442593);
#2348=CIRCLE('',#6251,6.50681770442597);
#2349=CIRCLE('',#6254,71.85);
#2350=CIRCLE('',#6255,66.);
#2351=CIRCLE('',#6256,66.);
#2352=CIRCLE('',#6257,66.);
#2353=CIRCLE('',#6258,66.);
#2354=CIRCLE('',#6264,1.00000000000001);
#2355=CIRCLE('',#6265,1.);
#2356=CIRCLE('',#6266,1.);
#2357=CIRCLE('',#6269,1.00000000000001);
#2358=CIRCLE('',#6270,1.00000000000001);
#2359=CIRCLE('',#6271,1.);
#2360=CIRCLE('',#6278,1.);
#2361=CIRCLE('',#6279,1.00000000000002);
#2362=CIRCLE('',#6280,1.);
#2363=CIRCLE('',#6284,0.999999999999985);
#2364=CIRCLE('',#6285,1.);
#2365=CIRCLE('',#6286,1.);
#2366=CIRCLE('',#6289,1.);
#2367=CIRCLE('',#6290,1.);
#2368=CIRCLE('',#6291,1.);
#2369=CIRCLE('',#6294,65.);
#2370=CIRCLE('',#6296,0.999999999999994);
#2371=CIRCLE('',#6297,1.00000000000002);
#2372=CIRCLE('',#6298,1.);
#2373=CIRCLE('',#6305,0.999999999999988);
#2374=CIRCLE('',#6306,0.999999999999984);
#2375=CIRCLE('',#6307,1.);
#2376=CIRCLE('',#6311,0.999999999999995);
#2377=CIRCLE('',#6312,1.);
#2378=CIRCLE('',#6313,1.);
#2379=CIRCLE('',#6316,65.);
#2380=CIRCLE('',#6323,65.);
#2381=CIRCLE('',#6330,65.);
#2382=CIRCLE('',#6340,6.49999999999999);
#2383=CIRCLE('',#6341,5.5);
#2384=CIRCLE('',#6343,5.5);
#2385=CIRCLE('',#6345,8.98544026522071);
#2386=CIRCLE('',#6348,9.98544026522071);
#2387=CIRCLE('',#6353,9.98544026522071);
#2388=CIRCLE('',#6354,9.98544026522071);
#2389=CIRCLE('',#6357,6.50000000000002);
#2390=CIRCLE('',#6358,5.50000000000001);
#2391=CIRCLE('',#6360,8.98544026522066);
#2392=CIRCLE('',#6361,11.);
#2393=CIRCLE('',#6362,8.9854402652207);
#2394=CIRCLE('',#6363,6.50000000000002);
#2395=CIRCLE('',#6365,5.50000000000001);
#2396=CIRCLE('',#6368,9.98544026522065);
#2397=CIRCLE('',#6371,10.);
#2398=CIRCLE('',#6374,9.98544026522069);
#2399=CIRCLE('',#6378,9.98544026522069);
#2400=CIRCLE('',#6379,9.98544026522069);
#2401=CIRCLE('',#6382,10.);
#2402=CIRCLE('',#6385,9.98544026522065);
#2403=CIRCLE('',#6386,9.98544026522065);
#2404=CIRCLE('',#6389,5.50000000000001);
#2405=CIRCLE('',#6391,5.50000000000001);
#2406=CIRCLE('',#6394,8.99999999999999);
#2407=CIRCLE('',#6395,10.);
#2408=CIRCLE('',#6399,10.);
#2409=CIRCLE('',#6402,6.50000000000002);
#2410=CIRCLE('',#6403,5.50000000000001);
#2411=CIRCLE('',#6405,5.50000000000001);
#2412=CIRCLE('',#6407,8.98544026522073);
#2413=CIRCLE('',#6411,9.98544026522072);
#2414=CIRCLE('',#6415,9.98544026522072);
#2415=CIRCLE('',#6416,9.98544026522072);
#2416=CIRCLE('',#6419,6.49999999999999);
#2417=CIRCLE('',#6420,5.49999999999997);
#2418=CIRCLE('',#6422,5.49999999999997);
#2419=CIRCLE('',#6424,8.98544026522069);
#2420=CIRCLE('',#6427,9.98544026522069);
#2421=CIRCLE('',#6432,9.98544026522069);
#2422=CIRCLE('',#6433,9.98544026522069);
#2423=CIRCLE('',#6437,9.);
#2424=CIRCLE('',#6438,10.);
#2425=CIRCLE('',#6442,10.);
#2426=CIRCLE('',#6445,6.49999999999999);
#2427=CIRCLE('',#6446,5.5);
#2428=CIRCLE('',#6448,5.5);
#2429=CIRCLE('',#6450,8.98544026522071);
#2430=CIRCLE('',#6454,9.98544026522071);
#2431=CIRCLE('',#6458,9.98544026522071);
#2432=CIRCLE('',#6459,9.98544026522071);
#2433=CIRCLE('',#6463,8.98544026522067);
#2434=CIRCLE('',#6464,9.98544026522067);
#2435=CIRCLE('',#6467,10.);
#2436=CIRCLE('',#6468,11.);
#2437=CIRCLE('',#6471,8.98544026522065);
#2438=CIRCLE('',#6472,9.98544026522065);
#2439=CIRCLE('',#6476,9.98544026522065);
#2440=CIRCLE('',#6477,9.98544026522065);
#2441=CIRCLE('',#6480,10.);
#2442=CIRCLE('',#6483,9.98544026522067);
#2443=CIRCLE('',#6484,9.98544026522067);
#2444=CIRCLE('',#6487,6.50000000000002);
#2445=CIRCLE('',#6488,5.50000000000001);
#2446=CIRCLE('',#6490,6.5);
#2447=CIRCLE('',#6492,5.50000000000001);
#2448=CIRCLE('',#6494,5.49999999999999);
#2449=CIRCLE('',#6496,5.49999999999999);
#2450=CIRCLE('',#6500,6.49999999999998);
#2451=CIRCLE('',#6501,7.49999999999998);
#2452=CIRCLE('',#6504,6.5);
#2453=CIRCLE('',#6505,7.5);
#2454=CIRCLE('',#6509,7.5);
#2455=CIRCLE('',#6512,7.49999999999998);
#2456=CIRCLE('',#6515,5.80000000000002);
#2457=CIRCLE('',#6516,7.5);
#2458=CIRCLE('',#6517,7.5);
#2459=CIRCLE('',#6518,5.79999999999998);
#2460=CIRCLE('',#6519,71.85);
#2461=CIRCLE('',#6520,2.80000000000001);
#2462=CIRCLE('',#6521,2.79999999999995);
#2463=CIRCLE('',#6522,2.80000000000001);
#2464=CIRCLE('',#6523,2.80000000000001);
#2465=CIRCLE('',#6524,2.79999999999999);
#2466=CIRCLE('',#6525,2.8);
#2467=CIRCLE('',#6526,2.8);
#2468=CIRCLE('',#6527,2.79999999999999);
#2469=CIRCLE('',#6528,2.79999999999999);
#2470=CIRCLE('',#6529,2.80000000000001);
#2471=CIRCLE('',#6530,2.79999999999999);
#2472=CIRCLE('',#6531,2.8);
#2473=CIRCLE('',#6532,2.8);
#2474=CIRCLE('',#6533,2.79999999999999);
#2475=CIRCLE('',#6534,2.79999999999999);
#2476=CIRCLE('',#6535,2.80000000000001);
#2477=CIRCLE('',#6539,5.80000000000002);
#2478=CIRCLE('',#6544,5.79999999999998);
#2479=CIRCLE('',#6549,2.80000000000001);
#2480=CIRCLE('',#6551,2.80000000000001);
#2481=CIRCLE('',#6553,2.80000000000001);
#2482=CIRCLE('',#6556,2.79999999999999);
#2483=CIRCLE('',#6559,2.79999999999999);
#2484=CIRCLE('',#6562,2.8);
#2485=CIRCLE('',#6565,2.8);
#2486=CIRCLE('',#6568,2.79999999999999);
#2487=CIRCLE('',#6571,2.80000000000001);
#2488=CIRCLE('',#6574,2.80000000000001);
#2489=CIRCLE('',#6577,2.79999999999999);
#2490=CIRCLE('',#6580,2.79999999999999);
#2491=CIRCLE('',#6583,2.8);
#2492=CIRCLE('',#6586,2.8);
#2493=CIRCLE('',#6589,2.79999999999999);
#2494=CIRCLE('',#6594,3.25);
#2495=CIRCLE('',#6597,3.25);
#2496=CIRCLE('',#6599,32.);
#2497=CIRCLE('',#6600,32.);
#2498=CIRCLE('',#6602,3.25);
#2499=CIRCLE('',#6605,3.25);
#2500=CIRCLE('',#6607,7.5);
#2501=CIRCLE('',#6609,32.);
#2502=CIRCLE('',#6610,32.);
#2503=CIRCLE('',#6611,7.5);
#2504=CIRCLE('',#6613,3.25);
#2505=CIRCLE('',#6616,3.25);
#2506=CIRCLE('',#6618,3.25);
#2507=CIRCLE('',#6620,3.25);
#2508=CIRCLE('',#6669,2.80000000000001);
#2509=VERTEX_POINT('',#8379);
#2510=VERTEX_POINT('',#8380);
#2511=VERTEX_POINT('',#8382);
#2512=VERTEX_POINT('',#8386);
#2513=VERTEX_POINT('',#8387);
#2514=VERTEX_POINT('',#8389);
#2515=VERTEX_POINT('',#8412);
#2516=VERTEX_POINT('',#8413);
#2517=VERTEX_POINT('',#8430);
#2518=VERTEX_POINT('',#8431);
#2519=VERTEX_POINT('',#8433);
#2520=VERTEX_POINT('',#8435);
#2521=VERTEX_POINT('',#8450);
#2522=VERTEX_POINT('',#8451);
#2523=VERTEX_POINT('',#8453);
#2524=VERTEX_POINT('',#8457);
#2525=VERTEX_POINT('',#8458);
#2526=VERTEX_POINT('',#8466);
#2527=VERTEX_POINT('',#8467);
#2528=VERTEX_POINT('',#8469);
#2529=VERTEX_POINT('',#8492);
#2530=VERTEX_POINT('',#8493);
#2531=VERTEX_POINT('',#8510);
#2532=VERTEX_POINT('',#8511);
#2533=VERTEX_POINT('',#8513);
#2534=VERTEX_POINT('',#8517);
#2535=VERTEX_POINT('',#8518);
#2536=VERTEX_POINT('',#8523);
#2537=VERTEX_POINT('',#8524);
#2538=VERTEX_POINT('',#8583);
#2539=VERTEX_POINT('',#8584);
#2540=VERTEX_POINT('',#8615);
#2541=VERTEX_POINT('',#8616);
#2542=VERTEX_POINT('',#8618);
#2543=VERTEX_POINT('',#8641);
#2544=VERTEX_POINT('',#8642);
#2545=VERTEX_POINT('',#8659);
#2546=VERTEX_POINT('',#8661);
#2547=VERTEX_POINT('',#8676);
#2548=VERTEX_POINT('',#8677);
#2549=VERTEX_POINT('',#8679);
#2550=VERTEX_POINT('',#8702);
#2551=VERTEX_POINT('',#8703);
#2552=VERTEX_POINT('',#8720);
#2553=VERTEX_POINT('',#8721);
#2554=VERTEX_POINT('',#8723);
#2555=VERTEX_POINT('',#8727);
#2556=VERTEX_POINT('',#8728);
#2557=VERTEX_POINT('',#8736);
#2558=VERTEX_POINT('',#8737);
#2559=VERTEX_POINT('',#8739);
#2560=VERTEX_POINT('',#8762);
#2561=VERTEX_POINT('',#8763);
#2562=VERTEX_POINT('',#8780);
#2563=VERTEX_POINT('',#8781);
#2564=VERTEX_POINT('',#8783);
#2565=VERTEX_POINT('',#8806);
#2566=VERTEX_POINT('',#8807);
#2567=VERTEX_POINT('',#8866);
#2568=VERTEX_POINT('',#8868);
#2569=VERTEX_POINT('',#8885);
#2570=VERTEX_POINT('',#8887);
#2571=VERTEX_POINT('',#8904);
#2572=VERTEX_POINT('',#8905);
#2573=VERTEX_POINT('',#8907);
#2574=VERTEX_POINT('',#8930);
#2575=VERTEX_POINT('',#8931);
#2576=VERTEX_POINT('',#8948);
#2577=VERTEX_POINT('',#8949);
#2578=VERTEX_POINT('',#8951);
#2579=VERTEX_POINT('',#8974);
#2580=VERTEX_POINT('',#8975);
#2581=VERTEX_POINT('',#8995);
#2582=VERTEX_POINT('',#8996);
#2583=VERTEX_POINT('',#8998);
#2584=VERTEX_POINT('',#9002);
#2585=VERTEX_POINT('',#9003);
#2586=VERTEX_POINT('',#9005);
#2587=VERTEX_POINT('',#9028);
#2588=VERTEX_POINT('',#9029);
#2589=VERTEX_POINT('',#9074);
#2590=VERTEX_POINT('',#9075);
#2591=VERTEX_POINT('',#9077);
#2592=VERTEX_POINT('',#9100);
#2593=VERTEX_POINT('',#9101);
#2594=VERTEX_POINT('',#9118);
#2595=VERTEX_POINT('',#9119);
#2596=VERTEX_POINT('',#9124);
#2597=VERTEX_POINT('',#9125);
#2598=VERTEX_POINT('',#9133);
#2599=VERTEX_POINT('',#9134);
#2600=VERTEX_POINT('',#9136);
#2601=VERTEX_POINT('',#9140);
#2602=VERTEX_POINT('',#9141);
#2603=VERTEX_POINT('',#9146);
#2604=VERTEX_POINT('',#9147);
#2605=VERTEX_POINT('',#9149);
#2606=VERTEX_POINT('',#9172);
#2607=VERTEX_POINT('',#9173);
#2608=VERTEX_POINT('',#9218);
#2609=VERTEX_POINT('',#9219);
#2610=VERTEX_POINT('',#9283);
#2611=VERTEX_POINT('',#9284);
#2612=VERTEX_POINT('',#9317);
#2613=VERTEX_POINT('',#9319);
#2614=VERTEX_POINT('',#9334);
#2615=VERTEX_POINT('',#9335);
#2616=VERTEX_POINT('',#9337);
#2617=VERTEX_POINT('',#9341);
#2618=VERTEX_POINT('',#9342);
#2619=VERTEX_POINT('',#9347);
#2620=VERTEX_POINT('',#9349);
#2621=VERTEX_POINT('',#9368);
#2622=VERTEX_POINT('',#9369);
#2623=VERTEX_POINT('',#9371);
#2624=VERTEX_POINT('',#9394);
#2625=VERTEX_POINT('',#9395);
#2626=VERTEX_POINT('',#9415);
#2627=VERTEX_POINT('',#9416);
#2628=VERTEX_POINT('',#9418);
#2629=VERTEX_POINT('',#9464);
#2630=VERTEX_POINT('',#9465);
#2631=VERTEX_POINT('',#9467);
#2632=VERTEX_POINT('',#9469);
#2633=VERTEX_POINT('',#9506);
#2634=VERTEX_POINT('',#9507);
#2635=VERTEX_POINT('',#9581);
#2636=VERTEX_POINT('',#9593);
#2637=VERTEX_POINT('',#9610);
#2638=VERTEX_POINT('',#9612);
#2639=VERTEX_POINT('',#9627);
#2640=VERTEX_POINT('',#9628);
#2641=VERTEX_POINT('',#9697);
#2642=VERTEX_POINT('',#9698);
#2643=VERTEX_POINT('',#9715);
#2644=VERTEX_POINT('',#9717);
#2645=VERTEX_POINT('',#9734);
#2646=VERTEX_POINT('',#9736);
#2647=VERTEX_POINT('',#9803);
#2648=VERTEX_POINT('',#9804);
#2649=VERTEX_POINT('',#9821);
#2650=VERTEX_POINT('',#9822);
#2651=VERTEX_POINT('',#9827);
#2652=VERTEX_POINT('',#9828);
#2653=VERTEX_POINT('',#9864);
#2654=VERTEX_POINT('',#9866);
#2655=VERTEX_POINT('',#9932);
#2656=VERTEX_POINT('',#9943);
#2657=VERTEX_POINT('',#9959);
#2658=VERTEX_POINT('',#9961);
#2659=VERTEX_POINT('',#10047);
#2660=VERTEX_POINT('',#10048);
#2661=VERTEX_POINT('',#10065);
#2662=VERTEX_POINT('',#10105);
#2663=VERTEX_POINT('',#10109);
#2664=VERTEX_POINT('',#10133);
#2665=VERTEX_POINT('',#10137);
#2666=VERTEX_POINT('',#10161);
#2667=VERTEX_POINT('',#10165);
#2668=VERTEX_POINT('',#10207);
#2669=VERTEX_POINT('',#10211);
#2670=VERTEX_POINT('',#10217);
#2671=VERTEX_POINT('',#10250);
#2672=VERTEX_POINT('',#10297);
#2673=VERTEX_POINT('',#10317);
#2674=VERTEX_POINT('',#10321);
#2675=VERTEX_POINT('',#10322);
#2676=VERTEX_POINT('',#10324);
#2677=VERTEX_POINT('',#10326);
#2678=VERTEX_POINT('',#10328);
#2679=VERTEX_POINT('',#10330);
#2680=VERTEX_POINT('',#10332);
#2681=VERTEX_POINT('',#10334);
#2682=VERTEX_POINT('',#10337);
#2683=VERTEX_POINT('',#10339);
#2684=VERTEX_POINT('',#10341);
#2685=VERTEX_POINT('',#10343);
#2686=VERTEX_POINT('',#10345);
#2687=VERTEX_POINT('',#10347);
#2688=VERTEX_POINT('',#10349);
#2689=VERTEX_POINT('',#10351);
#2690=VERTEX_POINT('',#10353);
#2691=VERTEX_POINT('',#10354);
#2692=VERTEX_POINT('',#10356);
#2693=VERTEX_POINT('',#10358);
#2694=VERTEX_POINT('',#10360);
#2695=VERTEX_POINT('',#10362);
#2696=VERTEX_POINT('',#10364);
#2697=VERTEX_POINT('',#10366);
#2698=VERTEX_POINT('',#10368);
#2699=VERTEX_POINT('',#10370);
#2700=VERTEX_POINT('',#10372);
#2701=VERTEX_POINT('',#10374);
#2702=VERTEX_POINT('',#10376);
#2703=VERTEX_POINT('',#10378);
#2704=VERTEX_POINT('',#10380);
#2705=VERTEX_POINT('',#10382);
#2706=VERTEX_POINT('',#10384);
#2707=VERTEX_POINT('',#10386);
#2708=VERTEX_POINT('',#10388);
#2709=VERTEX_POINT('',#10390);
#2710=VERTEX_POINT('',#10392);
#2711=VERTEX_POINT('',#10394);
#2712=VERTEX_POINT('',#10396);
#2713=VERTEX_POINT('',#10398);
#2714=VERTEX_POINT('',#10401);
#2715=VERTEX_POINT('',#10414);
#2716=VERTEX_POINT('',#10416);
#2717=VERTEX_POINT('',#10423);
#2718=VERTEX_POINT('',#10425);
#2719=VERTEX_POINT('',#10432);
#2720=VERTEX_POINT('',#10434);
#2721=VERTEX_POINT('',#10447);
#2722=VERTEX_POINT('',#10449);
#2723=VERTEX_POINT('',#10452);
#2724=VERTEX_POINT('',#10454);
#2725=VERTEX_POINT('',#10470);
#2726=VERTEX_POINT('',#10487);
#2727=VERTEX_POINT('',#10493);
#2728=VERTEX_POINT('',#10494);
#2729=VERTEX_POINT('',#10511);
#2730=VERTEX_POINT('',#10519);
#2731=VERTEX_POINT('',#10521);
#2732=VERTEX_POINT('',#10523);
#2733=VERTEX_POINT('',#10540);
#2734=VERTEX_POINT('',#10542);
#2735=VERTEX_POINT('',#10559);
#2736=VERTEX_POINT('',#10561);
#2737=VERTEX_POINT('',#10563);
#2738=VERTEX_POINT('',#10571);
#2739=VERTEX_POINT('',#10588);
#2740=VERTEX_POINT('',#10602);
#2741=VERTEX_POINT('',#10617);
#2742=VERTEX_POINT('',#10618);
#2743=VERTEX_POINT('',#10620);
#2744=VERTEX_POINT('',#10622);
#2745=VERTEX_POINT('',#10624);
#2746=VERTEX_POINT('',#10626);
#2747=VERTEX_POINT('',#10628);
#2748=VERTEX_POINT('',#10630);
#2749=VERTEX_POINT('',#10632);
#2750=VERTEX_POINT('',#10634);
#2751=VERTEX_POINT('',#10636);
#2752=VERTEX_POINT('',#10638);
#2753=VERTEX_POINT('',#10640);
#2754=VERTEX_POINT('',#10642);
#2755=VERTEX_POINT('',#10644);
#2756=VERTEX_POINT('',#10646);
#2757=VERTEX_POINT('',#10683);
#2758=VERTEX_POINT('',#10685);
#2759=VERTEX_POINT('',#10692);
#2760=VERTEX_POINT('',#10694);
#2761=VERTEX_POINT('',#10701);
#2762=VERTEX_POINT('',#10705);
#2763=VERTEX_POINT('',#10709);
#2764=VERTEX_POINT('',#10711);
#2765=VERTEX_POINT('',#10720);
#2766=VERTEX_POINT('',#10722);
#2767=VERTEX_POINT('',#10729);
#2768=VERTEX_POINT('',#10731);
#2769=VERTEX_POINT('',#10740);
#2770=VERTEX_POINT('',#10742);
#2771=VERTEX_POINT('',#10749);
#2772=VERTEX_POINT('',#10753);
#2773=VERTEX_POINT('',#10757);
#2774=VERTEX_POINT('',#10759);
#2775=VERTEX_POINT('',#10768);
#2776=VERTEX_POINT('',#10770);
#2777=VERTEX_POINT('',#10779);
#2778=VERTEX_POINT('',#10783);
#2779=VERTEX_POINT('',#10791);
#2780=VERTEX_POINT('',#10795);
#2781=VERTEX_POINT('',#10815);
#2782=VERTEX_POINT('',#10817);
#2783=VERTEX_POINT('',#10821);
#2784=VERTEX_POINT('',#10825);
#2785=VERTEX_POINT('',#10826);
#2786=VERTEX_POINT('',#10828);
#2787=VERTEX_POINT('',#10830);
#2788=VERTEX_POINT('',#10834);
#2789=VERTEX_POINT('',#10836);
#2790=VERTEX_POINT('',#10840);
#2791=VERTEX_POINT('',#10844);
#2792=VERTEX_POINT('',#10846);
#2793=VERTEX_POINT('',#10850);
#2794=VERTEX_POINT('',#10852);
#2795=VERTEX_POINT('',#10856);
#2796=VERTEX_POINT('',#10858);
#2797=VERTEX_POINT('',#10862);
#2798=VERTEX_POINT('',#10866);
#2799=VERTEX_POINT('',#10868);
#2800=VERTEX_POINT('',#10872);
#2801=VERTEX_POINT('',#10873);
#2802=VERTEX_POINT('',#10875);
#2803=VERTEX_POINT('',#10877);
#2804=VERTEX_POINT('',#10879);
#2805=VERTEX_POINT('',#10881);
#2806=VERTEX_POINT('',#10883);
#2807=VERTEX_POINT('',#10885);
#2808=VERTEX_POINT('',#10888);
#2809=VERTEX_POINT('',#10891);
#2810=VERTEX_POINT('',#10895);
#2811=VERTEX_POINT('',#10897);
#2812=VERTEX_POINT('',#10901);
#2813=VERTEX_POINT('',#10905);
#2814=VERTEX_POINT('',#10909);
#2815=VERTEX_POINT('',#10913);
#2816=VERTEX_POINT('',#10917);
#2817=VERTEX_POINT('',#10921);
#2818=VERTEX_POINT('',#10925);
#2819=VERTEX_POINT('',#10927);
#2820=VERTEX_POINT('',#10931);
#2821=VERTEX_POINT('',#10933);
#2822=VERTEX_POINT('',#10937);
#2823=VERTEX_POINT('',#10941);
#2824=VERTEX_POINT('',#10945);
#2825=VERTEX_POINT('',#10949);
#2826=VERTEX_POINT('',#10951);
#2827=VERTEX_POINT('',#10955);
#2828=VERTEX_POINT('',#10959);
#2829=VERTEX_POINT('',#10963);
#2830=VERTEX_POINT('',#10967);
#2831=VERTEX_POINT('',#10968);
#2832=VERTEX_POINT('',#10970);
#2833=VERTEX_POINT('',#10972);
#2834=VERTEX_POINT('',#10976);
#2835=VERTEX_POINT('',#10977);
#2836=VERTEX_POINT('',#10982);
#2837=VERTEX_POINT('',#10983);
#2838=VERTEX_POINT('',#10988);
#2839=VERTEX_POINT('',#10990);
#2840=VERTEX_POINT('',#10994);
#2841=VERTEX_POINT('',#10998);
#2842=VERTEX_POINT('',#11002);
#2843=VERTEX_POINT('',#11004);
#2844=VERTEX_POINT('',#11008);
#2845=VERTEX_POINT('',#11012);
#2846=VERTEX_POINT('',#11013);
#2847=VERTEX_POINT('',#11015);
#2848=VERTEX_POINT('',#11017);
#2849=VERTEX_POINT('',#11021);
#2850=VERTEX_POINT('',#11022);
#2851=VERTEX_POINT('',#11024);
#2852=VERTEX_POINT('',#11029);
#2853=VERTEX_POINT('',#11033);
#2854=VERTEX_POINT('',#11037);
#2855=VERTEX_POINT('',#11039);
#2856=VERTEX_POINT('',#11043);
#2857=VERTEX_POINT('',#11045);
#2858=VERTEX_POINT('',#11049);
#2859=VERTEX_POINT('',#11053);
#2860=VERTEX_POINT('',#11055);
#2861=VERTEX_POINT('',#11059);
#2862=VERTEX_POINT('',#11063);
#2863=VERTEX_POINT('',#11064);
#2864=VERTEX_POINT('',#11066);
#2865=VERTEX_POINT('',#11068);
#2866=VERTEX_POINT('',#11072);
#2867=VERTEX_POINT('',#11074);
#2868=VERTEX_POINT('',#11078);
#2869=VERTEX_POINT('',#11082);
#2870=VERTEX_POINT('',#11084);
#2871=VERTEX_POINT('',#11088);
#2872=VERTEX_POINT('',#11090);
#2873=VERTEX_POINT('',#11094);
#2874=VERTEX_POINT('',#11096);
#2875=VERTEX_POINT('',#11100);
#2876=VERTEX_POINT('',#11104);
#2877=VERTEX_POINT('',#11105);
#2878=VERTEX_POINT('',#11107);
#2879=VERTEX_POINT('',#11109);
#2880=VERTEX_POINT('',#11113);
#2881=VERTEX_POINT('',#11114);
#2882=VERTEX_POINT('',#11119);
#2883=VERTEX_POINT('',#11120);
#2884=VERTEX_POINT('',#11125);
#2885=VERTEX_POINT('',#11127);
#2886=VERTEX_POINT('',#11131);
#2887=VERTEX_POINT('',#11135);
#2888=VERTEX_POINT('',#11139);
#2889=VERTEX_POINT('',#11141);
#2890=VERTEX_POINT('',#11145);
#2891=VERTEX_POINT('',#11149);
#2892=VERTEX_POINT('',#11150);
#2893=VERTEX_POINT('',#11152);
#2894=VERTEX_POINT('',#11154);
#2895=VERTEX_POINT('',#11158);
#2896=VERTEX_POINT('',#11159);
#2897=VERTEX_POINT('',#11161);
#2898=VERTEX_POINT('',#11166);
#2899=VERTEX_POINT('',#11170);
#2900=VERTEX_POINT('',#11174);
#2901=VERTEX_POINT('',#11176);
#2902=VERTEX_POINT('',#11180);
#2903=VERTEX_POINT('',#11182);
#2904=VERTEX_POINT('',#11186);
#2905=VERTEX_POINT('',#11190);
#2906=VERTEX_POINT('',#11191);
#2907=VERTEX_POINT('',#11193);
#2908=VERTEX_POINT('',#11195);
#2909=VERTEX_POINT('',#11199);
#2910=VERTEX_POINT('',#11200);
#2911=VERTEX_POINT('',#11205);
#2912=VERTEX_POINT('',#11206);
#2913=VERTEX_POINT('',#11211);
#2914=VERTEX_POINT('',#11213);
#2915=VERTEX_POINT('',#11217);
#2916=VERTEX_POINT('',#11218);
#2917=VERTEX_POINT('',#11223);
#2918=VERTEX_POINT('',#11224);
#2919=VERTEX_POINT('',#11229);
#2920=VERTEX_POINT('',#11230);
#2921=VERTEX_POINT('',#11235);
#2922=VERTEX_POINT('',#11237);
#2923=VERTEX_POINT('',#11241);
#2924=VERTEX_POINT('',#11243);
#2925=VERTEX_POINT('',#11247);
#2926=VERTEX_POINT('',#11251);
#2927=VERTEX_POINT('',#11255);
#2928=VERTEX_POINT('',#11259);
#2929=VERTEX_POINT('',#11261);
#2930=VERTEX_POINT('',#11265);
#2931=VERTEX_POINT('',#11269);
#2932=VERTEX_POINT('',#11271);
#2933=VERTEX_POINT('',#11276);
#2934=VERTEX_POINT('',#11279);
#2935=VERTEX_POINT('',#11283);
#2936=VERTEX_POINT('',#11287);
#2937=VERTEX_POINT('',#11293);
#2938=VERTEX_POINT('',#11294);
#2939=VERTEX_POINT('',#11296);
#2940=VERTEX_POINT('',#11298);
#2941=VERTEX_POINT('',#11302);
#2942=VERTEX_POINT('',#11303);
#2943=VERTEX_POINT('',#11308);
#2944=VERTEX_POINT('',#11309);
#2945=VERTEX_POINT('',#11314);
#2946=VERTEX_POINT('',#11315);
#2947=VERTEX_POINT('',#11320);
#2948=VERTEX_POINT('',#11321);
#2949=VERTEX_POINT('',#11329);
#2950=VERTEX_POINT('',#11333);
#2951=VERTEX_POINT('',#11337);
#2952=VERTEX_POINT('',#11344);
#2953=VERTEX_POINT('',#11377);
#2954=VERTEX_POINT('',#11378);
#2955=VERTEX_POINT('',#11424);
#2956=VERTEX_POINT('',#11443);
#2957=VERTEX_POINT('',#11445);
#2958=VERTEX_POINT('',#11447);
#2959=VERTEX_POINT('',#11449);
#2960=VERTEX_POINT('',#11451);
#2961=VERTEX_POINT('',#11453);
#2962=VERTEX_POINT('',#11455);
#2963=VERTEX_POINT('',#11457);
#2964=VERTEX_POINT('',#11459);
#2965=VERTEX_POINT('',#11461);
#2966=VERTEX_POINT('',#11464);
#2967=VERTEX_POINT('',#11465);
#2968=VERTEX_POINT('',#11474);
#2969=VERTEX_POINT('',#11476);
#2970=VERTEX_POINT('',#11490);
#2971=VERTEX_POINT('',#11507);
#2972=VERTEX_POINT('',#11515);
#2973=VERTEX_POINT('',#11517);
#2974=VERTEX_POINT('',#11519);
#2975=VERTEX_POINT('',#11536);
#2976=VERTEX_POINT('',#11538);
#2977=VERTEX_POINT('',#11556);
#2978=VERTEX_POINT('',#11558);
#2979=VERTEX_POINT('',#11560);
#2980=VERTEX_POINT('',#11562);
#2981=VERTEX_POINT('',#11564);
#2982=VERTEX_POINT('',#11566);
#2983=VERTEX_POINT('',#11568);
#2984=VERTEX_POINT('',#11570);
#2985=VERTEX_POINT('',#11572);
#2986=VERTEX_POINT('',#11574);
#2987=VERTEX_POINT('',#11576);
#2988=VERTEX_POINT('',#11578);
#2989=VERTEX_POINT('',#11580);
#2990=VERTEX_POINT('',#11582);
#2991=VERTEX_POINT('',#11584);
#2992=VERTEX_POINT('',#11586);
#2993=VERTEX_POINT('',#11626);
#2994=VERTEX_POINT('',#11628);
#2995=VERTEX_POINT('',#11632);
#2996=VERTEX_POINT('',#11640);
#2997=VERTEX_POINT('',#11644);
#2998=VERTEX_POINT('',#11648);
#2999=VERTEX_POINT('',#11657);
#3000=VERTEX_POINT('',#11660);
#3001=VERTEX_POINT('',#11663);
#3002=VERTEX_POINT('',#11668);
#3003=VERTEX_POINT('',#11673);
#3004=VERTEX_POINT('',#11678);
#3005=VERTEX_POINT('',#11683);
#3006=VERTEX_POINT('',#11688);
#3007=VERTEX_POINT('',#11693);
#3008=VERTEX_POINT('',#11698);
#3009=VERTEX_POINT('',#11703);
#3010=VERTEX_POINT('',#11708);
#3011=VERTEX_POINT('',#11713);
#3012=VERTEX_POINT('',#11718);
#3013=VERTEX_POINT('',#11723);
#3014=VERTEX_POINT('',#11733);
#3015=VERTEX_POINT('',#11738);
#3016=VERTEX_POINT('',#11741);
#3017=VERTEX_POINT('',#11743);
#3018=VERTEX_POINT('',#11745);
#3019=VERTEX_POINT('',#11747);
#3020=VERTEX_POINT('',#11751);
#3021=VERTEX_POINT('',#11756);
#3022=VERTEX_POINT('',#11759);
#3023=VERTEX_POINT('',#11763);
#3024=VERTEX_POINT('',#11765);
#3025=VERTEX_POINT('',#11767);
#3026=VERTEX_POINT('',#11769);
#3027=VERTEX_POINT('',#11772);
#3028=VERTEX_POINT('',#11776);
#3029=VERTEX_POINT('',#11781);
#3030=VERTEX_POINT('',#11784);
#3031=VERTEX_POINT('',#11787);
#3032=VERTEX_POINT('',#12089);
#3033=EDGE_CURVE('',#2509,#2510,#2219,.F.);
#3034=EDGE_CURVE('',#2511,#2509,#2220,.F.);
#3035=EDGE_CURVE('',#2510,#2511,#2221,.F.);
#3036=EDGE_CURVE('',#2512,#2513,#2222,.F.);
#3037=EDGE_CURVE('',#2514,#2512,#2223,.F.);
#3038=EDGE_CURVE('',#2513,#2514,#2224,.F.);
#3039=EDGE_CURVE('',#2515,#2516,#1276,.T.);
#3040=EDGE_CURVE('',#2516,#2514,#1277,.T.);
#3041=EDGE_CURVE('',#2512,#2515,#1278,.T.);
#3042=EDGE_CURVE('',#2517,#2518,#2225,.T.);
#3043=EDGE_CURVE('',#2518,#2519,#2226,.T.);
#3044=EDGE_CURVE('',#2519,#2520,#2227,.T.);
#3045=EDGE_CURVE('',#2520,#2517,#1279,.T.);
#3046=EDGE_CURVE('',#2521,#2522,#2228,.F.);
#3047=EDGE_CURVE('',#2523,#2521,#2229,.F.);
#3048=EDGE_CURVE('',#2522,#2523,#2230,.F.);
#3049=EDGE_CURVE('',#2524,#2525,#2231,.T.);
#3050=EDGE_CURVE('',#2525,#2523,#251,.T.);
#3051=EDGE_CURVE('',#2521,#2524,#252,.T.);
#3052=EDGE_CURVE('',#2520,#2522,#253,.T.);
#3053=EDGE_CURVE('',#2523,#2517,#254,.T.);
#3054=EDGE_CURVE('',#2526,#2527,#2232,.F.);
#3055=EDGE_CURVE('',#2528,#2526,#2233,.F.);
#3056=EDGE_CURVE('',#2527,#2528,#2234,.F.);
#3057=EDGE_CURVE('',#2529,#2530,#1280,.T.);
#3058=EDGE_CURVE('',#2530,#2528,#1281,.T.);
#3059=EDGE_CURVE('',#2526,#2529,#1282,.T.);
#3060=EDGE_CURVE('',#2531,#2532,#2235,.F.);
#3061=EDGE_CURVE('',#2533,#2531,#2236,.F.);
#3062=EDGE_CURVE('',#2532,#2533,#2237,.F.);
#3063=EDGE_CURVE('',#2534,#2535,#2238,.T.);
#3064=EDGE_CURVE('',#2535,#2533,#255,.T.);
#3065=EDGE_CURVE('',#2531,#2534,#256,.T.);
#3066=EDGE_CURVE('',#2536,#2537,#2239,.T.);
#3067=EDGE_CURVE('',#2537,#2532,#257,.T.);
#3068=EDGE_CURVE('',#2533,#2536,#258,.T.);
#3069=EDGE_CURVE('',#2538,#2539,#1283,.T.);
#3070=EDGE_CURVE('',#2539,#2537,#1284,.T.);
#3071=EDGE_CURVE('',#2536,#2538,#1285,.T.);
#3072=EDGE_CURVE('',#2540,#2541,#2240,.F.);
#3073=EDGE_CURVE('',#2542,#2540,#2241,.F.);
#3074=EDGE_CURVE('',#2541,#2542,#2242,.F.);
#3075=EDGE_CURVE('',#2543,#2544,#1286,.T.);
#3076=EDGE_CURVE('',#2544,#2542,#1287,.T.);
#3077=EDGE_CURVE('',#2540,#2543,#1288,.T.);
#3078=EDGE_CURVE('',#2545,#2531,#259,.T.);
#3079=EDGE_CURVE('',#2532,#2546,#260,.T.);
#3080=EDGE_CURVE('',#2546,#2545,#1289,.T.);
#3081=EDGE_CURVE('',#2547,#2548,#2243,.F.);
#3082=EDGE_CURVE('',#2549,#2547,#2244,.F.);
#3083=EDGE_CURVE('',#2548,#2549,#2245,.F.);
#3084=EDGE_CURVE('',#2550,#2551,#1290,.T.);
#3085=EDGE_CURVE('',#2551,#2549,#1291,.T.);
#3086=EDGE_CURVE('',#2547,#2550,#1292,.T.);
#3087=EDGE_CURVE('',#2552,#2553,#2246,.F.);
#3088=EDGE_CURVE('',#2554,#2552,#2247,.F.);
#3089=EDGE_CURVE('',#2553,#2554,#2248,.F.);
#3090=EDGE_CURVE('',#2555,#2556,#2249,.T.);
#3091=EDGE_CURVE('',#2556,#2554,#261,.T.);
#3092=EDGE_CURVE('',#2552,#2555,#262,.T.);
#3093=EDGE_CURVE('',#2546,#2556,#2250,.T.);
#3094=EDGE_CURVE('',#2555,#2545,#2251,.T.);
#3095=EDGE_CURVE('',#2557,#2558,#2252,.F.);
#3096=EDGE_CURVE('',#2559,#2557,#2253,.F.);
#3097=EDGE_CURVE('',#2558,#2559,#2254,.F.);
#3098=EDGE_CURVE('',#2560,#2561,#1293,.T.);
#3099=EDGE_CURVE('',#2561,#2559,#1294,.T.);
#3100=EDGE_CURVE('',#2557,#2560,#1295,.T.);
#3101=EDGE_CURVE('',#2562,#2563,#2255,.F.);
#3102=EDGE_CURVE('',#2564,#2562,#2256,.F.);
#3103=EDGE_CURVE('',#2563,#2564,#2257,.F.);
#3104=EDGE_CURVE('',#2565,#2566,#1296,.T.);
#3105=EDGE_CURVE('',#2566,#2564,#1297,.T.);
#3106=EDGE_CURVE('',#2562,#2565,#1298,.T.);
#3107=EDGE_CURVE('',#2554,#2563,#1299,.T.);
#3108=EDGE_CURVE('',#2564,#2553,#1300,.T.);
#3109=EDGE_CURVE('',#2567,#2562,#263,.T.);
#3110=EDGE_CURVE('',#2563,#2568,#264,.T.);
#3111=EDGE_CURVE('',#2568,#2567,#1301,.T.);
#3112=EDGE_CURVE('',#2568,#2569,#2258,.T.);
#3113=EDGE_CURVE('',#2569,#2570,#1302,.T.);
#3114=EDGE_CURVE('',#2570,#2567,#2259,.T.);
#3115=EDGE_CURVE('',#2571,#2572,#2260,.F.);
#3116=EDGE_CURVE('',#2573,#2571,#2261,.F.);
#3117=EDGE_CURVE('',#2572,#2573,#2262,.F.);
#3118=EDGE_CURVE('',#2574,#2575,#1303,.T.);
#3119=EDGE_CURVE('',#2575,#2573,#1304,.T.);
#3120=EDGE_CURVE('',#2571,#2574,#1305,.T.);
#3121=EDGE_CURVE('',#2576,#2577,#2263,.F.);
#3122=EDGE_CURVE('',#2578,#2576,#2264,.F.);
#3123=EDGE_CURVE('',#2577,#2578,#2265,.F.);
#3124=EDGE_CURVE('',#2579,#2580,#1306,.T.);
#3125=EDGE_CURVE('',#2580,#2578,#1307,.T.);
#3126=EDGE_CURVE('',#2576,#2579,#1308,.T.);
#3127=EDGE_CURVE('',#2569,#2577,#265,.T.);
#3128=EDGE_CURVE('',#2578,#2570,#266,.T.);
#3129=EDGE_CURVE('',#2581,#2582,#2266,.F.);
#3130=EDGE_CURVE('',#2583,#2581,#2267,.F.);
#3131=EDGE_CURVE('',#2582,#2583,#2268,.F.);
#3132=EDGE_CURVE('',#2584,#2585,#2269,.F.);
#3133=EDGE_CURVE('',#2586,#2584,#2270,.F.);
#3134=EDGE_CURVE('',#2585,#2586,#2271,.F.);
#3135=EDGE_CURVE('',#2587,#2588,#1309,.T.);
#3136=EDGE_CURVE('',#2588,#2586,#1310,.T.);
#3137=EDGE_CURVE('',#2584,#2587,#1311,.T.);
#3138=EDGE_CURVE('',#2577,#2585,#1312,.T.);
#3139=EDGE_CURVE('',#2586,#2576,#1313,.T.);
#3140=EDGE_CURVE('',#2589,#2590,#2272,.F.);
#3141=EDGE_CURVE('',#2591,#2589,#2273,.F.);
#3142=EDGE_CURVE('',#2590,#2591,#2274,.F.);
#3143=EDGE_CURVE('',#2592,#2593,#1314,.T.);
#3144=EDGE_CURVE('',#2593,#2591,#1315,.T.);
#3145=EDGE_CURVE('',#2589,#2592,#1316,.T.);
#3146=EDGE_CURVE('',#2594,#2595,#2275,.T.);
#3147=EDGE_CURVE('',#2595,#2590,#267,.T.);
#3148=EDGE_CURVE('',#2591,#2594,#268,.T.);
#3149=EDGE_CURVE('',#2596,#2597,#2276,.T.);
#3150=EDGE_CURVE('',#2597,#2595,#2277,.T.);
#3151=EDGE_CURVE('',#2594,#2596,#2278,.T.);
#3152=EDGE_CURVE('',#2585,#2597,#269,.T.);
#3153=EDGE_CURVE('',#2596,#2584,#270,.T.);
#3154=EDGE_CURVE('',#2598,#2599,#2279,.F.);
#3155=EDGE_CURVE('',#2600,#2598,#2280,.F.);
#3156=EDGE_CURVE('',#2599,#2600,#2281,.F.);
#3157=EDGE_CURVE('',#2601,#2602,#2282,.T.);
#3158=EDGE_CURVE('',#2602,#2600,#271,.T.);
#3159=EDGE_CURVE('',#2598,#2601,#272,.T.);
#3160=EDGE_CURVE('',#2603,#2604,#2283,.F.);
#3161=EDGE_CURVE('',#2605,#2603,#2284,.F.);
#3162=EDGE_CURVE('',#2604,#2605,#2285,.F.);
#3163=EDGE_CURVE('',#2606,#2607,#1317,.T.);
#3164=EDGE_CURVE('',#2607,#2605,#1318,.T.);
#3165=EDGE_CURVE('',#2603,#2606,#1319,.T.);
#3166=EDGE_CURVE('',#2590,#2604,#1320,.T.);
#3167=EDGE_CURVE('',#2605,#2589,#1321,.T.);
#3168=EDGE_CURVE('',#2608,#2609,#2286,.T.);
#3169=EDGE_CURVE('',#2609,#2599,#273,.T.);
#3170=EDGE_CURVE('',#2600,#2608,#274,.T.);
#3171=EDGE_CURVE('',#2610,#2611,#1322,.T.);
#3172=EDGE_CURVE('',#2611,#2609,#1323,.T.);
#3173=EDGE_CURVE('',#2608,#2610,#1324,.T.);
#3174=EDGE_CURVE('',#2612,#2603,#275,.T.);
#3175=EDGE_CURVE('',#2604,#2613,#276,.T.);
#3176=EDGE_CURVE('',#2613,#2612,#1325,.T.);
#3177=EDGE_CURVE('',#2614,#2615,#2287,.F.);
#3178=EDGE_CURVE('',#2616,#2614,#2288,.F.);
#3179=EDGE_CURVE('',#2615,#2616,#2289,.F.);
#3180=EDGE_CURVE('',#2617,#2618,#2290,.T.);
#3181=EDGE_CURVE('',#2618,#2616,#277,.T.);
#3182=EDGE_CURVE('',#2614,#2617,#278,.T.);
#3183=EDGE_CURVE('',#2613,#2619,#2291,.T.);
#3184=EDGE_CURVE('',#2619,#2620,#1326,.T.);
#3185=EDGE_CURVE('',#2620,#2612,#2292,.T.);
#3186=EDGE_CURVE('',#2621,#2622,#2293,.F.);
#3187=EDGE_CURVE('',#2623,#2621,#2294,.F.);
#3188=EDGE_CURVE('',#2622,#2623,#2295,.F.);
#3189=EDGE_CURVE('',#2624,#2625,#1327,.T.);
#3190=EDGE_CURVE('',#2625,#2623,#1328,.T.);
#3191=EDGE_CURVE('',#2621,#2624,#1329,.T.);
#3192=EDGE_CURVE('',#2619,#2622,#279,.T.);
#3193=EDGE_CURVE('',#2623,#2620,#280,.T.);
#3194=EDGE_CURVE('',#2626,#2627,#2296,.F.);
#3195=EDGE_CURVE('',#2628,#2626,#2297,.F.);
#3196=EDGE_CURVE('',#2627,#2628,#2298,.F.);
#3197=EDGE_CURVE('',#2622,#2628,#1330,.T.);
#3198=EDGE_CURVE('',#2626,#2621,#1331,.T.);
#3199=EDGE_CURVE('',#2629,#2630,#2299,.T.);
#3200=EDGE_CURVE('',#2630,#2631,#2300,.T.);
#3201=EDGE_CURVE('',#2631,#2632,#2301,.T.);
#3202=EDGE_CURVE('',#2632,#2629,#1332,.T.);
#3203=EDGE_CURVE('',#2628,#2631,#281,.T.);
#3204=EDGE_CURVE('',#2630,#2627,#282,.T.);
#3205=EDGE_CURVE('',#2633,#2634,#1333,.T.);
#3206=EDGE_CURVE('',#2634,#2626,#1334,.T.);
#3207=EDGE_CURVE('',#2627,#2633,#1335,.T.);
#3208=EDGE_CURVE('',#2632,#2615,#283,.T.);
#3209=EDGE_CURVE('',#2616,#2629,#284,.T.);
#3210=EDGE_CURVE('',#2610,#2635,#1336,.T.);
#3211=EDGE_CURVE('',#2635,#2636,#2302,.T.);
#3212=EDGE_CURVE('',#2636,#2611,#1337,.T.);
#3213=EDGE_CURVE('',#2615,#2636,#285,.T.);
#3214=EDGE_CURVE('',#2635,#2614,#286,.T.);
#3215=EDGE_CURVE('',#2637,#2598,#287,.T.);
#3216=EDGE_CURVE('',#2599,#2638,#288,.T.);
#3217=EDGE_CURVE('',#2638,#2637,#1338,.T.);
#3218=EDGE_CURVE('',#2639,#2640,#2303,.T.);
#3219=EDGE_CURVE('',#2640,#2583,#289,.T.);
#3220=EDGE_CURVE('',#2581,#2639,#290,.T.);
#3221=EDGE_CURVE('',#2638,#2640,#2304,.T.);
#3222=EDGE_CURVE('',#2639,#2637,#2305,.T.);
#3223=EDGE_CURVE('',#2583,#2572,#1339,.T.);
#3224=EDGE_CURVE('',#2573,#2582,#1340,.T.);
#3225=EDGE_CURVE('',#2641,#2642,#1341,.T.);
#3226=EDGE_CURVE('',#2642,#2581,#1342,.T.);
#3227=EDGE_CURVE('',#2582,#2641,#1343,.T.);
#3228=EDGE_CURVE('',#2643,#2571,#291,.T.);
#3229=EDGE_CURVE('',#2572,#2644,#292,.T.);
#3230=EDGE_CURVE('',#2644,#2643,#1344,.T.);
#3231=EDGE_CURVE('',#2645,#2643,#2306,.T.);
#3232=EDGE_CURVE('',#2644,#2646,#2307,.T.);
#3233=EDGE_CURVE('',#2646,#2645,#1345,.T.);
#3234=EDGE_CURVE('',#2646,#2558,#293,.T.);
#3235=EDGE_CURVE('',#2559,#2645,#294,.T.);
#3236=EDGE_CURVE('',#2558,#2548,#1346,.T.);
#3237=EDGE_CURVE('',#2549,#2557,#1347,.T.);
#3238=EDGE_CURVE('',#2647,#2648,#1348,.T.);
#3239=EDGE_CURVE('',#2648,#2552,#1349,.T.);
#3240=EDGE_CURVE('',#2553,#2647,#1350,.T.);
#3241=EDGE_CURVE('',#2649,#2650,#2308,.T.);
#3242=EDGE_CURVE('',#2650,#2541,#295,.T.);
#3243=EDGE_CURVE('',#2542,#2649,#296,.T.);
#3244=EDGE_CURVE('',#2651,#2652,#2309,.T.);
#3245=EDGE_CURVE('',#2652,#2650,#2310,.T.);
#3246=EDGE_CURVE('',#2649,#2651,#2311,.T.);
#3247=EDGE_CURVE('',#2548,#2652,#297,.T.);
#3248=EDGE_CURVE('',#2651,#2547,#298,.T.);
#3249=EDGE_CURVE('',#2541,#2527,#1351,.T.);
#3250=EDGE_CURVE('',#2528,#2540,#1352,.T.);
#3251=EDGE_CURVE('',#2653,#2526,#299,.T.);
#3252=EDGE_CURVE('',#2527,#2654,#300,.T.);
#3253=EDGE_CURVE('',#2654,#2653,#1353,.T.);
#3254=EDGE_CURVE('',#2538,#2655,#1354,.T.);
#3255=EDGE_CURVE('',#2655,#2656,#2312,.T.);
#3256=EDGE_CURVE('',#2656,#2539,#1355,.T.);
#3257=EDGE_CURVE('',#2522,#2656,#301,.T.);
#3258=EDGE_CURVE('',#2655,#2521,#302,.T.);
#3259=EDGE_CURVE('',#2657,#2653,#2313,.T.);
#3260=EDGE_CURVE('',#2654,#2658,#2314,.T.);
#3261=EDGE_CURVE('',#2658,#2657,#1356,.T.);
#3262=EDGE_CURVE('',#2658,#2513,#303,.T.);
#3263=EDGE_CURVE('',#2514,#2657,#304,.T.);
#3264=EDGE_CURVE('',#2511,#2519,#305,.T.);
#3265=EDGE_CURVE('',#2518,#2510,#306,.T.);
#3266=EDGE_CURVE('',#2513,#2511,#1357,.T.);
#3267=EDGE_CURVE('',#2509,#2512,#1358,.T.);
#3268=EDGE_CURVE('',#2659,#2660,#1359,.T.);
#3269=EDGE_CURVE('',#2660,#2509,#1360,.T.);
#3270=EDGE_CURVE('',#2510,#2659,#1361,.T.);
#3271=EDGE_CURVE('',#2661,#2648,#307,.T.);
#3272=EDGE_CURVE('',#2555,#2661,#308,.T.);
#3273=EDGE_CURVE('',#2566,#2647,#1362,.F.);
#3274=EDGE_CURVE('',#2662,#2567,#309,.T.);
#3275=EDGE_CURVE('',#2662,#2565,#310,.T.);
#3276=EDGE_CURVE('',#2663,#2570,#311,.T.);
#3277=EDGE_CURVE('',#2663,#2662,#2315,.T.);
#3278=EDGE_CURVE('',#2580,#2663,#312,.T.);
#3279=EDGE_CURVE('',#2588,#2579,#1363,.F.);
#3280=EDGE_CURVE('',#2664,#2596,#313,.T.);
#3281=EDGE_CURVE('',#2664,#2587,#314,.T.);
#3282=EDGE_CURVE('',#2665,#2594,#315,.T.);
#3283=EDGE_CURVE('',#2665,#2664,#2316,.T.);
#3284=EDGE_CURVE('',#2593,#2665,#316,.T.);
#3285=EDGE_CURVE('',#2607,#2592,#1364,.F.);
#3286=EDGE_CURVE('',#2666,#2612,#317,.T.);
#3287=EDGE_CURVE('',#2666,#2606,#318,.T.);
#3288=EDGE_CURVE('',#2667,#2620,#319,.T.);
#3289=EDGE_CURVE('',#2667,#2666,#2317,.T.);
#3290=EDGE_CURVE('',#2625,#2667,#320,.T.);
#3291=EDGE_CURVE('',#2634,#2624,#1365,.F.);
#3292=EDGE_CURVE('',#2630,#2668,#321,.T.);
#3293=EDGE_CURVE('',#2633,#2668,#322,.T.);
#3294=EDGE_CURVE('',#2669,#2629,#323,.T.);
#3295=EDGE_CURVE('',#2668,#2669,#2318,.T.);
#3296=EDGE_CURVE('',#2618,#2669,#324,.T.);
#3297=EDGE_CURVE('',#2670,#2635,#325,.T.);
#3298=EDGE_CURVE('',#2670,#2617,#326,.T.);
#3299=EDGE_CURVE('',#2671,#2610,#327,.T.);
#3300=EDGE_CURVE('',#2671,#2670,#102,.T.);
#3301=EDGE_CURVE('',#2672,#2608,#328,.T.);
#3302=EDGE_CURVE('',#2672,#2671,#103,.T.);
#3303=EDGE_CURVE('',#2602,#2672,#329,.T.);
#3304=EDGE_CURVE('',#2673,#2637,#330,.T.);
#3305=EDGE_CURVE('',#2673,#2601,#331,.T.);
#3306=EDGE_CURVE('',#2674,#2675,#2319,.T.);
#3307=EDGE_CURVE('',#2674,#2676,#332,.T.);
#3308=EDGE_CURVE('',#2677,#2676,#2320,.T.);
#3309=EDGE_CURVE('',#2678,#2677,#333,.T.);
#3310=EDGE_CURVE('',#2679,#2678,#2321,.T.);
#3311=EDGE_CURVE('',#2680,#2679,#334,.T.);
#3312=EDGE_CURVE('',#2681,#2680,#2322,.T.);
#3313=EDGE_CURVE('',#2675,#2681,#335,.T.);
#3314=EDGE_CURVE('',#2682,#2682,#2323,.T.);
#3315=EDGE_CURVE('',#2683,#2683,#2324,.T.);
#3316=EDGE_CURVE('',#2684,#2684,#2325,.T.);
#3317=EDGE_CURVE('',#2685,#2685,#2326,.T.);
#3318=EDGE_CURVE('',#2686,#2686,#2327,.T.);
#3319=EDGE_CURVE('',#2687,#2687,#2328,.T.);
#3320=EDGE_CURVE('',#2688,#2688,#2329,.T.);
#3321=EDGE_CURVE('',#2689,#2689,#2330,.T.);
#3322=EDGE_CURVE('',#2690,#2691,#2331,.T.);
#3323=EDGE_CURVE('',#2692,#2690,#336,.T.);
#3324=EDGE_CURVE('',#2693,#2692,#337,.T.);
#3325=EDGE_CURVE('',#2694,#2693,#338,.T.);
#3326=EDGE_CURVE('',#2695,#2694,#2332,.T.);
#3327=EDGE_CURVE('',#2696,#2695,#2333,.T.);
#3328=EDGE_CURVE('',#2697,#2696,#2334,.T.);
#3329=EDGE_CURVE('',#2698,#2697,#339,.T.);
#3330=EDGE_CURVE('',#2699,#2698,#340,.T.);
#3331=EDGE_CURVE('',#2700,#2699,#341,.T.);
#3332=EDGE_CURVE('',#2701,#2700,#2335,.T.);
#3333=EDGE_CURVE('',#2702,#2701,#2336,.T.);
#3334=EDGE_CURVE('',#2703,#2702,#2337,.T.);
#3335=EDGE_CURVE('',#2704,#2703,#342,.T.);
#3336=EDGE_CURVE('',#2705,#2704,#343,.T.);
#3337=EDGE_CURVE('',#2706,#2705,#344,.T.);
#3338=EDGE_CURVE('',#2707,#2706,#2338,.T.);
#3339=EDGE_CURVE('',#2708,#2707,#2339,.T.);
#3340=EDGE_CURVE('',#2709,#2708,#2340,.T.);
#3341=EDGE_CURVE('',#2710,#2709,#345,.T.);
#3342=EDGE_CURVE('',#2711,#2710,#346,.T.);
#3343=EDGE_CURVE('',#2712,#2711,#347,.T.);
#3344=EDGE_CURVE('',#2713,#2712,#2341,.T.);
#3345=EDGE_CURVE('',#2691,#2713,#2342,.T.);
#3346=EDGE_CURVE('',#2673,#2714,#2343,.T.);
#3347=EDGE_CURVE('',#2714,#2642,#348,.T.);
#3348=EDGE_CURVE('',#2575,#2641,#1366,.F.);
#3349=EDGE_CURVE('',#2715,#2574,#349,.T.);
#3350=EDGE_CURVE('',#2716,#2715,#2344,.T.);
#3351=EDGE_CURVE('',#2561,#2716,#350,.T.);
#3352=EDGE_CURVE('',#2551,#2560,#1367,.F.);
#3353=EDGE_CURVE('',#2717,#2550,#351,.T.);
#3354=EDGE_CURVE('',#2718,#2717,#2345,.T.);
#3355=EDGE_CURVE('',#2544,#2718,#352,.T.);
#3356=EDGE_CURVE('',#2530,#2543,#1368,.F.);
#3357=EDGE_CURVE('',#2719,#2529,#353,.T.);
#3358=EDGE_CURVE('',#2720,#2719,#2346,.T.);
#3359=EDGE_CURVE('',#2516,#2720,#354,.T.);
#3360=EDGE_CURVE('',#2660,#2515,#1369,.F.);
#3361=EDGE_CURVE('',#2659,#2721,#355,.T.);
#3362=EDGE_CURVE('',#2721,#2722,#2347,.T.);
#3363=EDGE_CURVE('',#2525,#2722,#356,.T.);
#3364=EDGE_CURVE('',#2723,#2524,#357,.T.);
#3365=EDGE_CURVE('',#2724,#2723,#104,.T.);
#3366=EDGE_CURVE('',#2725,#2724,#105,.T.);
#3367=EDGE_CURVE('',#2535,#2725,#358,.T.);
#3368=EDGE_CURVE('',#2726,#2534,#359,.T.);
#3369=EDGE_CURVE('',#2726,#2661,#2348,.T.);
#3370=EDGE_CURVE('',#2639,#2714,#360,.T.);
#3371=EDGE_CURVE('',#2727,#2728,#1370,.T.);
#3372=EDGE_CURVE('',#2728,#2729,#1371,.T.);
#3373=EDGE_CURVE('',#2729,#2730,#361,.T.);
#3374=EDGE_CURVE('',#2730,#2731,#362,.T.);
#3375=EDGE_CURVE('',#2731,#2732,#1372,.T.);
#3376=EDGE_CURVE('',#2732,#2733,#363,.T.);
#3377=EDGE_CURVE('',#2733,#2734,#1373,.T.);
#3378=EDGE_CURVE('',#2734,#2735,#364,.T.);
#3379=EDGE_CURVE('',#2735,#2736,#365,.T.);
#3380=EDGE_CURVE('',#2736,#2737,#1374,.T.);
#3381=EDGE_CURVE('',#2737,#2738,#1375,.T.);
#3382=EDGE_CURVE('',#2738,#2739,#1376,.T.);
#3383=EDGE_CURVE('',#2739,#2740,#2349,.T.);
#3384=EDGE_CURVE('',#2740,#2727,#1377,.T.);
#3385=EDGE_CURVE('',#2741,#2742,#366,.T.);
#3386=EDGE_CURVE('',#2743,#2741,#2350,.T.);
#3387=EDGE_CURVE('',#2744,#2743,#367,.T.);
#3388=EDGE_CURVE('',#2745,#2744,#368,.T.);
#3389=EDGE_CURVE('',#2746,#2745,#369,.T.);
#3390=EDGE_CURVE('',#2747,#2746,#2351,.T.);
#3391=EDGE_CURVE('',#2748,#2747,#370,.T.);
#3392=EDGE_CURVE('',#2749,#2748,#371,.T.);
#3393=EDGE_CURVE('',#2750,#2749,#372,.T.);
#3394=EDGE_CURVE('',#2751,#2750,#2352,.T.);
#3395=EDGE_CURVE('',#2752,#2751,#373,.T.);
#3396=EDGE_CURVE('',#2753,#2752,#374,.T.);
#3397=EDGE_CURVE('',#2754,#2753,#375,.T.);
#3398=EDGE_CURVE('',#2755,#2754,#2353,.T.);
#3399=EDGE_CURVE('',#2756,#2755,#376,.T.);
#3400=EDGE_CURVE('',#2742,#2756,#377,.T.);
#3401=EDGE_CURVE('',#2726,#2545,#378,.T.);
#3402=EDGE_CURVE('',#2518,#2721,#379,.T.);
#3403=EDGE_CURVE('',#2722,#2517,#380,.T.);
#3404=EDGE_CURVE('',#2757,#2741,#2354,.F.);
#3405=EDGE_CURVE('',#2758,#2757,#2355,.F.);
#3406=EDGE_CURVE('',#2741,#2758,#2356,.F.);
#3407=EDGE_CURVE('',#2691,#2758,#381,.T.);
#3408=EDGE_CURVE('',#2757,#2690,#382,.T.);
#3409=EDGE_CURVE('',#2759,#2743,#2357,.F.);
#3410=EDGE_CURVE('',#2760,#2759,#2358,.F.);
#3411=EDGE_CURVE('',#2743,#2760,#2359,.F.);
#3412=EDGE_CURVE('',#2712,#2760,#383,.T.);
#3413=EDGE_CURVE('',#2759,#2713,#384,.T.);
#3414=EDGE_CURVE('',#2761,#2757,#385,.T.);
#3415=EDGE_CURVE('',#2742,#2761,#45,.T.);
#3416=EDGE_CURVE('',#2756,#2762,#46,.T.);
#3417=EDGE_CURVE('',#2762,#2761,#386,.T.);
#3418=EDGE_CURVE('',#2763,#2755,#2360,.F.);
#3419=EDGE_CURVE('',#2764,#2763,#2361,.F.);
#3420=EDGE_CURVE('',#2755,#2764,#2362,.F.);
#3421=EDGE_CURVE('',#2694,#2764,#387,.T.);
#3422=EDGE_CURVE('',#2763,#2695,#388,.T.);
#3423=EDGE_CURVE('',#2764,#2762,#389,.T.);
#3424=EDGE_CURVE('',#2765,#2746,#2363,.F.);
#3425=EDGE_CURVE('',#2766,#2765,#2364,.F.);
#3426=EDGE_CURVE('',#2746,#2766,#2365,.F.);
#3427=EDGE_CURVE('',#2708,#2766,#390,.T.);
#3428=EDGE_CURVE('',#2765,#2709,#391,.T.);
#3429=EDGE_CURVE('',#2767,#2754,#2366,.F.);
#3430=EDGE_CURVE('',#2768,#2767,#2367,.F.);
#3431=EDGE_CURVE('',#2754,#2768,#2368,.F.);
#3432=EDGE_CURVE('',#2696,#2768,#392,.T.);
#3433=EDGE_CURVE('',#2767,#2697,#393,.T.);
#3434=EDGE_CURVE('',#2768,#2763,#2369,.T.);
#3435=EDGE_CURVE('',#2769,#2747,#2370,.F.);
#3436=EDGE_CURVE('',#2770,#2769,#2371,.F.);
#3437=EDGE_CURVE('',#2747,#2770,#2372,.F.);
#3438=EDGE_CURVE('',#2706,#2770,#394,.T.);
#3439=EDGE_CURVE('',#2769,#2707,#395,.T.);
#3440=EDGE_CURVE('',#2771,#2767,#396,.T.);
#3441=EDGE_CURVE('',#2753,#2771,#47,.T.);
#3442=EDGE_CURVE('',#2752,#2772,#48,.T.);
#3443=EDGE_CURVE('',#2772,#2771,#397,.T.);
#3444=EDGE_CURVE('',#2773,#2751,#2373,.F.);
#3445=EDGE_CURVE('',#2774,#2773,#2374,.F.);
#3446=EDGE_CURVE('',#2751,#2774,#2375,.F.);
#3447=EDGE_CURVE('',#2700,#2774,#398,.T.);
#3448=EDGE_CURVE('',#2773,#2701,#399,.T.);
#3449=EDGE_CURVE('',#2774,#2772,#400,.T.);
#3450=EDGE_CURVE('',#2775,#2750,#2376,.F.);
#3451=EDGE_CURVE('',#2776,#2775,#2377,.F.);
#3452=EDGE_CURVE('',#2750,#2776,#2378,.F.);
#3453=EDGE_CURVE('',#2702,#2776,#401,.T.);
#3454=EDGE_CURVE('',#2775,#2703,#402,.T.);
#3455=EDGE_CURVE('',#2776,#2773,#2379,.T.);
#3456=EDGE_CURVE('',#2777,#2775,#403,.T.);
#3457=EDGE_CURVE('',#2749,#2777,#49,.T.);
#3458=EDGE_CURVE('',#2778,#2777,#404,.T.);
#3459=EDGE_CURVE('',#2748,#2778,#50,.T.);
#3460=EDGE_CURVE('',#2770,#2778,#405,.T.);
#3461=EDGE_CURVE('',#2766,#2769,#2380,.T.);
#3462=EDGE_CURVE('',#2779,#2765,#406,.T.);
#3463=EDGE_CURVE('',#2745,#2779,#51,.T.);
#3464=EDGE_CURVE('',#2780,#2779,#407,.T.);
#3465=EDGE_CURVE('',#2744,#2780,#52,.T.);
#3466=EDGE_CURVE('',#2760,#2780,#408,.T.);
#3467=EDGE_CURVE('',#2758,#2759,#2381,.T.);
#3468=EDGE_CURVE('',#2692,#2761,#409,.T.);
#3469=EDGE_CURVE('',#2693,#2762,#410,.T.);
#3470=EDGE_CURVE('',#2698,#2771,#411,.T.);
#3471=EDGE_CURVE('',#2699,#2772,#412,.T.);
#3472=EDGE_CURVE('',#2781,#2781,#2382,.T.);
#3473=EDGE_CURVE('',#2781,#2782,#413,.T.);
#3474=EDGE_CURVE('',#2782,#2782,#2383,.T.);
#3475=EDGE_CURVE('',#2782,#2783,#414,.T.);
#3476=EDGE_CURVE('',#2783,#2783,#2384,.T.);
#3477=EDGE_CURVE('',#2784,#2785,#415,.T.);
#3478=EDGE_CURVE('',#2786,#2784,#416,.T.);
#3479=EDGE_CURVE('',#2787,#2786,#417,.T.);
#3480=EDGE_CURVE('',#2785,#2787,#2385,.T.);
#3481=EDGE_CURVE('',#2786,#2788,#418,.F.);
#3482=EDGE_CURVE('',#2788,#2789,#419,.T.);
#3483=EDGE_CURVE('',#2789,#2787,#420,.T.);
#3484=EDGE_CURVE('',#2790,#2785,#421,.T.);
#3485=EDGE_CURVE('',#2789,#2790,#2386,.T.);
#3486=EDGE_CURVE('',#2791,#2784,#422,.F.);
#3487=EDGE_CURVE('',#2790,#2792,#423,.T.);
#3488=EDGE_CURVE('',#2792,#2791,#53,.F.);
#3489=EDGE_CURVE('',#2793,#2790,#424,.T.);
#3490=EDGE_CURVE('',#2794,#2793,#425,.T.);
#3491=EDGE_CURVE('',#2794,#2792,#426,.T.);
#3492=EDGE_CURVE('',#2795,#2789,#427,.T.);
#3493=EDGE_CURVE('',#2796,#2795,#2387,.T.);
#3494=EDGE_CURVE('',#2793,#2796,#2388,.T.);
#3495=EDGE_CURVE('',#2797,#2788,#428,.T.);
#3496=EDGE_CURVE('',#2795,#2797,#429,.T.);
#3497=EDGE_CURVE('',#2798,#2798,#2389,.T.);
#3498=EDGE_CURVE('',#2798,#2799,#430,.T.);
#3499=EDGE_CURVE('',#2799,#2799,#2390,.T.);
#3500=EDGE_CURVE('',#2800,#2801,#431,.T.);
#3501=EDGE_CURVE('',#2802,#2800,#432,.T.);
#3502=EDGE_CURVE('',#2803,#2802,#433,.T.);
#3503=EDGE_CURVE('',#2804,#2803,#2391,.T.);
#3504=EDGE_CURVE('',#2805,#2804,#434,.T.);
#3505=EDGE_CURVE('',#2806,#2805,#2392,.T.);
#3506=EDGE_CURVE('',#2807,#2806,#435,.T.);
#3507=EDGE_CURVE('',#2801,#2807,#2393,.T.);
#3508=EDGE_CURVE('',#2808,#2808,#2394,.T.);
#3509=EDGE_CURVE('',#2799,#2809,#436,.T.);
#3510=EDGE_CURVE('',#2809,#2809,#2395,.T.);
#3511=EDGE_CURVE('',#2802,#2810,#437,.F.);
#3512=EDGE_CURVE('',#2810,#2811,#438,.T.);
#3513=EDGE_CURVE('',#2811,#2803,#439,.T.);
#3514=EDGE_CURVE('',#2812,#2804,#440,.T.);
#3515=EDGE_CURVE('',#2811,#2812,#2396,.T.);
#3516=EDGE_CURVE('',#2813,#2805,#441,.T.);
#3517=EDGE_CURVE('',#2812,#2813,#442,.T.);
#3518=EDGE_CURVE('',#2813,#2814,#2397,.T.);
#3519=EDGE_CURVE('',#2814,#2806,#443,.T.);
#3520=EDGE_CURVE('',#2815,#2807,#444,.T.);
#3521=EDGE_CURVE('',#2814,#2815,#445,.T.);
#3522=EDGE_CURVE('',#2816,#2801,#446,.T.);
#3523=EDGE_CURVE('',#2815,#2816,#2398,.T.);
#3524=EDGE_CURVE('',#2817,#2800,#447,.F.);
#3525=EDGE_CURVE('',#2816,#2817,#448,.T.);
#3526=EDGE_CURVE('',#2818,#2816,#449,.T.);
#3527=EDGE_CURVE('',#2819,#2818,#450,.T.);
#3528=EDGE_CURVE('',#2817,#2819,#451,.T.);
#3529=EDGE_CURVE('',#2820,#2815,#452,.T.);
#3530=EDGE_CURVE('',#2821,#2820,#2399,.T.);
#3531=EDGE_CURVE('',#2818,#2821,#2400,.T.);
#3532=EDGE_CURVE('',#2822,#2814,#453,.T.);
#3533=EDGE_CURVE('',#2820,#2822,#454,.T.);
#3534=EDGE_CURVE('',#2813,#2823,#455,.T.);
#3535=EDGE_CURVE('',#2822,#2823,#2401,.T.);
#3536=EDGE_CURVE('',#2824,#2812,#456,.T.);
#3537=EDGE_CURVE('',#2823,#2824,#457,.T.);
#3538=EDGE_CURVE('',#2825,#2811,#458,.T.);
#3539=EDGE_CURVE('',#2826,#2825,#2402,.T.);
#3540=EDGE_CURVE('',#2824,#2826,#2403,.T.);
#3541=EDGE_CURVE('',#2827,#2810,#459,.T.);
#3542=EDGE_CURVE('',#2825,#2827,#460,.T.);
#3543=EDGE_CURVE('',#2808,#2828,#461,.T.);
#3544=EDGE_CURVE('',#2828,#2828,#2404,.T.);
#3545=EDGE_CURVE('',#2828,#2829,#462,.T.);
#3546=EDGE_CURVE('',#2829,#2829,#2405,.T.);
#3547=EDGE_CURVE('',#2830,#2831,#463,.F.);
#3548=EDGE_CURVE('',#2831,#2832,#464,.T.);
#3549=EDGE_CURVE('',#2832,#2833,#465,.T.);
#3550=EDGE_CURVE('',#2833,#2830,#466,.T.);
#3551=EDGE_CURVE('',#2834,#2835,#467,.T.);
#3552=EDGE_CURVE('',#2835,#2833,#2406,.T.);
#3553=EDGE_CURVE('',#2832,#2834,#2407,.T.);
#3554=EDGE_CURVE('',#2836,#2837,#468,.F.);
#3555=EDGE_CURVE('',#2837,#2835,#469,.T.);
#3556=EDGE_CURVE('',#2834,#2836,#470,.T.);
#3557=EDGE_CURVE('',#2838,#2834,#471,.T.);
#3558=EDGE_CURVE('',#2839,#2838,#472,.T.);
#3559=EDGE_CURVE('',#2836,#2839,#473,.T.);
#3560=EDGE_CURVE('',#2840,#2832,#474,.T.);
#3561=EDGE_CURVE('',#2838,#2840,#2408,.T.);
#3562=EDGE_CURVE('',#2841,#2831,#475,.T.);
#3563=EDGE_CURVE('',#2840,#2841,#476,.T.);
#3564=EDGE_CURVE('',#2842,#2842,#2409,.T.);
#3565=EDGE_CURVE('',#2842,#2843,#477,.T.);
#3566=EDGE_CURVE('',#2843,#2843,#2410,.T.);
#3567=EDGE_CURVE('',#2843,#2844,#478,.T.);
#3568=EDGE_CURVE('',#2844,#2844,#2411,.T.);
#3569=EDGE_CURVE('',#2845,#2846,#479,.T.);
#3570=EDGE_CURVE('',#2847,#2845,#480,.T.);
#3571=EDGE_CURVE('',#2848,#2847,#481,.T.);
#3572=EDGE_CURVE('',#2846,#2848,#2412,.T.);
#3573=EDGE_CURVE('',#2849,#2850,#54,.T.);
#3574=EDGE_CURVE('',#2849,#2851,#482,.T.);
#3575=EDGE_CURVE('',#2851,#2848,#483,.T.);
#3576=EDGE_CURVE('',#2850,#2847,#484,.T.);
#3577=EDGE_CURVE('',#2852,#2846,#485,.T.);
#3578=EDGE_CURVE('',#2851,#2852,#2413,.T.);
#3579=EDGE_CURVE('',#2853,#2845,#486,.F.);
#3580=EDGE_CURVE('',#2852,#2853,#487,.T.);
#3581=EDGE_CURVE('',#2854,#2852,#488,.T.);
#3582=EDGE_CURVE('',#2855,#2854,#489,.T.);
#3583=EDGE_CURVE('',#2853,#2855,#490,.T.);
#3584=EDGE_CURVE('',#2856,#2851,#491,.T.);
#3585=EDGE_CURVE('',#2857,#2856,#2414,.T.);
#3586=EDGE_CURVE('',#2854,#2857,#2415,.T.);
#3587=EDGE_CURVE('',#2858,#2849,#492,.T.);
#3588=EDGE_CURVE('',#2856,#2858,#493,.T.);
#3589=EDGE_CURVE('',#2859,#2859,#2416,.T.);
#3590=EDGE_CURVE('',#2859,#2860,#494,.T.);
#3591=EDGE_CURVE('',#2860,#2860,#2417,.T.);
#3592=EDGE_CURVE('',#2860,#2861,#495,.T.);
#3593=EDGE_CURVE('',#2861,#2861,#2418,.T.);
#3594=EDGE_CURVE('',#2862,#2863,#496,.T.);
#3595=EDGE_CURVE('',#2864,#2862,#497,.T.);
#3596=EDGE_CURVE('',#2865,#2864,#498,.T.);
#3597=EDGE_CURVE('',#2863,#2865,#2419,.T.);
#3598=EDGE_CURVE('',#2864,#2866,#499,.F.);
#3599=EDGE_CURVE('',#2866,#2867,#500,.T.);
#3600=EDGE_CURVE('',#2867,#2865,#501,.T.);
#3601=EDGE_CURVE('',#2868,#2863,#502,.T.);
#3602=EDGE_CURVE('',#2867,#2868,#2420,.T.);
#3603=EDGE_CURVE('',#2869,#2862,#503,.F.);
#3604=EDGE_CURVE('',#2868,#2870,#504,.T.);
#3605=EDGE_CURVE('',#2870,#2869,#55,.F.);
#3606=EDGE_CURVE('',#2871,#2868,#505,.T.);
#3607=EDGE_CURVE('',#2872,#2871,#506,.T.);
#3608=EDGE_CURVE('',#2872,#2870,#507,.T.);
#3609=EDGE_CURVE('',#2873,#2867,#508,.T.);
#3610=EDGE_CURVE('',#2874,#2873,#2421,.T.);
#3611=EDGE_CURVE('',#2871,#2874,#2422,.T.);
#3612=EDGE_CURVE('',#2875,#2866,#509,.T.);
#3613=EDGE_CURVE('',#2873,#2875,#510,.T.);
#3614=EDGE_CURVE('',#2876,#2877,#511,.F.);
#3615=EDGE_CURVE('',#2877,#2878,#512,.T.);
#3616=EDGE_CURVE('',#2878,#2879,#513,.T.);
#3617=EDGE_CURVE('',#2879,#2876,#514,.T.);
#3618=EDGE_CURVE('',#2880,#2881,#515,.T.);
#3619=EDGE_CURVE('',#2881,#2879,#2423,.T.);
#3620=EDGE_CURVE('',#2878,#2880,#2424,.T.);
#3621=EDGE_CURVE('',#2882,#2883,#516,.F.);
#3622=EDGE_CURVE('',#2883,#2881,#517,.T.);
#3623=EDGE_CURVE('',#2880,#2882,#518,.T.);
#3624=EDGE_CURVE('',#2884,#2880,#519,.T.);
#3625=EDGE_CURVE('',#2885,#2884,#520,.T.);
#3626=EDGE_CURVE('',#2882,#2885,#521,.T.);
#3627=EDGE_CURVE('',#2886,#2878,#522,.T.);
#3628=EDGE_CURVE('',#2884,#2886,#2425,.T.);
#3629=EDGE_CURVE('',#2887,#2877,#523,.T.);
#3630=EDGE_CURVE('',#2886,#2887,#524,.T.);
#3631=EDGE_CURVE('',#2888,#2888,#2426,.T.);
#3632=EDGE_CURVE('',#2888,#2889,#525,.T.);
#3633=EDGE_CURVE('',#2889,#2889,#2427,.T.);
#3634=EDGE_CURVE('',#2889,#2890,#526,.T.);
#3635=EDGE_CURVE('',#2890,#2890,#2428,.T.);
#3636=EDGE_CURVE('',#2891,#2892,#527,.T.);
#3637=EDGE_CURVE('',#2893,#2891,#528,.T.);
#3638=EDGE_CURVE('',#2894,#2893,#529,.T.);
#3639=EDGE_CURVE('',#2892,#2894,#2429,.T.);
#3640=EDGE_CURVE('',#2895,#2896,#56,.T.);
#3641=EDGE_CURVE('',#2895,#2897,#530,.T.);
#3642=EDGE_CURVE('',#2897,#2894,#531,.T.);
#3643=EDGE_CURVE('',#2896,#2893,#532,.T.);
#3644=EDGE_CURVE('',#2898,#2892,#533,.T.);
#3645=EDGE_CURVE('',#2897,#2898,#2430,.T.);
#3646=EDGE_CURVE('',#2899,#2891,#534,.F.);
#3647=EDGE_CURVE('',#2898,#2899,#535,.T.);
#3648=EDGE_CURVE('',#2900,#2898,#536,.T.);
#3649=EDGE_CURVE('',#2901,#2900,#537,.T.);
#3650=EDGE_CURVE('',#2899,#2901,#538,.T.);
#3651=EDGE_CURVE('',#2902,#2897,#539,.T.);
#3652=EDGE_CURVE('',#2903,#2902,#2431,.T.);
#3653=EDGE_CURVE('',#2900,#2903,#2432,.T.);
#3654=EDGE_CURVE('',#2904,#2895,#540,.T.);
#3655=EDGE_CURVE('',#2902,#2904,#541,.T.);
#3656=EDGE_CURVE('',#2905,#2906,#542,.F.);
#3657=EDGE_CURVE('',#2906,#2907,#543,.T.);
#3658=EDGE_CURVE('',#2907,#2908,#544,.T.);
#3659=EDGE_CURVE('',#2908,#2905,#545,.T.);
#3660=EDGE_CURVE('',#2909,#2910,#546,.T.);
#3661=EDGE_CURVE('',#2910,#2908,#2433,.T.);
#3662=EDGE_CURVE('',#2907,#2909,#2434,.T.);
#3663=EDGE_CURVE('',#2911,#2912,#547,.T.);
#3664=EDGE_CURVE('',#2912,#2910,#548,.T.);
#3665=EDGE_CURVE('',#2909,#2911,#549,.T.);
#3666=EDGE_CURVE('',#2911,#2913,#2435,.T.);
#3667=EDGE_CURVE('',#2913,#2914,#550,.T.);
#3668=EDGE_CURVE('',#2914,#2912,#2436,.T.);
#3669=EDGE_CURVE('',#2915,#2916,#551,.T.);
#3670=EDGE_CURVE('',#2916,#2914,#552,.T.);
#3671=EDGE_CURVE('',#2913,#2915,#553,.T.);
#3672=EDGE_CURVE('',#2917,#2918,#554,.T.);
#3673=EDGE_CURVE('',#2918,#2916,#2437,.T.);
#3674=EDGE_CURVE('',#2915,#2917,#2438,.T.);
#3675=EDGE_CURVE('',#2919,#2920,#555,.F.);
#3676=EDGE_CURVE('',#2920,#2918,#556,.T.);
#3677=EDGE_CURVE('',#2917,#2919,#557,.T.);
#3678=EDGE_CURVE('',#2921,#2917,#558,.T.);
#3679=EDGE_CURVE('',#2922,#2921,#559,.T.);
#3680=EDGE_CURVE('',#2919,#2922,#560,.T.);
#3681=EDGE_CURVE('',#2923,#2915,#561,.T.);
#3682=EDGE_CURVE('',#2924,#2923,#2439,.T.);
#3683=EDGE_CURVE('',#2921,#2924,#2440,.T.);
#3684=EDGE_CURVE('',#2925,#2913,#562,.T.);
#3685=EDGE_CURVE('',#2923,#2925,#563,.T.);
#3686=EDGE_CURVE('',#2911,#2926,#564,.T.);
#3687=EDGE_CURVE('',#2925,#2926,#2441,.T.);
#3688=EDGE_CURVE('',#2927,#2909,#565,.T.);
#3689=EDGE_CURVE('',#2926,#2927,#566,.T.);
#3690=EDGE_CURVE('',#2928,#2907,#567,.T.);
#3691=EDGE_CURVE('',#2929,#2928,#2442,.T.);
#3692=EDGE_CURVE('',#2927,#2929,#2443,.T.);
#3693=EDGE_CURVE('',#2930,#2906,#568,.T.);
#3694=EDGE_CURVE('',#2928,#2930,#569,.T.);
#3695=EDGE_CURVE('',#2931,#2931,#2444,.T.);
#3696=EDGE_CURVE('',#2931,#2932,#570,.T.);
#3697=EDGE_CURVE('',#2932,#2932,#2445,.T.);
#3698=EDGE_CURVE('',#2905,#2920,#571,.T.);
#3699=EDGE_CURVE('',#2933,#2933,#2446,.T.);
#3700=EDGE_CURVE('',#2932,#2934,#572,.T.);
#3701=EDGE_CURVE('',#2934,#2934,#2447,.T.);
#3702=EDGE_CURVE('',#2933,#2935,#573,.T.);
#3703=EDGE_CURVE('',#2935,#2935,#2448,.T.);
#3704=EDGE_CURVE('',#2935,#2936,#574,.T.);
#3705=EDGE_CURVE('',#2936,#2936,#2449,.T.);
#3706=EDGE_CURVE('',#2929,#2924,#575,.T.);
#3707=EDGE_CURVE('',#2937,#2938,#576,.F.);
#3708=EDGE_CURVE('',#2938,#2939,#577,.T.);
#3709=EDGE_CURVE('',#2939,#2940,#578,.T.);
#3710=EDGE_CURVE('',#2940,#2937,#579,.T.);
#3711=EDGE_CURVE('',#2941,#2942,#580,.T.);
#3712=EDGE_CURVE('',#2942,#2940,#2450,.T.);
#3713=EDGE_CURVE('',#2939,#2941,#2451,.T.);
#3714=EDGE_CURVE('',#2943,#2944,#581,.T.);
#3715=EDGE_CURVE('',#2944,#2942,#582,.T.);
#3716=EDGE_CURVE('',#2941,#2943,#583,.T.);
#3717=EDGE_CURVE('',#2945,#2946,#584,.T.);
#3718=EDGE_CURVE('',#2946,#2944,#2452,.T.);
#3719=EDGE_CURVE('',#2943,#2945,#2453,.T.);
#3720=EDGE_CURVE('',#2947,#2948,#585,.F.);
#3721=EDGE_CURVE('',#2948,#2946,#586,.T.);
#3722=EDGE_CURVE('',#2945,#2947,#587,.T.);
#3723=EDGE_CURVE('',#2896,#2945,#588,.T.);
#3724=EDGE_CURVE('',#2930,#2901,#589,.T.);
#3725=EDGE_CURVE('',#2887,#2922,#590,.T.);
#3726=EDGE_CURVE('',#2876,#2949,#591,.T.);
#3727=EDGE_CURVE('',#2949,#2947,#592,.T.);
#3728=EDGE_CURVE('',#2950,#2943,#593,.T.);
#3729=EDGE_CURVE('',#2904,#2950,#2454,.T.);
#3730=EDGE_CURVE('',#2951,#2941,#594,.T.);
#3731=EDGE_CURVE('',#2950,#2951,#595,.T.);
#3732=EDGE_CURVE('',#2791,#2939,#596,.T.);
#3733=EDGE_CURVE('',#2951,#2794,#2455,.T.);
#3734=EDGE_CURVE('',#2938,#2952,#597,.T.);
#3735=EDGE_CURVE('',#2952,#2837,#598,.T.);
#3736=EDGE_CURVE('',#2827,#2839,#599,.T.);
#3737=EDGE_CURVE('',#2797,#2819,#600,.T.);
#3738=EDGE_CURVE('',#2953,#2954,#1378,.T.);
#3739=EDGE_CURVE('',#2954,#2727,#1379,.T.);
#3740=EDGE_CURVE('',#2740,#2953,#1380,.T.);
#3741=EDGE_CURVE('',#2955,#2954,#1381,.T.);
#3742=EDGE_CURVE('',#2728,#2955,#601,.T.);
#3743=EDGE_CURVE('',#2956,#2948,#602,.T.);
#3744=EDGE_CURVE('',#2957,#2956,#2456,.T.);
#3745=EDGE_CURVE('',#2958,#2957,#603,.T.);
#3746=EDGE_CURVE('',#2958,#2959,#604,.T.);
#3747=EDGE_CURVE('',#2959,#2960,#2457,.T.);
#3748=EDGE_CURVE('',#2960,#2961,#605,.T.);
#3749=EDGE_CURVE('',#2961,#2962,#2458,.T.);
#3750=EDGE_CURVE('',#2962,#2963,#606,.T.);
#3751=EDGE_CURVE('',#2964,#2963,#607,.T.);
#3752=EDGE_CURVE('',#2965,#2964,#2459,.T.);
#3753=EDGE_CURVE('',#2937,#2965,#608,.T.);
#3754=EDGE_CURVE('',#2966,#2967,#609,.T.);
#3755=EDGE_CURVE('',#2967,#2955,#1382,.T.);
#3756=EDGE_CURVE('',#2953,#2968,#2460,.T.);
#3757=EDGE_CURVE('',#2969,#2968,#1383,.T.);
#3758=EDGE_CURVE('',#2969,#2970,#1384,.T.);
#3759=EDGE_CURVE('',#2970,#2971,#1385,.T.);
#3760=EDGE_CURVE('',#2971,#2972,#610,.T.);
#3761=EDGE_CURVE('',#2972,#2973,#611,.T.);
#3762=EDGE_CURVE('',#2973,#2974,#1386,.T.);
#3763=EDGE_CURVE('',#2974,#2975,#612,.T.);
#3764=EDGE_CURVE('',#2975,#2976,#1387,.T.);
#3765=EDGE_CURVE('',#2976,#2966,#613,.T.);
#3766=EDGE_CURVE('',#2977,#2977,#2461,.T.);
#3767=EDGE_CURVE('',#2978,#2978,#2462,.T.);
#3768=EDGE_CURVE('',#2979,#2979,#2463,.T.);
#3769=EDGE_CURVE('',#2980,#2980,#2464,.T.);
#3770=EDGE_CURVE('',#2981,#2981,#2465,.T.);
#3771=EDGE_CURVE('',#2982,#2982,#2466,.T.);
#3772=EDGE_CURVE('',#2983,#2983,#2467,.T.);
#3773=EDGE_CURVE('',#2984,#2984,#2468,.T.);
#3774=EDGE_CURVE('',#2985,#2985,#2469,.T.);
#3775=EDGE_CURVE('',#2986,#2986,#2470,.T.);
#3776=EDGE_CURVE('',#2987,#2987,#2471,.T.);
#3777=EDGE_CURVE('',#2988,#2988,#2472,.T.);
#3778=EDGE_CURVE('',#2989,#2989,#2473,.T.);
#3779=EDGE_CURVE('',#2990,#2990,#2474,.T.);
#3780=EDGE_CURVE('',#2991,#2991,#2475,.T.);
#3781=EDGE_CURVE('',#2992,#2992,#2476,.T.);
#3782=EDGE_CURVE('',#2968,#2739,#1388,.T.);
#3783=EDGE_CURVE('',#2738,#2969,#1389,.T.);
#3784=EDGE_CURVE('',#2958,#2993,#614,.T.);
#3785=EDGE_CURVE('',#2994,#2957,#615,.T.);
#3786=EDGE_CURVE('',#2993,#2994,#616,.T.);
#3787=EDGE_CURVE('',#2995,#2956,#617,.T.);
#3788=EDGE_CURVE('',#2994,#2995,#2477,.T.);
#3789=EDGE_CURVE('',#2995,#2949,#618,.T.);
#3790=EDGE_CURVE('',#2993,#2883,#619,.T.);
#3791=EDGE_CURVE('',#2996,#2965,#620,.T.);
#3792=EDGE_CURVE('',#2952,#2996,#621,.T.);
#3793=EDGE_CURVE('',#2997,#2964,#622,.T.);
#3794=EDGE_CURVE('',#2996,#2997,#2478,.T.);
#3795=EDGE_CURVE('',#2998,#2963,#623,.T.);
#3796=EDGE_CURVE('',#2997,#2998,#624,.T.);
#3797=EDGE_CURVE('',#2830,#2998,#625,.T.);
#3798=EDGE_CURVE('',#2850,#2962,#626,.T.);
#3799=EDGE_CURVE('',#2841,#2855,#627,.T.);
#3800=EDGE_CURVE('',#2999,#2999,#2479,.T.);
#3801=EDGE_CURVE('',#3000,#3000,#2480,.T.);
#3802=EDGE_CURVE('',#2992,#3001,#628,.T.);
#3803=EDGE_CURVE('',#3001,#3001,#2481,.T.);
#3804=EDGE_CURVE('',#2991,#3002,#629,.T.);
#3805=EDGE_CURVE('',#3002,#3002,#2482,.T.);
#3806=EDGE_CURVE('',#2990,#3003,#630,.T.);
#3807=EDGE_CURVE('',#3003,#3003,#2483,.T.);
#3808=EDGE_CURVE('',#2989,#3004,#631,.T.);
#3809=EDGE_CURVE('',#3004,#3004,#2484,.T.);
#3810=EDGE_CURVE('',#2988,#3005,#632,.T.);
#3811=EDGE_CURVE('',#3005,#3005,#2485,.T.);
#3812=EDGE_CURVE('',#2987,#3006,#633,.T.);
#3813=EDGE_CURVE('',#3006,#3006,#2486,.T.);
#3814=EDGE_CURVE('',#2978,#3007,#634,.T.);
#3815=EDGE_CURVE('',#3007,#3007,#2487,.T.);
#3816=EDGE_CURVE('',#2986,#3008,#635,.T.);
#3817=EDGE_CURVE('',#3008,#3008,#2488,.T.);
#3818=EDGE_CURVE('',#2985,#3009,#636,.T.);
#3819=EDGE_CURVE('',#3009,#3009,#2489,.T.);
#3820=EDGE_CURVE('',#2984,#3010,#637,.T.);
#3821=EDGE_CURVE('',#3010,#3010,#2490,.T.);
#3822=EDGE_CURVE('',#2983,#3011,#638,.T.);
#3823=EDGE_CURVE('',#3011,#3011,#2491,.T.);
#3824=EDGE_CURVE('',#2982,#3012,#639,.T.);
#3825=EDGE_CURVE('',#3012,#3012,#2492,.T.);
#3826=EDGE_CURVE('',#2981,#3013,#640,.T.);
#3827=EDGE_CURVE('',#3013,#3013,#2493,.T.);
#3828=EDGE_CURVE('',#2875,#2885,#641,.T.);
#3829=EDGE_CURVE('',#2869,#2959,#642,.T.);
#3830=EDGE_CURVE('',#2857,#2826,#643,.T.);
#3831=EDGE_CURVE('',#3014,#3014,#2494,.T.);
#3832=EDGE_CURVE('',#2826,#2821,#644,.T.);
#3833=EDGE_CURVE('',#3015,#3015,#2495,.T.);
#3834=EDGE_CURVE('',#2796,#3016,#645,.T.);
#3835=EDGE_CURVE('',#3016,#3017,#2496,.T.);
#3836=EDGE_CURVE('',#3017,#3018,#646,.T.);
#3837=EDGE_CURVE('',#3018,#3019,#2497,.T.);
#3838=EDGE_CURVE('',#3019,#2903,#647,.T.);
#3839=EDGE_CURVE('',#3020,#3020,#2498,.T.);
#3840=EDGE_CURVE('',#2924,#2874,#648,.T.);
#3841=EDGE_CURVE('',#3021,#3021,#2499,.T.);
#3842=EDGE_CURVE('',#3022,#2961,#649,.T.);
#3843=EDGE_CURVE('',#2858,#3022,#2500,.T.);
#3844=EDGE_CURVE('',#2874,#3023,#650,.T.);
#3845=EDGE_CURVE('',#3023,#3024,#2501,.T.);
#3846=EDGE_CURVE('',#3024,#3025,#651,.T.);
#3847=EDGE_CURVE('',#3025,#3026,#2502,.T.);
#3848=EDGE_CURVE('',#3026,#2857,#652,.T.);
#3849=EDGE_CURVE('',#3022,#3027,#653,.T.);
#3850=EDGE_CURVE('',#3027,#2872,#2503,.T.);
#3851=EDGE_CURVE('',#3028,#3028,#2504,.T.);
#3852=EDGE_CURVE('',#2821,#2796,#654,.T.);
#3853=EDGE_CURVE('',#3029,#3029,#2505,.T.);
#3854=EDGE_CURVE('',#3030,#3030,#2506,.T.);
#3855=EDGE_CURVE('',#3031,#3031,#2507,.T.);
#3856=EDGE_CURVE('',#2689,#3021,#655,.T.);
#3857=EDGE_CURVE('',#2688,#3029,#656,.T.);
#3858=EDGE_CURVE('',#2687,#3014,#657,.T.);
#3859=EDGE_CURVE('',#2686,#3030,#658,.T.);
#3860=EDGE_CURVE('',#2685,#3031,#659,.T.);
#3861=EDGE_CURVE('',#2684,#3015,#660,.T.);
#3862=EDGE_CURVE('',#2683,#3020,#661,.T.);
#3863=EDGE_CURVE('',#2682,#3028,#662,.T.);
#3864=EDGE_CURVE('',#2979,#2999,#663,.T.);
#3865=EDGE_CURVE('',#2980,#3000,#664,.T.);
#3866=EDGE_CURVE('',#2735,#2972,#665,.T.);
#3867=EDGE_CURVE('',#2736,#2971,#666,.T.);
#3868=EDGE_CURVE('',#2737,#2970,#667,.T.);
#3869=EDGE_CURVE('',#2729,#2967,#668,.T.);
#3870=EDGE_CURVE('',#2730,#2966,#669,.T.);
#3871=EDGE_CURVE('',#2731,#2976,#670,.T.);
#3872=EDGE_CURVE('',#2732,#2975,#671,.T.);
#3873=EDGE_CURVE('',#2733,#2974,#672,.T.);
#3874=EDGE_CURVE('',#2734,#2973,#673,.T.);
#3875=EDGE_CURVE('',#3027,#2960,#674,.T.);
#3876=EDGE_CURVE('',#2903,#2929,#675,.T.);
#3877=EDGE_CURVE('',#2715,#2643,#676,.T.);
#3878=EDGE_CURVE('',#2716,#2645,#677,.T.);
#3879=EDGE_CURVE('',#2717,#2651,#678,.T.);
#3880=EDGE_CURVE('',#2718,#2649,#679,.T.);
#3881=EDGE_CURVE('',#2719,#2653,#680,.T.);
#3882=EDGE_CURVE('',#2720,#2657,#681,.T.);
#3883=EDGE_CURVE('',#2723,#2655,#682,.T.);
#3884=EDGE_CURVE('',#2724,#2538,#683,.T.);
#3885=EDGE_CURVE('',#2725,#2536,#684,.T.);
#3886=EDGE_CURVE('',#2704,#2777,#685,.T.);
#3887=EDGE_CURVE('',#2705,#2778,#686,.T.);
#3888=EDGE_CURVE('',#2710,#2779,#687,.T.);
#3889=EDGE_CURVE('',#2711,#2780,#688,.T.);
#3890=EDGE_CURVE('',#2674,#3016,#689,.T.);
#3891=EDGE_CURVE('',#2676,#3026,#690,.T.);
#3892=EDGE_CURVE('',#2677,#3025,#691,.T.);
#3893=EDGE_CURVE('',#2678,#3024,#692,.T.);
#3894=EDGE_CURVE('',#2679,#3023,#693,.T.);
#3895=EDGE_CURVE('',#2680,#3019,#694,.T.);
#3896=EDGE_CURVE('',#2681,#3018,#695,.T.);
#3897=EDGE_CURVE('',#2675,#3017,#696,.T.);
#3898=EDGE_CURVE('',#3032,#3032,#2508,.T.);
#3899=EDGE_CURVE('',#2977,#3032,#697,.T.);
#3900=ORIENTED_EDGE('',*,*,#3033,.F.);
#3901=ORIENTED_EDGE('',*,*,#3034,.F.);
#3902=ORIENTED_EDGE('',*,*,#3035,.F.);
#3903=ORIENTED_EDGE('',*,*,#3036,.F.);
#3904=ORIENTED_EDGE('',*,*,#3037,.F.);
#3905=ORIENTED_EDGE('',*,*,#3038,.F.);
#3906=ORIENTED_EDGE('',*,*,#3039,.T.);
#3907=ORIENTED_EDGE('',*,*,#3040,.T.);
#3908=ORIENTED_EDGE('',*,*,#3037,.T.);
#3909=ORIENTED_EDGE('',*,*,#3041,.T.);
#3910=ORIENTED_EDGE('',*,*,#3042,.T.);
#3911=ORIENTED_EDGE('',*,*,#3043,.T.);
#3912=ORIENTED_EDGE('',*,*,#3044,.T.);
#3913=ORIENTED_EDGE('',*,*,#3045,.T.);
#3914=ORIENTED_EDGE('',*,*,#3046,.F.);
#3915=ORIENTED_EDGE('',*,*,#3047,.F.);
#3916=ORIENTED_EDGE('',*,*,#3048,.F.);
#3917=ORIENTED_EDGE('',*,*,#3049,.T.);
#3918=ORIENTED_EDGE('',*,*,#3050,.T.);
#3919=ORIENTED_EDGE('',*,*,#3047,.T.);
#3920=ORIENTED_EDGE('',*,*,#3051,.T.);
#3921=ORIENTED_EDGE('',*,*,#3052,.T.);
#3922=ORIENTED_EDGE('',*,*,#3048,.T.);
#3923=ORIENTED_EDGE('',*,*,#3053,.T.);
#3924=ORIENTED_EDGE('',*,*,#3045,.F.);
#3925=ORIENTED_EDGE('',*,*,#3054,.F.);
#3926=ORIENTED_EDGE('',*,*,#3055,.F.);
#3927=ORIENTED_EDGE('',*,*,#3056,.F.);
#3928=ORIENTED_EDGE('',*,*,#3057,.T.);
#3929=ORIENTED_EDGE('',*,*,#3058,.T.);
#3930=ORIENTED_EDGE('',*,*,#3055,.T.);
#3931=ORIENTED_EDGE('',*,*,#3059,.T.);
#3932=ORIENTED_EDGE('',*,*,#3060,.F.);
#3933=ORIENTED_EDGE('',*,*,#3061,.F.);
#3934=ORIENTED_EDGE('',*,*,#3062,.F.);
#3935=ORIENTED_EDGE('',*,*,#3063,.T.);
#3936=ORIENTED_EDGE('',*,*,#3064,.T.);
#3937=ORIENTED_EDGE('',*,*,#3061,.T.);
#3938=ORIENTED_EDGE('',*,*,#3065,.T.);
#3939=ORIENTED_EDGE('',*,*,#3066,.T.);
#3940=ORIENTED_EDGE('',*,*,#3067,.T.);
#3941=ORIENTED_EDGE('',*,*,#3062,.T.);
#3942=ORIENTED_EDGE('',*,*,#3068,.T.);
#3943=ORIENTED_EDGE('',*,*,#3069,.T.);
#3944=ORIENTED_EDGE('',*,*,#3070,.T.);
#3945=ORIENTED_EDGE('',*,*,#3066,.F.);
#3946=ORIENTED_EDGE('',*,*,#3071,.T.);
#3947=ORIENTED_EDGE('',*,*,#3072,.F.);
#3948=ORIENTED_EDGE('',*,*,#3073,.F.);
#3949=ORIENTED_EDGE('',*,*,#3074,.F.);
#3950=ORIENTED_EDGE('',*,*,#3075,.T.);
#3951=ORIENTED_EDGE('',*,*,#3076,.T.);
#3952=ORIENTED_EDGE('',*,*,#3073,.T.);
#3953=ORIENTED_EDGE('',*,*,#3077,.T.);
#3954=ORIENTED_EDGE('',*,*,#3078,.T.);
#3955=ORIENTED_EDGE('',*,*,#3060,.T.);
#3956=ORIENTED_EDGE('',*,*,#3079,.T.);
#3957=ORIENTED_EDGE('',*,*,#3080,.T.);
#3958=ORIENTED_EDGE('',*,*,#3081,.F.);
#3959=ORIENTED_EDGE('',*,*,#3082,.F.);
#3960=ORIENTED_EDGE('',*,*,#3083,.F.);
#3961=ORIENTED_EDGE('',*,*,#3084,.T.);
#3962=ORIENTED_EDGE('',*,*,#3085,.T.);
#3963=ORIENTED_EDGE('',*,*,#3082,.T.);
#3964=ORIENTED_EDGE('',*,*,#3086,.T.);
#3965=ORIENTED_EDGE('',*,*,#3087,.F.);
#3966=ORIENTED_EDGE('',*,*,#3088,.F.);
#3967=ORIENTED_EDGE('',*,*,#3089,.F.);
#3968=ORIENTED_EDGE('',*,*,#3090,.T.);
#3969=ORIENTED_EDGE('',*,*,#3091,.T.);
#3970=ORIENTED_EDGE('',*,*,#3088,.T.);
#3971=ORIENTED_EDGE('',*,*,#3092,.T.);
#3972=ORIENTED_EDGE('',*,*,#3093,.T.);
#3973=ORIENTED_EDGE('',*,*,#3090,.F.);
#3974=ORIENTED_EDGE('',*,*,#3094,.T.);
#3975=ORIENTED_EDGE('',*,*,#3080,.F.);
#3976=ORIENTED_EDGE('',*,*,#3095,.F.);
#3977=ORIENTED_EDGE('',*,*,#3096,.F.);
#3978=ORIENTED_EDGE('',*,*,#3097,.F.);
#3979=ORIENTED_EDGE('',*,*,#3098,.T.);
#3980=ORIENTED_EDGE('',*,*,#3099,.T.);
#3981=ORIENTED_EDGE('',*,*,#3096,.T.);
#3982=ORIENTED_EDGE('',*,*,#3100,.T.);
#3983=ORIENTED_EDGE('',*,*,#3101,.F.);
#3984=ORIENTED_EDGE('',*,*,#3102,.F.);
#3985=ORIENTED_EDGE('',*,*,#3103,.F.);
#3986=ORIENTED_EDGE('',*,*,#3104,.T.);
#3987=ORIENTED_EDGE('',*,*,#3105,.T.);
#3988=ORIENTED_EDGE('',*,*,#3102,.T.);
#3989=ORIENTED_EDGE('',*,*,#3106,.T.);
#3990=ORIENTED_EDGE('',*,*,#3089,.T.);
#3991=ORIENTED_EDGE('',*,*,#3107,.T.);
#3992=ORIENTED_EDGE('',*,*,#3103,.T.);
#3993=ORIENTED_EDGE('',*,*,#3108,.T.);
#3994=ORIENTED_EDGE('',*,*,#3109,.T.);
#3995=ORIENTED_EDGE('',*,*,#3101,.T.);
#3996=ORIENTED_EDGE('',*,*,#3110,.T.);
#3997=ORIENTED_EDGE('',*,*,#3111,.T.);
#3998=ORIENTED_EDGE('',*,*,#3112,.T.);
#3999=ORIENTED_EDGE('',*,*,#3113,.T.);
#4000=ORIENTED_EDGE('',*,*,#3114,.T.);
#4001=ORIENTED_EDGE('',*,*,#3111,.F.);
#4002=ORIENTED_EDGE('',*,*,#3115,.F.);
#4003=ORIENTED_EDGE('',*,*,#3116,.F.);
#4004=ORIENTED_EDGE('',*,*,#3117,.F.);
#4005=ORIENTED_EDGE('',*,*,#3118,.T.);
#4006=ORIENTED_EDGE('',*,*,#3119,.T.);
#4007=ORIENTED_EDGE('',*,*,#3116,.T.);
#4008=ORIENTED_EDGE('',*,*,#3120,.T.);
#4009=ORIENTED_EDGE('',*,*,#3121,.F.);
#4010=ORIENTED_EDGE('',*,*,#3122,.F.);
#4011=ORIENTED_EDGE('',*,*,#3123,.F.);
#4012=ORIENTED_EDGE('',*,*,#3124,.T.);
#4013=ORIENTED_EDGE('',*,*,#3125,.T.);
#4014=ORIENTED_EDGE('',*,*,#3122,.T.);
#4015=ORIENTED_EDGE('',*,*,#3126,.T.);
#4016=ORIENTED_EDGE('',*,*,#3127,.T.);
#4017=ORIENTED_EDGE('',*,*,#3123,.T.);
#4018=ORIENTED_EDGE('',*,*,#3128,.T.);
#4019=ORIENTED_EDGE('',*,*,#3113,.F.);
#4020=ORIENTED_EDGE('',*,*,#3129,.F.);
#4021=ORIENTED_EDGE('',*,*,#3130,.F.);
#4022=ORIENTED_EDGE('',*,*,#3131,.F.);
#4023=ORIENTED_EDGE('',*,*,#3132,.F.);
#4024=ORIENTED_EDGE('',*,*,#3133,.F.);
#4025=ORIENTED_EDGE('',*,*,#3134,.F.);
#4026=ORIENTED_EDGE('',*,*,#3135,.T.);
#4027=ORIENTED_EDGE('',*,*,#3136,.T.);
#4028=ORIENTED_EDGE('',*,*,#3133,.T.);
#4029=ORIENTED_EDGE('',*,*,#3137,.T.);
#4030=ORIENTED_EDGE('',*,*,#3121,.T.);
#4031=ORIENTED_EDGE('',*,*,#3138,.T.);
#4032=ORIENTED_EDGE('',*,*,#3134,.T.);
#4033=ORIENTED_EDGE('',*,*,#3139,.T.);
#4034=ORIENTED_EDGE('',*,*,#3140,.F.);
#4035=ORIENTED_EDGE('',*,*,#3141,.F.);
#4036=ORIENTED_EDGE('',*,*,#3142,.F.);
#4037=ORIENTED_EDGE('',*,*,#3143,.T.);
#4038=ORIENTED_EDGE('',*,*,#3144,.T.);
#4039=ORIENTED_EDGE('',*,*,#3141,.T.);
#4040=ORIENTED_EDGE('',*,*,#3145,.T.);
#4041=ORIENTED_EDGE('',*,*,#3146,.T.);
#4042=ORIENTED_EDGE('',*,*,#3147,.T.);
#4043=ORIENTED_EDGE('',*,*,#3142,.T.);
#4044=ORIENTED_EDGE('',*,*,#3148,.T.);
#4045=ORIENTED_EDGE('',*,*,#3149,.T.);
#4046=ORIENTED_EDGE('',*,*,#3150,.T.);
#4047=ORIENTED_EDGE('',*,*,#3146,.F.);
#4048=ORIENTED_EDGE('',*,*,#3151,.T.);
#4049=ORIENTED_EDGE('',*,*,#3132,.T.);
#4050=ORIENTED_EDGE('',*,*,#3152,.T.);
#4051=ORIENTED_EDGE('',*,*,#3149,.F.);
#4052=ORIENTED_EDGE('',*,*,#3153,.T.);
#4053=ORIENTED_EDGE('',*,*,#3154,.F.);
#4054=ORIENTED_EDGE('',*,*,#3155,.F.);
#4055=ORIENTED_EDGE('',*,*,#3156,.F.);
#4056=ORIENTED_EDGE('',*,*,#3157,.T.);
#4057=ORIENTED_EDGE('',*,*,#3158,.T.);
#4058=ORIENTED_EDGE('',*,*,#3155,.T.);
#4059=ORIENTED_EDGE('',*,*,#3159,.T.);
#4060=ORIENTED_EDGE('',*,*,#3160,.F.);
#4061=ORIENTED_EDGE('',*,*,#3161,.F.);
#4062=ORIENTED_EDGE('',*,*,#3162,.F.);
#4063=ORIENTED_EDGE('',*,*,#3163,.T.);
#4064=ORIENTED_EDGE('',*,*,#3164,.T.);
#4065=ORIENTED_EDGE('',*,*,#3161,.T.);
#4066=ORIENTED_EDGE('',*,*,#3165,.T.);
#4067=ORIENTED_EDGE('',*,*,#3140,.T.);
#4068=ORIENTED_EDGE('',*,*,#3166,.T.);
#4069=ORIENTED_EDGE('',*,*,#3162,.T.);
#4070=ORIENTED_EDGE('',*,*,#3167,.T.);
#4071=ORIENTED_EDGE('',*,*,#3168,.T.);
#4072=ORIENTED_EDGE('',*,*,#3169,.T.);
#4073=ORIENTED_EDGE('',*,*,#3156,.T.);
#4074=ORIENTED_EDGE('',*,*,#3170,.T.);
#4075=ORIENTED_EDGE('',*,*,#3171,.T.);
#4076=ORIENTED_EDGE('',*,*,#3172,.T.);
#4077=ORIENTED_EDGE('',*,*,#3168,.F.);
#4078=ORIENTED_EDGE('',*,*,#3173,.T.);
#4079=ORIENTED_EDGE('',*,*,#3174,.T.);
#4080=ORIENTED_EDGE('',*,*,#3160,.T.);
#4081=ORIENTED_EDGE('',*,*,#3175,.T.);
#4082=ORIENTED_EDGE('',*,*,#3176,.T.);
#4083=ORIENTED_EDGE('',*,*,#3177,.F.);
#4084=ORIENTED_EDGE('',*,*,#3178,.F.);
#4085=ORIENTED_EDGE('',*,*,#3179,.F.);
#4086=ORIENTED_EDGE('',*,*,#3180,.T.);
#4087=ORIENTED_EDGE('',*,*,#3181,.T.);
#4088=ORIENTED_EDGE('',*,*,#3178,.T.);
#4089=ORIENTED_EDGE('',*,*,#3182,.T.);
#4090=ORIENTED_EDGE('',*,*,#3183,.T.);
#4091=ORIENTED_EDGE('',*,*,#3184,.T.);
#4092=ORIENTED_EDGE('',*,*,#3185,.T.);
#4093=ORIENTED_EDGE('',*,*,#3176,.F.);
#4094=ORIENTED_EDGE('',*,*,#3186,.F.);
#4095=ORIENTED_EDGE('',*,*,#3187,.F.);
#4096=ORIENTED_EDGE('',*,*,#3188,.F.);
#4097=ORIENTED_EDGE('',*,*,#3189,.T.);
#4098=ORIENTED_EDGE('',*,*,#3190,.T.);
#4099=ORIENTED_EDGE('',*,*,#3187,.T.);
#4100=ORIENTED_EDGE('',*,*,#3191,.T.);
#4101=ORIENTED_EDGE('',*,*,#3192,.T.);
#4102=ORIENTED_EDGE('',*,*,#3188,.T.);
#4103=ORIENTED_EDGE('',*,*,#3193,.T.);
#4104=ORIENTED_EDGE('',*,*,#3184,.F.);
#4105=ORIENTED_EDGE('',*,*,#3194,.F.);
#4106=ORIENTED_EDGE('',*,*,#3195,.F.);
#4107=ORIENTED_EDGE('',*,*,#3196,.F.);
#4108=ORIENTED_EDGE('',*,*,#3186,.T.);
#4109=ORIENTED_EDGE('',*,*,#3197,.T.);
#4110=ORIENTED_EDGE('',*,*,#3195,.T.);
#4111=ORIENTED_EDGE('',*,*,#3198,.T.);
#4112=ORIENTED_EDGE('',*,*,#3199,.T.);
#4113=ORIENTED_EDGE('',*,*,#3200,.T.);
#4114=ORIENTED_EDGE('',*,*,#3201,.T.);
#4115=ORIENTED_EDGE('',*,*,#3202,.T.);
#4116=ORIENTED_EDGE('',*,*,#3196,.T.);
#4117=ORIENTED_EDGE('',*,*,#3203,.T.);
#4118=ORIENTED_EDGE('',*,*,#3200,.F.);
#4119=ORIENTED_EDGE('',*,*,#3204,.T.);
#4120=ORIENTED_EDGE('',*,*,#3205,.T.);
#4121=ORIENTED_EDGE('',*,*,#3206,.T.);
#4122=ORIENTED_EDGE('',*,*,#3194,.T.);
#4123=ORIENTED_EDGE('',*,*,#3207,.T.);
#4124=ORIENTED_EDGE('',*,*,#3208,.T.);
#4125=ORIENTED_EDGE('',*,*,#3179,.T.);
#4126=ORIENTED_EDGE('',*,*,#3209,.T.);
#4127=ORIENTED_EDGE('',*,*,#3202,.F.);
#4128=ORIENTED_EDGE('',*,*,#3171,.F.);
#4129=ORIENTED_EDGE('',*,*,#3210,.T.);
#4130=ORIENTED_EDGE('',*,*,#3211,.T.);
#4131=ORIENTED_EDGE('',*,*,#3212,.T.);
#4132=ORIENTED_EDGE('',*,*,#3177,.T.);
#4133=ORIENTED_EDGE('',*,*,#3213,.T.);
#4134=ORIENTED_EDGE('',*,*,#3211,.F.);
#4135=ORIENTED_EDGE('',*,*,#3214,.T.);
#4136=ORIENTED_EDGE('',*,*,#3215,.T.);
#4137=ORIENTED_EDGE('',*,*,#3154,.T.);
#4138=ORIENTED_EDGE('',*,*,#3216,.T.);
#4139=ORIENTED_EDGE('',*,*,#3217,.T.);
#4140=ORIENTED_EDGE('',*,*,#3218,.T.);
#4141=ORIENTED_EDGE('',*,*,#3219,.T.);
#4142=ORIENTED_EDGE('',*,*,#3130,.T.);
#4143=ORIENTED_EDGE('',*,*,#3220,.T.);
#4144=ORIENTED_EDGE('',*,*,#3221,.T.);
#4145=ORIENTED_EDGE('',*,*,#3218,.F.);
#4146=ORIENTED_EDGE('',*,*,#3222,.T.);
#4147=ORIENTED_EDGE('',*,*,#3217,.F.);
#4148=ORIENTED_EDGE('',*,*,#3131,.T.);
#4149=ORIENTED_EDGE('',*,*,#3223,.T.);
#4150=ORIENTED_EDGE('',*,*,#3117,.T.);
#4151=ORIENTED_EDGE('',*,*,#3224,.T.);
#4152=ORIENTED_EDGE('',*,*,#3225,.T.);
#4153=ORIENTED_EDGE('',*,*,#3226,.T.);
#4154=ORIENTED_EDGE('',*,*,#3129,.T.);
#4155=ORIENTED_EDGE('',*,*,#3227,.T.);
#4156=ORIENTED_EDGE('',*,*,#3228,.T.);
#4157=ORIENTED_EDGE('',*,*,#3115,.T.);
#4158=ORIENTED_EDGE('',*,*,#3229,.T.);
#4159=ORIENTED_EDGE('',*,*,#3230,.T.);
#4160=ORIENTED_EDGE('',*,*,#3231,.T.);
#4161=ORIENTED_EDGE('',*,*,#3230,.F.);
#4162=ORIENTED_EDGE('',*,*,#3232,.T.);
#4163=ORIENTED_EDGE('',*,*,#3233,.T.);
#4164=ORIENTED_EDGE('',*,*,#3234,.T.);
#4165=ORIENTED_EDGE('',*,*,#3097,.T.);
#4166=ORIENTED_EDGE('',*,*,#3235,.T.);
#4167=ORIENTED_EDGE('',*,*,#3233,.F.);
#4168=ORIENTED_EDGE('',*,*,#3095,.T.);
#4169=ORIENTED_EDGE('',*,*,#3236,.T.);
#4170=ORIENTED_EDGE('',*,*,#3083,.T.);
#4171=ORIENTED_EDGE('',*,*,#3237,.T.);
#4172=ORIENTED_EDGE('',*,*,#3238,.T.);
#4173=ORIENTED_EDGE('',*,*,#3239,.T.);
#4174=ORIENTED_EDGE('',*,*,#3087,.T.);
#4175=ORIENTED_EDGE('',*,*,#3240,.T.);
#4176=ORIENTED_EDGE('',*,*,#3241,.T.);
#4177=ORIENTED_EDGE('',*,*,#3242,.T.);
#4178=ORIENTED_EDGE('',*,*,#3074,.T.);
#4179=ORIENTED_EDGE('',*,*,#3243,.T.);
#4180=ORIENTED_EDGE('',*,*,#3244,.T.);
#4181=ORIENTED_EDGE('',*,*,#3245,.T.);
#4182=ORIENTED_EDGE('',*,*,#3241,.F.);
#4183=ORIENTED_EDGE('',*,*,#3246,.T.);
#4184=ORIENTED_EDGE('',*,*,#3081,.T.);
#4185=ORIENTED_EDGE('',*,*,#3247,.T.);
#4186=ORIENTED_EDGE('',*,*,#3244,.F.);
#4187=ORIENTED_EDGE('',*,*,#3248,.T.);
#4188=ORIENTED_EDGE('',*,*,#3072,.T.);
#4189=ORIENTED_EDGE('',*,*,#3249,.T.);
#4190=ORIENTED_EDGE('',*,*,#3056,.T.);
#4191=ORIENTED_EDGE('',*,*,#3250,.T.);
#4192=ORIENTED_EDGE('',*,*,#3251,.T.);
#4193=ORIENTED_EDGE('',*,*,#3054,.T.);
#4194=ORIENTED_EDGE('',*,*,#3252,.T.);
#4195=ORIENTED_EDGE('',*,*,#3253,.T.);
#4196=ORIENTED_EDGE('',*,*,#3069,.F.);
#4197=ORIENTED_EDGE('',*,*,#3254,.T.);
#4198=ORIENTED_EDGE('',*,*,#3255,.T.);
#4199=ORIENTED_EDGE('',*,*,#3256,.T.);
#4200=ORIENTED_EDGE('',*,*,#3046,.T.);
#4201=ORIENTED_EDGE('',*,*,#3257,.T.);
#4202=ORIENTED_EDGE('',*,*,#3255,.F.);
#4203=ORIENTED_EDGE('',*,*,#3258,.T.);
#4204=ORIENTED_EDGE('',*,*,#3259,.T.);
#4205=ORIENTED_EDGE('',*,*,#3253,.F.);
#4206=ORIENTED_EDGE('',*,*,#3260,.T.);
#4207=ORIENTED_EDGE('',*,*,#3261,.T.);
#4208=ORIENTED_EDGE('',*,*,#3262,.T.);
#4209=ORIENTED_EDGE('',*,*,#3038,.T.);
#4210=ORIENTED_EDGE('',*,*,#3263,.T.);
#4211=ORIENTED_EDGE('',*,*,#3261,.F.);
#4212=ORIENTED_EDGE('',*,*,#3035,.T.);
#4213=ORIENTED_EDGE('',*,*,#3264,.T.);
#4214=ORIENTED_EDGE('',*,*,#3043,.F.);
#4215=ORIENTED_EDGE('',*,*,#3265,.T.);
#4216=ORIENTED_EDGE('',*,*,#3036,.T.);
#4217=ORIENTED_EDGE('',*,*,#3266,.T.);
#4218=ORIENTED_EDGE('',*,*,#3034,.T.);
#4219=ORIENTED_EDGE('',*,*,#3267,.T.);
#4220=ORIENTED_EDGE('',*,*,#3268,.T.);
#4221=ORIENTED_EDGE('',*,*,#3269,.T.);
#4222=ORIENTED_EDGE('',*,*,#3033,.T.);
#4223=ORIENTED_EDGE('',*,*,#3270,.T.);
#4224=ORIENTED_EDGE('',*,*,#3092,.F.);
#4225=ORIENTED_EDGE('',*,*,#3239,.F.);
#4226=ORIENTED_EDGE('',*,*,#3271,.F.);
#4227=ORIENTED_EDGE('',*,*,#3272,.F.);
#4228=ORIENTED_EDGE('',*,*,#3240,.F.);
#4229=ORIENTED_EDGE('',*,*,#3108,.F.);
#4230=ORIENTED_EDGE('',*,*,#3105,.F.);
#4231=ORIENTED_EDGE('',*,*,#3273,.T.);
#4232=ORIENTED_EDGE('',*,*,#3106,.F.);
#4233=ORIENTED_EDGE('',*,*,#3109,.F.);
#4234=ORIENTED_EDGE('',*,*,#3274,.F.);
#4235=ORIENTED_EDGE('',*,*,#3275,.T.);
#4236=ORIENTED_EDGE('',*,*,#3114,.F.);
#4237=ORIENTED_EDGE('',*,*,#3276,.F.);
#4238=ORIENTED_EDGE('',*,*,#3277,.T.);
#4239=ORIENTED_EDGE('',*,*,#3274,.T.);
#4240=ORIENTED_EDGE('',*,*,#3128,.F.);
#4241=ORIENTED_EDGE('',*,*,#3125,.F.);
#4242=ORIENTED_EDGE('',*,*,#3278,.T.);
#4243=ORIENTED_EDGE('',*,*,#3276,.T.);
#4244=ORIENTED_EDGE('',*,*,#3126,.F.);
#4245=ORIENTED_EDGE('',*,*,#3139,.F.);
#4246=ORIENTED_EDGE('',*,*,#3136,.F.);
#4247=ORIENTED_EDGE('',*,*,#3279,.T.);
#4248=ORIENTED_EDGE('',*,*,#3137,.F.);
#4249=ORIENTED_EDGE('',*,*,#3153,.F.);
#4250=ORIENTED_EDGE('',*,*,#3280,.F.);
#4251=ORIENTED_EDGE('',*,*,#3281,.T.);
#4252=ORIENTED_EDGE('',*,*,#3151,.F.);
#4253=ORIENTED_EDGE('',*,*,#3282,.F.);
#4254=ORIENTED_EDGE('',*,*,#3283,.T.);
#4255=ORIENTED_EDGE('',*,*,#3280,.T.);
#4256=ORIENTED_EDGE('',*,*,#3148,.F.);
#4257=ORIENTED_EDGE('',*,*,#3144,.F.);
#4258=ORIENTED_EDGE('',*,*,#3284,.T.);
#4259=ORIENTED_EDGE('',*,*,#3282,.T.);
#4260=ORIENTED_EDGE('',*,*,#3145,.F.);
#4261=ORIENTED_EDGE('',*,*,#3167,.F.);
#4262=ORIENTED_EDGE('',*,*,#3164,.F.);
#4263=ORIENTED_EDGE('',*,*,#3285,.T.);
#4264=ORIENTED_EDGE('',*,*,#3165,.F.);
#4265=ORIENTED_EDGE('',*,*,#3174,.F.);
#4266=ORIENTED_EDGE('',*,*,#3286,.F.);
#4267=ORIENTED_EDGE('',*,*,#3287,.T.);
#4268=ORIENTED_EDGE('',*,*,#3185,.F.);
#4269=ORIENTED_EDGE('',*,*,#3288,.F.);
#4270=ORIENTED_EDGE('',*,*,#3289,.T.);
#4271=ORIENTED_EDGE('',*,*,#3286,.T.);
#4272=ORIENTED_EDGE('',*,*,#3193,.F.);
#4273=ORIENTED_EDGE('',*,*,#3190,.F.);
#4274=ORIENTED_EDGE('',*,*,#3290,.T.);
#4275=ORIENTED_EDGE('',*,*,#3288,.T.);
#4276=ORIENTED_EDGE('',*,*,#3191,.F.);
#4277=ORIENTED_EDGE('',*,*,#3198,.F.);
#4278=ORIENTED_EDGE('',*,*,#3206,.F.);
#4279=ORIENTED_EDGE('',*,*,#3291,.T.);
#4280=ORIENTED_EDGE('',*,*,#3207,.F.);
#4281=ORIENTED_EDGE('',*,*,#3204,.F.);
#4282=ORIENTED_EDGE('',*,*,#3292,.T.);
#4283=ORIENTED_EDGE('',*,*,#3293,.F.);
#4284=ORIENTED_EDGE('',*,*,#3199,.F.);
#4285=ORIENTED_EDGE('',*,*,#3294,.F.);
#4286=ORIENTED_EDGE('',*,*,#3295,.F.);
#4287=ORIENTED_EDGE('',*,*,#3292,.F.);
#4288=ORIENTED_EDGE('',*,*,#3209,.F.);
#4289=ORIENTED_EDGE('',*,*,#3181,.F.);
#4290=ORIENTED_EDGE('',*,*,#3296,.T.);
#4291=ORIENTED_EDGE('',*,*,#3294,.T.);
#4292=ORIENTED_EDGE('',*,*,#3182,.F.);
#4293=ORIENTED_EDGE('',*,*,#3214,.F.);
#4294=ORIENTED_EDGE('',*,*,#3297,.F.);
#4295=ORIENTED_EDGE('',*,*,#3298,.T.);
#4296=ORIENTED_EDGE('',*,*,#3210,.F.);
#4297=ORIENTED_EDGE('',*,*,#3299,.F.);
#4298=ORIENTED_EDGE('',*,*,#3300,.T.);
#4299=ORIENTED_EDGE('',*,*,#3297,.T.);
#4300=ORIENTED_EDGE('',*,*,#3173,.F.);
#4301=ORIENTED_EDGE('',*,*,#3301,.F.);
#4302=ORIENTED_EDGE('',*,*,#3302,.T.);
#4303=ORIENTED_EDGE('',*,*,#3299,.T.);
#4304=ORIENTED_EDGE('',*,*,#3170,.F.);
#4305=ORIENTED_EDGE('',*,*,#3158,.F.);
#4306=ORIENTED_EDGE('',*,*,#3303,.T.);
#4307=ORIENTED_EDGE('',*,*,#3301,.T.);
#4308=ORIENTED_EDGE('',*,*,#3159,.F.);
#4309=ORIENTED_EDGE('',*,*,#3215,.F.);
#4310=ORIENTED_EDGE('',*,*,#3304,.F.);
#4311=ORIENTED_EDGE('',*,*,#3305,.T.);
#4312=ORIENTED_EDGE('',*,*,#3306,.F.);
#4313=ORIENTED_EDGE('',*,*,#3307,.T.);
#4314=ORIENTED_EDGE('',*,*,#3308,.F.);
#4315=ORIENTED_EDGE('',*,*,#3309,.F.);
#4316=ORIENTED_EDGE('',*,*,#3310,.F.);
#4317=ORIENTED_EDGE('',*,*,#3311,.F.);
#4318=ORIENTED_EDGE('',*,*,#3312,.F.);
#4319=ORIENTED_EDGE('',*,*,#3313,.F.);
#4320=ORIENTED_EDGE('',*,*,#3314,.T.);
#4321=ORIENTED_EDGE('',*,*,#3315,.T.);
#4322=ORIENTED_EDGE('',*,*,#3316,.T.);
#4323=ORIENTED_EDGE('',*,*,#3317,.T.);
#4324=ORIENTED_EDGE('',*,*,#3318,.T.);
#4325=ORIENTED_EDGE('',*,*,#3319,.T.);
#4326=ORIENTED_EDGE('',*,*,#3320,.T.);
#4327=ORIENTED_EDGE('',*,*,#3321,.T.);
#4328=ORIENTED_EDGE('',*,*,#3322,.F.);
#4329=ORIENTED_EDGE('',*,*,#3323,.F.);
#4330=ORIENTED_EDGE('',*,*,#3324,.F.);
#4331=ORIENTED_EDGE('',*,*,#3325,.F.);
#4332=ORIENTED_EDGE('',*,*,#3326,.F.);
#4333=ORIENTED_EDGE('',*,*,#3327,.F.);
#4334=ORIENTED_EDGE('',*,*,#3328,.F.);
#4335=ORIENTED_EDGE('',*,*,#3329,.F.);
#4336=ORIENTED_EDGE('',*,*,#3330,.F.);
#4337=ORIENTED_EDGE('',*,*,#3331,.F.);
#4338=ORIENTED_EDGE('',*,*,#3332,.F.);
#4339=ORIENTED_EDGE('',*,*,#3333,.F.);
#4340=ORIENTED_EDGE('',*,*,#3334,.F.);
#4341=ORIENTED_EDGE('',*,*,#3335,.F.);
#4342=ORIENTED_EDGE('',*,*,#3336,.F.);
#4343=ORIENTED_EDGE('',*,*,#3337,.F.);
#4344=ORIENTED_EDGE('',*,*,#3338,.F.);
#4345=ORIENTED_EDGE('',*,*,#3339,.F.);
#4346=ORIENTED_EDGE('',*,*,#3340,.F.);
#4347=ORIENTED_EDGE('',*,*,#3341,.F.);
#4348=ORIENTED_EDGE('',*,*,#3342,.F.);
#4349=ORIENTED_EDGE('',*,*,#3343,.F.);
#4350=ORIENTED_EDGE('',*,*,#3344,.F.);
#4351=ORIENTED_EDGE('',*,*,#3345,.F.);
#4352=ORIENTED_EDGE('',*,*,#3238,.F.);
#4353=ORIENTED_EDGE('',*,*,#3273,.F.);
#4354=ORIENTED_EDGE('',*,*,#3104,.F.);
#4355=ORIENTED_EDGE('',*,*,#3275,.F.);
#4356=ORIENTED_EDGE('',*,*,#3277,.F.);
#4357=ORIENTED_EDGE('',*,*,#3278,.F.);
#4358=ORIENTED_EDGE('',*,*,#3124,.F.);
#4359=ORIENTED_EDGE('',*,*,#3279,.F.);
#4360=ORIENTED_EDGE('',*,*,#3135,.F.);
#4361=ORIENTED_EDGE('',*,*,#3281,.F.);
#4362=ORIENTED_EDGE('',*,*,#3283,.F.);
#4363=ORIENTED_EDGE('',*,*,#3284,.F.);
#4364=ORIENTED_EDGE('',*,*,#3143,.F.);
#4365=ORIENTED_EDGE('',*,*,#3285,.F.);
#4366=ORIENTED_EDGE('',*,*,#3163,.F.);
#4367=ORIENTED_EDGE('',*,*,#3287,.F.);
#4368=ORIENTED_EDGE('',*,*,#3289,.F.);
#4369=ORIENTED_EDGE('',*,*,#3290,.F.);
#4370=ORIENTED_EDGE('',*,*,#3189,.F.);
#4371=ORIENTED_EDGE('',*,*,#3291,.F.);
#4372=ORIENTED_EDGE('',*,*,#3205,.F.);
#4373=ORIENTED_EDGE('',*,*,#3293,.T.);
#4374=ORIENTED_EDGE('',*,*,#3295,.T.);
#4375=ORIENTED_EDGE('',*,*,#3296,.F.);
#4376=ORIENTED_EDGE('',*,*,#3180,.F.);
#4377=ORIENTED_EDGE('',*,*,#3298,.F.);
#4378=ORIENTED_EDGE('',*,*,#3300,.F.);
#4379=ORIENTED_EDGE('',*,*,#3302,.F.);
#4380=ORIENTED_EDGE('',*,*,#3303,.F.);
#4381=ORIENTED_EDGE('',*,*,#3157,.F.);
#4382=ORIENTED_EDGE('',*,*,#3305,.F.);
#4383=ORIENTED_EDGE('',*,*,#3346,.T.);
#4384=ORIENTED_EDGE('',*,*,#3347,.T.);
#4385=ORIENTED_EDGE('',*,*,#3225,.F.);
#4386=ORIENTED_EDGE('',*,*,#3348,.F.);
#4387=ORIENTED_EDGE('',*,*,#3118,.F.);
#4388=ORIENTED_EDGE('',*,*,#3349,.F.);
#4389=ORIENTED_EDGE('',*,*,#3350,.F.);
#4390=ORIENTED_EDGE('',*,*,#3351,.F.);
#4391=ORIENTED_EDGE('',*,*,#3098,.F.);
#4392=ORIENTED_EDGE('',*,*,#3352,.F.);
#4393=ORIENTED_EDGE('',*,*,#3084,.F.);
#4394=ORIENTED_EDGE('',*,*,#3353,.F.);
#4395=ORIENTED_EDGE('',*,*,#3354,.F.);
#4396=ORIENTED_EDGE('',*,*,#3355,.F.);
#4397=ORIENTED_EDGE('',*,*,#3075,.F.);
#4398=ORIENTED_EDGE('',*,*,#3356,.F.);
#4399=ORIENTED_EDGE('',*,*,#3057,.F.);
#4400=ORIENTED_EDGE('',*,*,#3357,.F.);
#4401=ORIENTED_EDGE('',*,*,#3358,.F.);
#4402=ORIENTED_EDGE('',*,*,#3359,.F.);
#4403=ORIENTED_EDGE('',*,*,#3039,.F.);
#4404=ORIENTED_EDGE('',*,*,#3360,.F.);
#4405=ORIENTED_EDGE('',*,*,#3268,.F.);
#4406=ORIENTED_EDGE('',*,*,#3361,.T.);
#4407=ORIENTED_EDGE('',*,*,#3362,.T.);
#4408=ORIENTED_EDGE('',*,*,#3363,.F.);
#4409=ORIENTED_EDGE('',*,*,#3049,.F.);
#4410=ORIENTED_EDGE('',*,*,#3364,.F.);
#4411=ORIENTED_EDGE('',*,*,#3365,.F.);
#4412=ORIENTED_EDGE('',*,*,#3366,.F.);
#4413=ORIENTED_EDGE('',*,*,#3367,.F.);
#4414=ORIENTED_EDGE('',*,*,#3063,.F.);
#4415=ORIENTED_EDGE('',*,*,#3368,.F.);
#4416=ORIENTED_EDGE('',*,*,#3369,.T.);
#4417=ORIENTED_EDGE('',*,*,#3271,.T.);
#4418=ORIENTED_EDGE('',*,*,#3222,.F.);
#4419=ORIENTED_EDGE('',*,*,#3370,.T.);
#4420=ORIENTED_EDGE('',*,*,#3346,.F.);
#4421=ORIENTED_EDGE('',*,*,#3304,.T.);
#4422=ORIENTED_EDGE('',*,*,#3371,.T.);
#4423=ORIENTED_EDGE('',*,*,#3372,.T.);
#4424=ORIENTED_EDGE('',*,*,#3373,.T.);
#4425=ORIENTED_EDGE('',*,*,#3374,.T.);
#4426=ORIENTED_EDGE('',*,*,#3375,.T.);
#4427=ORIENTED_EDGE('',*,*,#3376,.T.);
#4428=ORIENTED_EDGE('',*,*,#3377,.T.);
#4429=ORIENTED_EDGE('',*,*,#3378,.T.);
#4430=ORIENTED_EDGE('',*,*,#3379,.T.);
#4431=ORIENTED_EDGE('',*,*,#3380,.T.);
#4432=ORIENTED_EDGE('',*,*,#3381,.T.);
#4433=ORIENTED_EDGE('',*,*,#3382,.T.);
#4434=ORIENTED_EDGE('',*,*,#3383,.T.);
#4435=ORIENTED_EDGE('',*,*,#3384,.T.);
#4436=ORIENTED_EDGE('',*,*,#3385,.F.);
#4437=ORIENTED_EDGE('',*,*,#3386,.F.);
#4438=ORIENTED_EDGE('',*,*,#3387,.F.);
#4439=ORIENTED_EDGE('',*,*,#3388,.F.);
#4440=ORIENTED_EDGE('',*,*,#3389,.F.);
#4441=ORIENTED_EDGE('',*,*,#3390,.F.);
#4442=ORIENTED_EDGE('',*,*,#3391,.F.);
#4443=ORIENTED_EDGE('',*,*,#3392,.F.);
#4444=ORIENTED_EDGE('',*,*,#3393,.F.);
#4445=ORIENTED_EDGE('',*,*,#3394,.F.);
#4446=ORIENTED_EDGE('',*,*,#3395,.F.);
#4447=ORIENTED_EDGE('',*,*,#3396,.F.);
#4448=ORIENTED_EDGE('',*,*,#3397,.F.);
#4449=ORIENTED_EDGE('',*,*,#3398,.F.);
#4450=ORIENTED_EDGE('',*,*,#3399,.F.);
#4451=ORIENTED_EDGE('',*,*,#3400,.F.);
#4452=ORIENTED_EDGE('',*,*,#3242,.F.);
#4453=ORIENTED_EDGE('',*,*,#3245,.F.);
#4454=ORIENTED_EDGE('',*,*,#3247,.F.);
#4455=ORIENTED_EDGE('',*,*,#3236,.F.);
#4456=ORIENTED_EDGE('',*,*,#3234,.F.);
#4457=ORIENTED_EDGE('',*,*,#3232,.F.);
#4458=ORIENTED_EDGE('',*,*,#3229,.F.);
#4459=ORIENTED_EDGE('',*,*,#3223,.F.);
#4460=ORIENTED_EDGE('',*,*,#3219,.F.);
#4461=ORIENTED_EDGE('',*,*,#3221,.F.);
#4462=ORIENTED_EDGE('',*,*,#3216,.F.);
#4463=ORIENTED_EDGE('',*,*,#3169,.F.);
#4464=ORIENTED_EDGE('',*,*,#3172,.F.);
#4465=ORIENTED_EDGE('',*,*,#3212,.F.);
#4466=ORIENTED_EDGE('',*,*,#3213,.F.);
#4467=ORIENTED_EDGE('',*,*,#3208,.F.);
#4468=ORIENTED_EDGE('',*,*,#3201,.F.);
#4469=ORIENTED_EDGE('',*,*,#3203,.F.);
#4470=ORIENTED_EDGE('',*,*,#3197,.F.);
#4471=ORIENTED_EDGE('',*,*,#3192,.F.);
#4472=ORIENTED_EDGE('',*,*,#3183,.F.);
#4473=ORIENTED_EDGE('',*,*,#3175,.F.);
#4474=ORIENTED_EDGE('',*,*,#3166,.F.);
#4475=ORIENTED_EDGE('',*,*,#3147,.F.);
#4476=ORIENTED_EDGE('',*,*,#3150,.F.);
#4477=ORIENTED_EDGE('',*,*,#3152,.F.);
#4478=ORIENTED_EDGE('',*,*,#3138,.F.);
#4479=ORIENTED_EDGE('',*,*,#3127,.F.);
#4480=ORIENTED_EDGE('',*,*,#3112,.F.);
#4481=ORIENTED_EDGE('',*,*,#3110,.F.);
#4482=ORIENTED_EDGE('',*,*,#3107,.F.);
#4483=ORIENTED_EDGE('',*,*,#3091,.F.);
#4484=ORIENTED_EDGE('',*,*,#3093,.F.);
#4485=ORIENTED_EDGE('',*,*,#3079,.F.);
#4486=ORIENTED_EDGE('',*,*,#3067,.F.);
#4487=ORIENTED_EDGE('',*,*,#3070,.F.);
#4488=ORIENTED_EDGE('',*,*,#3256,.F.);
#4489=ORIENTED_EDGE('',*,*,#3257,.F.);
#4490=ORIENTED_EDGE('',*,*,#3052,.F.);
#4491=ORIENTED_EDGE('',*,*,#3044,.F.);
#4492=ORIENTED_EDGE('',*,*,#3264,.F.);
#4493=ORIENTED_EDGE('',*,*,#3266,.F.);
#4494=ORIENTED_EDGE('',*,*,#3262,.F.);
#4495=ORIENTED_EDGE('',*,*,#3260,.F.);
#4496=ORIENTED_EDGE('',*,*,#3252,.F.);
#4497=ORIENTED_EDGE('',*,*,#3249,.F.);
#4498=ORIENTED_EDGE('',*,*,#3094,.F.);
#4499=ORIENTED_EDGE('',*,*,#3272,.T.);
#4500=ORIENTED_EDGE('',*,*,#3369,.F.);
#4501=ORIENTED_EDGE('',*,*,#3401,.T.);
#4502=ORIENTED_EDGE('',*,*,#3265,.F.);
#4503=ORIENTED_EDGE('',*,*,#3402,.T.);
#4504=ORIENTED_EDGE('',*,*,#3361,.F.);
#4505=ORIENTED_EDGE('',*,*,#3270,.F.);
#4506=ORIENTED_EDGE('',*,*,#3042,.F.);
#4507=ORIENTED_EDGE('',*,*,#3403,.F.);
#4508=ORIENTED_EDGE('',*,*,#3362,.F.);
#4509=ORIENTED_EDGE('',*,*,#3402,.F.);
#4510=ORIENTED_EDGE('',*,*,#3226,.F.);
#4511=ORIENTED_EDGE('',*,*,#3347,.F.);
#4512=ORIENTED_EDGE('',*,*,#3370,.F.);
#4513=ORIENTED_EDGE('',*,*,#3220,.F.);
#4514=ORIENTED_EDGE('',*,*,#3119,.F.);
#4515=ORIENTED_EDGE('',*,*,#3348,.T.);
#4516=ORIENTED_EDGE('',*,*,#3227,.F.);
#4517=ORIENTED_EDGE('',*,*,#3224,.F.);
#4518=ORIENTED_EDGE('',*,*,#3404,.F.);
#4519=ORIENTED_EDGE('',*,*,#3405,.F.);
#4520=ORIENTED_EDGE('',*,*,#3406,.F.);
#4521=ORIENTED_EDGE('',*,*,#3322,.T.);
#4522=ORIENTED_EDGE('',*,*,#3407,.T.);
#4523=ORIENTED_EDGE('',*,*,#3405,.T.);
#4524=ORIENTED_EDGE('',*,*,#3408,.T.);
#4525=ORIENTED_EDGE('',*,*,#3409,.F.);
#4526=ORIENTED_EDGE('',*,*,#3410,.F.);
#4527=ORIENTED_EDGE('',*,*,#3411,.F.);
#4528=ORIENTED_EDGE('',*,*,#3344,.T.);
#4529=ORIENTED_EDGE('',*,*,#3412,.T.);
#4530=ORIENTED_EDGE('',*,*,#3410,.T.);
#4531=ORIENTED_EDGE('',*,*,#3413,.T.);
#4532=ORIENTED_EDGE('',*,*,#3414,.T.);
#4533=ORIENTED_EDGE('',*,*,#3404,.T.);
#4534=ORIENTED_EDGE('',*,*,#3385,.T.);
#4535=ORIENTED_EDGE('',*,*,#3415,.T.);
#4536=ORIENTED_EDGE('',*,*,#3400,.T.);
#4537=ORIENTED_EDGE('',*,*,#3416,.T.);
#4538=ORIENTED_EDGE('',*,*,#3417,.T.);
#4539=ORIENTED_EDGE('',*,*,#3415,.F.);
#4540=ORIENTED_EDGE('',*,*,#3418,.F.);
#4541=ORIENTED_EDGE('',*,*,#3419,.F.);
#4542=ORIENTED_EDGE('',*,*,#3420,.F.);
#4543=ORIENTED_EDGE('',*,*,#3326,.T.);
#4544=ORIENTED_EDGE('',*,*,#3421,.T.);
#4545=ORIENTED_EDGE('',*,*,#3419,.T.);
#4546=ORIENTED_EDGE('',*,*,#3422,.T.);
#4547=ORIENTED_EDGE('',*,*,#3399,.T.);
#4548=ORIENTED_EDGE('',*,*,#3420,.T.);
#4549=ORIENTED_EDGE('',*,*,#3423,.T.);
#4550=ORIENTED_EDGE('',*,*,#3416,.F.);
#4551=ORIENTED_EDGE('',*,*,#3424,.F.);
#4552=ORIENTED_EDGE('',*,*,#3425,.F.);
#4553=ORIENTED_EDGE('',*,*,#3426,.F.);
#4554=ORIENTED_EDGE('',*,*,#3340,.T.);
#4555=ORIENTED_EDGE('',*,*,#3427,.T.);
#4556=ORIENTED_EDGE('',*,*,#3425,.T.);
#4557=ORIENTED_EDGE('',*,*,#3428,.T.);
#4558=ORIENTED_EDGE('',*,*,#3429,.F.);
#4559=ORIENTED_EDGE('',*,*,#3430,.F.);
#4560=ORIENTED_EDGE('',*,*,#3431,.F.);
#4561=ORIENTED_EDGE('',*,*,#3328,.T.);
#4562=ORIENTED_EDGE('',*,*,#3432,.T.);
#4563=ORIENTED_EDGE('',*,*,#3430,.T.);
#4564=ORIENTED_EDGE('',*,*,#3433,.T.);
#4565=ORIENTED_EDGE('',*,*,#3418,.T.);
#4566=ORIENTED_EDGE('',*,*,#3398,.T.);
#4567=ORIENTED_EDGE('',*,*,#3431,.T.);
#4568=ORIENTED_EDGE('',*,*,#3434,.T.);
#4569=ORIENTED_EDGE('',*,*,#3435,.F.);
#4570=ORIENTED_EDGE('',*,*,#3436,.F.);
#4571=ORIENTED_EDGE('',*,*,#3437,.F.);
#4572=ORIENTED_EDGE('',*,*,#3338,.T.);
#4573=ORIENTED_EDGE('',*,*,#3438,.T.);
#4574=ORIENTED_EDGE('',*,*,#3436,.T.);
#4575=ORIENTED_EDGE('',*,*,#3439,.T.);
#4576=ORIENTED_EDGE('',*,*,#3440,.T.);
#4577=ORIENTED_EDGE('',*,*,#3429,.T.);
#4578=ORIENTED_EDGE('',*,*,#3397,.T.);
#4579=ORIENTED_EDGE('',*,*,#3441,.T.);
#4580=ORIENTED_EDGE('',*,*,#3396,.T.);
#4581=ORIENTED_EDGE('',*,*,#3442,.T.);
#4582=ORIENTED_EDGE('',*,*,#3443,.T.);
#4583=ORIENTED_EDGE('',*,*,#3441,.F.);
#4584=ORIENTED_EDGE('',*,*,#3444,.F.);
#4585=ORIENTED_EDGE('',*,*,#3445,.F.);
#4586=ORIENTED_EDGE('',*,*,#3446,.F.);
#4587=ORIENTED_EDGE('',*,*,#3332,.T.);
#4588=ORIENTED_EDGE('',*,*,#3447,.T.);
#4589=ORIENTED_EDGE('',*,*,#3445,.T.);
#4590=ORIENTED_EDGE('',*,*,#3448,.T.);
#4591=ORIENTED_EDGE('',*,*,#3395,.T.);
#4592=ORIENTED_EDGE('',*,*,#3446,.T.);
#4593=ORIENTED_EDGE('',*,*,#3449,.T.);
#4594=ORIENTED_EDGE('',*,*,#3442,.F.);
#4595=ORIENTED_EDGE('',*,*,#3450,.F.);
#4596=ORIENTED_EDGE('',*,*,#3451,.F.);
#4597=ORIENTED_EDGE('',*,*,#3452,.F.);
#4598=ORIENTED_EDGE('',*,*,#3334,.T.);
#4599=ORIENTED_EDGE('',*,*,#3453,.T.);
#4600=ORIENTED_EDGE('',*,*,#3451,.T.);
#4601=ORIENTED_EDGE('',*,*,#3454,.T.);
#4602=ORIENTED_EDGE('',*,*,#3444,.T.);
#4603=ORIENTED_EDGE('',*,*,#3394,.T.);
#4604=ORIENTED_EDGE('',*,*,#3452,.T.);
#4605=ORIENTED_EDGE('',*,*,#3455,.T.);
#4606=ORIENTED_EDGE('',*,*,#3456,.T.);
#4607=ORIENTED_EDGE('',*,*,#3450,.T.);
#4608=ORIENTED_EDGE('',*,*,#3393,.T.);
#4609=ORIENTED_EDGE('',*,*,#3457,.T.);
#4610=ORIENTED_EDGE('',*,*,#3458,.T.);
#4611=ORIENTED_EDGE('',*,*,#3457,.F.);
#4612=ORIENTED_EDGE('',*,*,#3392,.T.);
#4613=ORIENTED_EDGE('',*,*,#3459,.T.);
#4614=ORIENTED_EDGE('',*,*,#3391,.T.);
#4615=ORIENTED_EDGE('',*,*,#3437,.T.);
#4616=ORIENTED_EDGE('',*,*,#3460,.T.);
#4617=ORIENTED_EDGE('',*,*,#3459,.F.);
#4618=ORIENTED_EDGE('',*,*,#3435,.T.);
#4619=ORIENTED_EDGE('',*,*,#3390,.T.);
#4620=ORIENTED_EDGE('',*,*,#3426,.T.);
#4621=ORIENTED_EDGE('',*,*,#3461,.T.);
#4622=ORIENTED_EDGE('',*,*,#3462,.T.);
#4623=ORIENTED_EDGE('',*,*,#3424,.T.);
#4624=ORIENTED_EDGE('',*,*,#3389,.T.);
#4625=ORIENTED_EDGE('',*,*,#3463,.T.);
#4626=ORIENTED_EDGE('',*,*,#3464,.T.);
#4627=ORIENTED_EDGE('',*,*,#3463,.F.);
#4628=ORIENTED_EDGE('',*,*,#3388,.T.);
#4629=ORIENTED_EDGE('',*,*,#3465,.T.);
#4630=ORIENTED_EDGE('',*,*,#3387,.T.);
#4631=ORIENTED_EDGE('',*,*,#3411,.T.);
#4632=ORIENTED_EDGE('',*,*,#3466,.T.);
#4633=ORIENTED_EDGE('',*,*,#3465,.F.);
#4634=ORIENTED_EDGE('',*,*,#3409,.T.);
#4635=ORIENTED_EDGE('',*,*,#3386,.T.);
#4636=ORIENTED_EDGE('',*,*,#3406,.T.);
#4637=ORIENTED_EDGE('',*,*,#3467,.T.);
#4638=ORIENTED_EDGE('',*,*,#3408,.F.);
#4639=ORIENTED_EDGE('',*,*,#3414,.F.);
#4640=ORIENTED_EDGE('',*,*,#3468,.F.);
#4641=ORIENTED_EDGE('',*,*,#3323,.T.);
#4642=ORIENTED_EDGE('',*,*,#3417,.F.);
#4643=ORIENTED_EDGE('',*,*,#3469,.F.);
#4644=ORIENTED_EDGE('',*,*,#3324,.T.);
#4645=ORIENTED_EDGE('',*,*,#3468,.T.);
#4646=ORIENTED_EDGE('',*,*,#3423,.F.);
#4647=ORIENTED_EDGE('',*,*,#3421,.F.);
#4648=ORIENTED_EDGE('',*,*,#3325,.T.);
#4649=ORIENTED_EDGE('',*,*,#3469,.T.);
#4650=ORIENTED_EDGE('',*,*,#3422,.F.);
#4651=ORIENTED_EDGE('',*,*,#3434,.F.);
#4652=ORIENTED_EDGE('',*,*,#3432,.F.);
#4653=ORIENTED_EDGE('',*,*,#3327,.T.);
#4654=ORIENTED_EDGE('',*,*,#3433,.F.);
#4655=ORIENTED_EDGE('',*,*,#3440,.F.);
#4656=ORIENTED_EDGE('',*,*,#3470,.F.);
#4657=ORIENTED_EDGE('',*,*,#3329,.T.);
#4658=ORIENTED_EDGE('',*,*,#3443,.F.);
#4659=ORIENTED_EDGE('',*,*,#3471,.F.);
#4660=ORIENTED_EDGE('',*,*,#3330,.T.);
#4661=ORIENTED_EDGE('',*,*,#3470,.T.);
#4662=ORIENTED_EDGE('',*,*,#3449,.F.);
#4663=ORIENTED_EDGE('',*,*,#3447,.F.);
#4664=ORIENTED_EDGE('',*,*,#3331,.T.);
#4665=ORIENTED_EDGE('',*,*,#3471,.T.);
#4666=ORIENTED_EDGE('',*,*,#3448,.F.);
#4667=ORIENTED_EDGE('',*,*,#3455,.F.);
#4668=ORIENTED_EDGE('',*,*,#3453,.F.);
#4669=ORIENTED_EDGE('',*,*,#3333,.T.);
#4670=ORIENTED_EDGE('',*,*,#3472,.T.);
#4671=ORIENTED_EDGE('',*,*,#3473,.T.);
#4672=ORIENTED_EDGE('',*,*,#3474,.T.);
#4673=ORIENTED_EDGE('',*,*,#3473,.F.);
#4674=ORIENTED_EDGE('',*,*,#3474,.F.);
#4675=ORIENTED_EDGE('',*,*,#3475,.T.);
#4676=ORIENTED_EDGE('',*,*,#3476,.F.);
#4677=ORIENTED_EDGE('',*,*,#3475,.F.);
#4678=ORIENTED_EDGE('',*,*,#3477,.F.);
#4679=ORIENTED_EDGE('',*,*,#3478,.F.);
#4680=ORIENTED_EDGE('',*,*,#3479,.F.);
#4681=ORIENTED_EDGE('',*,*,#3480,.F.);
#4682=ORIENTED_EDGE('',*,*,#3472,.F.);
#4683=ORIENTED_EDGE('',*,*,#3481,.T.);
#4684=ORIENTED_EDGE('',*,*,#3482,.T.);
#4685=ORIENTED_EDGE('',*,*,#3483,.T.);
#4686=ORIENTED_EDGE('',*,*,#3479,.T.);
#4687=ORIENTED_EDGE('',*,*,#3484,.T.);
#4688=ORIENTED_EDGE('',*,*,#3480,.T.);
#4689=ORIENTED_EDGE('',*,*,#3483,.F.);
#4690=ORIENTED_EDGE('',*,*,#3485,.T.);
#4691=ORIENTED_EDGE('',*,*,#3486,.T.);
#4692=ORIENTED_EDGE('',*,*,#3477,.T.);
#4693=ORIENTED_EDGE('',*,*,#3484,.F.);
#4694=ORIENTED_EDGE('',*,*,#3487,.T.);
#4695=ORIENTED_EDGE('',*,*,#3488,.T.);
#4696=ORIENTED_EDGE('',*,*,#3487,.F.);
#4697=ORIENTED_EDGE('',*,*,#3489,.F.);
#4698=ORIENTED_EDGE('',*,*,#3490,.F.);
#4699=ORIENTED_EDGE('',*,*,#3491,.T.);
#4700=ORIENTED_EDGE('',*,*,#3485,.F.);
#4701=ORIENTED_EDGE('',*,*,#3492,.F.);
#4702=ORIENTED_EDGE('',*,*,#3493,.F.);
#4703=ORIENTED_EDGE('',*,*,#3494,.F.);
#4704=ORIENTED_EDGE('',*,*,#3489,.T.);
#4705=ORIENTED_EDGE('',*,*,#3482,.F.);
#4706=ORIENTED_EDGE('',*,*,#3495,.F.);
#4707=ORIENTED_EDGE('',*,*,#3496,.F.);
#4708=ORIENTED_EDGE('',*,*,#3492,.T.);
#4709=ORIENTED_EDGE('',*,*,#3497,.T.);
#4710=ORIENTED_EDGE('',*,*,#3498,.T.);
#4711=ORIENTED_EDGE('',*,*,#3499,.T.);
#4712=ORIENTED_EDGE('',*,*,#3498,.F.);
#4713=ORIENTED_EDGE('',*,*,#3500,.F.);
#4714=ORIENTED_EDGE('',*,*,#3501,.F.);
#4715=ORIENTED_EDGE('',*,*,#3502,.F.);
#4716=ORIENTED_EDGE('',*,*,#3503,.F.);
#4717=ORIENTED_EDGE('',*,*,#3504,.F.);
#4718=ORIENTED_EDGE('',*,*,#3505,.F.);
#4719=ORIENTED_EDGE('',*,*,#3506,.F.);
#4720=ORIENTED_EDGE('',*,*,#3507,.F.);
#4721=ORIENTED_EDGE('',*,*,#3508,.F.);
#4722=ORIENTED_EDGE('',*,*,#3497,.F.);
#4723=ORIENTED_EDGE('',*,*,#3499,.F.);
#4724=ORIENTED_EDGE('',*,*,#3509,.T.);
#4725=ORIENTED_EDGE('',*,*,#3510,.F.);
#4726=ORIENTED_EDGE('',*,*,#3509,.F.);
#4727=ORIENTED_EDGE('',*,*,#3511,.T.);
#4728=ORIENTED_EDGE('',*,*,#3512,.T.);
#4729=ORIENTED_EDGE('',*,*,#3513,.T.);
#4730=ORIENTED_EDGE('',*,*,#3502,.T.);
#4731=ORIENTED_EDGE('',*,*,#3514,.T.);
#4732=ORIENTED_EDGE('',*,*,#3503,.T.);
#4733=ORIENTED_EDGE('',*,*,#3513,.F.);
#4734=ORIENTED_EDGE('',*,*,#3515,.T.);
#4735=ORIENTED_EDGE('',*,*,#3516,.T.);
#4736=ORIENTED_EDGE('',*,*,#3504,.T.);
#4737=ORIENTED_EDGE('',*,*,#3514,.F.);
#4738=ORIENTED_EDGE('',*,*,#3517,.T.);
#4739=ORIENTED_EDGE('',*,*,#3516,.F.);
#4740=ORIENTED_EDGE('',*,*,#3518,.T.);
#4741=ORIENTED_EDGE('',*,*,#3519,.T.);
#4742=ORIENTED_EDGE('',*,*,#3505,.T.);
#4743=ORIENTED_EDGE('',*,*,#3520,.T.);
#4744=ORIENTED_EDGE('',*,*,#3506,.T.);
#4745=ORIENTED_EDGE('',*,*,#3519,.F.);
#4746=ORIENTED_EDGE('',*,*,#3521,.T.);
#4747=ORIENTED_EDGE('',*,*,#3522,.T.);
#4748=ORIENTED_EDGE('',*,*,#3507,.T.);
#4749=ORIENTED_EDGE('',*,*,#3520,.F.);
#4750=ORIENTED_EDGE('',*,*,#3523,.T.);
#4751=ORIENTED_EDGE('',*,*,#3524,.T.);
#4752=ORIENTED_EDGE('',*,*,#3500,.T.);
#4753=ORIENTED_EDGE('',*,*,#3522,.F.);
#4754=ORIENTED_EDGE('',*,*,#3525,.T.);
#4755=ORIENTED_EDGE('',*,*,#3525,.F.);
#4756=ORIENTED_EDGE('',*,*,#3526,.F.);
#4757=ORIENTED_EDGE('',*,*,#3527,.F.);
#4758=ORIENTED_EDGE('',*,*,#3528,.F.);
#4759=ORIENTED_EDGE('',*,*,#3523,.F.);
#4760=ORIENTED_EDGE('',*,*,#3529,.F.);
#4761=ORIENTED_EDGE('',*,*,#3530,.F.);
#4762=ORIENTED_EDGE('',*,*,#3531,.F.);
#4763=ORIENTED_EDGE('',*,*,#3526,.T.);
#4764=ORIENTED_EDGE('',*,*,#3521,.F.);
#4765=ORIENTED_EDGE('',*,*,#3532,.F.);
#4766=ORIENTED_EDGE('',*,*,#3533,.F.);
#4767=ORIENTED_EDGE('',*,*,#3529,.T.);
#4768=ORIENTED_EDGE('',*,*,#3518,.F.);
#4769=ORIENTED_EDGE('',*,*,#3534,.T.);
#4770=ORIENTED_EDGE('',*,*,#3535,.F.);
#4771=ORIENTED_EDGE('',*,*,#3532,.T.);
#4772=ORIENTED_EDGE('',*,*,#3517,.F.);
#4773=ORIENTED_EDGE('',*,*,#3536,.F.);
#4774=ORIENTED_EDGE('',*,*,#3537,.F.);
#4775=ORIENTED_EDGE('',*,*,#3534,.F.);
#4776=ORIENTED_EDGE('',*,*,#3515,.F.);
#4777=ORIENTED_EDGE('',*,*,#3538,.F.);
#4778=ORIENTED_EDGE('',*,*,#3539,.F.);
#4779=ORIENTED_EDGE('',*,*,#3540,.F.);
#4780=ORIENTED_EDGE('',*,*,#3536,.T.);
#4781=ORIENTED_EDGE('',*,*,#3512,.F.);
#4782=ORIENTED_EDGE('',*,*,#3541,.F.);
#4783=ORIENTED_EDGE('',*,*,#3542,.F.);
#4784=ORIENTED_EDGE('',*,*,#3538,.T.);
#4785=ORIENTED_EDGE('',*,*,#3508,.T.);
#4786=ORIENTED_EDGE('',*,*,#3543,.T.);
#4787=ORIENTED_EDGE('',*,*,#3544,.T.);
#4788=ORIENTED_EDGE('',*,*,#3543,.F.);
#4789=ORIENTED_EDGE('',*,*,#3544,.F.);
#4790=ORIENTED_EDGE('',*,*,#3545,.T.);
#4791=ORIENTED_EDGE('',*,*,#3546,.F.);
#4792=ORIENTED_EDGE('',*,*,#3545,.F.);
#4793=ORIENTED_EDGE('',*,*,#3547,.T.);
#4794=ORIENTED_EDGE('',*,*,#3548,.T.);
#4795=ORIENTED_EDGE('',*,*,#3549,.T.);
#4796=ORIENTED_EDGE('',*,*,#3550,.T.);
#4797=ORIENTED_EDGE('',*,*,#3551,.T.);
#4798=ORIENTED_EDGE('',*,*,#3552,.T.);
#4799=ORIENTED_EDGE('',*,*,#3549,.F.);
#4800=ORIENTED_EDGE('',*,*,#3553,.T.);
#4801=ORIENTED_EDGE('',*,*,#3554,.T.);
#4802=ORIENTED_EDGE('',*,*,#3555,.T.);
#4803=ORIENTED_EDGE('',*,*,#3551,.F.);
#4804=ORIENTED_EDGE('',*,*,#3556,.T.);
#4805=ORIENTED_EDGE('',*,*,#3556,.F.);
#4806=ORIENTED_EDGE('',*,*,#3557,.F.);
#4807=ORIENTED_EDGE('',*,*,#3558,.F.);
#4808=ORIENTED_EDGE('',*,*,#3559,.F.);
#4809=ORIENTED_EDGE('',*,*,#3553,.F.);
#4810=ORIENTED_EDGE('',*,*,#3560,.F.);
#4811=ORIENTED_EDGE('',*,*,#3561,.F.);
#4812=ORIENTED_EDGE('',*,*,#3557,.T.);
#4813=ORIENTED_EDGE('',*,*,#3548,.F.);
#4814=ORIENTED_EDGE('',*,*,#3562,.F.);
#4815=ORIENTED_EDGE('',*,*,#3563,.F.);
#4816=ORIENTED_EDGE('',*,*,#3560,.T.);
#4817=ORIENTED_EDGE('',*,*,#3564,.T.);
#4818=ORIENTED_EDGE('',*,*,#3565,.T.);
#4819=ORIENTED_EDGE('',*,*,#3566,.T.);
#4820=ORIENTED_EDGE('',*,*,#3565,.F.);
#4821=ORIENTED_EDGE('',*,*,#3566,.F.);
#4822=ORIENTED_EDGE('',*,*,#3567,.T.);
#4823=ORIENTED_EDGE('',*,*,#3568,.F.);
#4824=ORIENTED_EDGE('',*,*,#3567,.F.);
#4825=ORIENTED_EDGE('',*,*,#3569,.F.);
#4826=ORIENTED_EDGE('',*,*,#3570,.F.);
#4827=ORIENTED_EDGE('',*,*,#3571,.F.);
#4828=ORIENTED_EDGE('',*,*,#3572,.F.);
#4829=ORIENTED_EDGE('',*,*,#3564,.F.);
#4830=ORIENTED_EDGE('',*,*,#3573,.F.);
#4831=ORIENTED_EDGE('',*,*,#3574,.T.);
#4832=ORIENTED_EDGE('',*,*,#3575,.T.);
#4833=ORIENTED_EDGE('',*,*,#3571,.T.);
#4834=ORIENTED_EDGE('',*,*,#3576,.F.);
#4835=ORIENTED_EDGE('',*,*,#3577,.T.);
#4836=ORIENTED_EDGE('',*,*,#3572,.T.);
#4837=ORIENTED_EDGE('',*,*,#3575,.F.);
#4838=ORIENTED_EDGE('',*,*,#3578,.T.);
#4839=ORIENTED_EDGE('',*,*,#3579,.T.);
#4840=ORIENTED_EDGE('',*,*,#3569,.T.);
#4841=ORIENTED_EDGE('',*,*,#3577,.F.);
#4842=ORIENTED_EDGE('',*,*,#3580,.T.);
#4843=ORIENTED_EDGE('',*,*,#3580,.F.);
#4844=ORIENTED_EDGE('',*,*,#3581,.F.);
#4845=ORIENTED_EDGE('',*,*,#3582,.F.);
#4846=ORIENTED_EDGE('',*,*,#3583,.F.);
#4847=ORIENTED_EDGE('',*,*,#3578,.F.);
#4848=ORIENTED_EDGE('',*,*,#3584,.F.);
#4849=ORIENTED_EDGE('',*,*,#3585,.F.);
#4850=ORIENTED_EDGE('',*,*,#3586,.F.);
#4851=ORIENTED_EDGE('',*,*,#3581,.T.);
#4852=ORIENTED_EDGE('',*,*,#3574,.F.);
#4853=ORIENTED_EDGE('',*,*,#3587,.F.);
#4854=ORIENTED_EDGE('',*,*,#3588,.F.);
#4855=ORIENTED_EDGE('',*,*,#3584,.T.);
#4856=ORIENTED_EDGE('',*,*,#3589,.T.);
#4857=ORIENTED_EDGE('',*,*,#3590,.T.);
#4858=ORIENTED_EDGE('',*,*,#3591,.T.);
#4859=ORIENTED_EDGE('',*,*,#3590,.F.);
#4860=ORIENTED_EDGE('',*,*,#3591,.F.);
#4861=ORIENTED_EDGE('',*,*,#3592,.T.);
#4862=ORIENTED_EDGE('',*,*,#3593,.F.);
#4863=ORIENTED_EDGE('',*,*,#3592,.F.);
#4864=ORIENTED_EDGE('',*,*,#3594,.F.);
#4865=ORIENTED_EDGE('',*,*,#3595,.F.);
#4866=ORIENTED_EDGE('',*,*,#3596,.F.);
#4867=ORIENTED_EDGE('',*,*,#3597,.F.);
#4868=ORIENTED_EDGE('',*,*,#3589,.F.);
#4869=ORIENTED_EDGE('',*,*,#3598,.T.);
#4870=ORIENTED_EDGE('',*,*,#3599,.T.);
#4871=ORIENTED_EDGE('',*,*,#3600,.T.);
#4872=ORIENTED_EDGE('',*,*,#3596,.T.);
#4873=ORIENTED_EDGE('',*,*,#3601,.T.);
#4874=ORIENTED_EDGE('',*,*,#3597,.T.);
#4875=ORIENTED_EDGE('',*,*,#3600,.F.);
#4876=ORIENTED_EDGE('',*,*,#3602,.T.);
#4877=ORIENTED_EDGE('',*,*,#3603,.T.);
#4878=ORIENTED_EDGE('',*,*,#3594,.T.);
#4879=ORIENTED_EDGE('',*,*,#3601,.F.);
#4880=ORIENTED_EDGE('',*,*,#3604,.T.);
#4881=ORIENTED_EDGE('',*,*,#3605,.T.);
#4882=ORIENTED_EDGE('',*,*,#3604,.F.);
#4883=ORIENTED_EDGE('',*,*,#3606,.F.);
#4884=ORIENTED_EDGE('',*,*,#3607,.F.);
#4885=ORIENTED_EDGE('',*,*,#3608,.T.);
#4886=ORIENTED_EDGE('',*,*,#3602,.F.);
#4887=ORIENTED_EDGE('',*,*,#3609,.F.);
#4888=ORIENTED_EDGE('',*,*,#3610,.F.);
#4889=ORIENTED_EDGE('',*,*,#3611,.F.);
#4890=ORIENTED_EDGE('',*,*,#3606,.T.);
#4891=ORIENTED_EDGE('',*,*,#3599,.F.);
#4892=ORIENTED_EDGE('',*,*,#3612,.F.);
#4893=ORIENTED_EDGE('',*,*,#3613,.F.);
#4894=ORIENTED_EDGE('',*,*,#3609,.T.);
#4895=ORIENTED_EDGE('',*,*,#3614,.T.);
#4896=ORIENTED_EDGE('',*,*,#3615,.T.);
#4897=ORIENTED_EDGE('',*,*,#3616,.T.);
#4898=ORIENTED_EDGE('',*,*,#3617,.T.);
#4899=ORIENTED_EDGE('',*,*,#3618,.T.);
#4900=ORIENTED_EDGE('',*,*,#3619,.T.);
#4901=ORIENTED_EDGE('',*,*,#3616,.F.);
#4902=ORIENTED_EDGE('',*,*,#3620,.T.);
#4903=ORIENTED_EDGE('',*,*,#3621,.T.);
#4904=ORIENTED_EDGE('',*,*,#3622,.T.);
#4905=ORIENTED_EDGE('',*,*,#3618,.F.);
#4906=ORIENTED_EDGE('',*,*,#3623,.T.);
#4907=ORIENTED_EDGE('',*,*,#3623,.F.);
#4908=ORIENTED_EDGE('',*,*,#3624,.F.);
#4909=ORIENTED_EDGE('',*,*,#3625,.F.);
#4910=ORIENTED_EDGE('',*,*,#3626,.F.);
#4911=ORIENTED_EDGE('',*,*,#3620,.F.);
#4912=ORIENTED_EDGE('',*,*,#3627,.F.);
#4913=ORIENTED_EDGE('',*,*,#3628,.F.);
#4914=ORIENTED_EDGE('',*,*,#3624,.T.);
#4915=ORIENTED_EDGE('',*,*,#3615,.F.);
#4916=ORIENTED_EDGE('',*,*,#3629,.F.);
#4917=ORIENTED_EDGE('',*,*,#3630,.F.);
#4918=ORIENTED_EDGE('',*,*,#3627,.T.);
#4919=ORIENTED_EDGE('',*,*,#3631,.T.);
#4920=ORIENTED_EDGE('',*,*,#3632,.T.);
#4921=ORIENTED_EDGE('',*,*,#3633,.T.);
#4922=ORIENTED_EDGE('',*,*,#3632,.F.);
#4923=ORIENTED_EDGE('',*,*,#3633,.F.);
#4924=ORIENTED_EDGE('',*,*,#3634,.T.);
#4925=ORIENTED_EDGE('',*,*,#3635,.F.);
#4926=ORIENTED_EDGE('',*,*,#3634,.F.);
#4927=ORIENTED_EDGE('',*,*,#3636,.F.);
#4928=ORIENTED_EDGE('',*,*,#3637,.F.);
#4929=ORIENTED_EDGE('',*,*,#3638,.F.);
#4930=ORIENTED_EDGE('',*,*,#3639,.F.);
#4931=ORIENTED_EDGE('',*,*,#3631,.F.);
#4932=ORIENTED_EDGE('',*,*,#3640,.F.);
#4933=ORIENTED_EDGE('',*,*,#3641,.T.);
#4934=ORIENTED_EDGE('',*,*,#3642,.T.);
#4935=ORIENTED_EDGE('',*,*,#3638,.T.);
#4936=ORIENTED_EDGE('',*,*,#3643,.F.);
#4937=ORIENTED_EDGE('',*,*,#3644,.T.);
#4938=ORIENTED_EDGE('',*,*,#3639,.T.);
#4939=ORIENTED_EDGE('',*,*,#3642,.F.);
#4940=ORIENTED_EDGE('',*,*,#3645,.T.);
#4941=ORIENTED_EDGE('',*,*,#3646,.T.);
#4942=ORIENTED_EDGE('',*,*,#3636,.T.);
#4943=ORIENTED_EDGE('',*,*,#3644,.F.);
#4944=ORIENTED_EDGE('',*,*,#3647,.T.);
#4945=ORIENTED_EDGE('',*,*,#3647,.F.);
#4946=ORIENTED_EDGE('',*,*,#3648,.F.);
#4947=ORIENTED_EDGE('',*,*,#3649,.F.);
#4948=ORIENTED_EDGE('',*,*,#3650,.F.);
#4949=ORIENTED_EDGE('',*,*,#3645,.F.);
#4950=ORIENTED_EDGE('',*,*,#3651,.F.);
#4951=ORIENTED_EDGE('',*,*,#3652,.F.);
#4952=ORIENTED_EDGE('',*,*,#3653,.F.);
#4953=ORIENTED_EDGE('',*,*,#3648,.T.);
#4954=ORIENTED_EDGE('',*,*,#3641,.F.);
#4955=ORIENTED_EDGE('',*,*,#3654,.F.);
#4956=ORIENTED_EDGE('',*,*,#3655,.F.);
#4957=ORIENTED_EDGE('',*,*,#3651,.T.);
#4958=ORIENTED_EDGE('',*,*,#3656,.T.);
#4959=ORIENTED_EDGE('',*,*,#3657,.T.);
#4960=ORIENTED_EDGE('',*,*,#3658,.T.);
#4961=ORIENTED_EDGE('',*,*,#3659,.T.);
#4962=ORIENTED_EDGE('',*,*,#3660,.T.);
#4963=ORIENTED_EDGE('',*,*,#3661,.T.);
#4964=ORIENTED_EDGE('',*,*,#3658,.F.);
#4965=ORIENTED_EDGE('',*,*,#3662,.T.);
#4966=ORIENTED_EDGE('',*,*,#3663,.T.);
#4967=ORIENTED_EDGE('',*,*,#3664,.T.);
#4968=ORIENTED_EDGE('',*,*,#3660,.F.);
#4969=ORIENTED_EDGE('',*,*,#3665,.T.);
#4970=ORIENTED_EDGE('',*,*,#3663,.F.);
#4971=ORIENTED_EDGE('',*,*,#3666,.T.);
#4972=ORIENTED_EDGE('',*,*,#3667,.T.);
#4973=ORIENTED_EDGE('',*,*,#3668,.T.);
#4974=ORIENTED_EDGE('',*,*,#3669,.T.);
#4975=ORIENTED_EDGE('',*,*,#3670,.T.);
#4976=ORIENTED_EDGE('',*,*,#3667,.F.);
#4977=ORIENTED_EDGE('',*,*,#3671,.T.);
#4978=ORIENTED_EDGE('',*,*,#3672,.T.);
#4979=ORIENTED_EDGE('',*,*,#3673,.T.);
#4980=ORIENTED_EDGE('',*,*,#3669,.F.);
#4981=ORIENTED_EDGE('',*,*,#3674,.T.);
#4982=ORIENTED_EDGE('',*,*,#3675,.T.);
#4983=ORIENTED_EDGE('',*,*,#3676,.T.);
#4984=ORIENTED_EDGE('',*,*,#3672,.F.);
#4985=ORIENTED_EDGE('',*,*,#3677,.T.);
#4986=ORIENTED_EDGE('',*,*,#3677,.F.);
#4987=ORIENTED_EDGE('',*,*,#3678,.F.);
#4988=ORIENTED_EDGE('',*,*,#3679,.F.);
#4989=ORIENTED_EDGE('',*,*,#3680,.F.);
#4990=ORIENTED_EDGE('',*,*,#3674,.F.);
#4991=ORIENTED_EDGE('',*,*,#3681,.F.);
#4992=ORIENTED_EDGE('',*,*,#3682,.F.);
#4993=ORIENTED_EDGE('',*,*,#3683,.F.);
#4994=ORIENTED_EDGE('',*,*,#3678,.T.);
#4995=ORIENTED_EDGE('',*,*,#3671,.F.);
#4996=ORIENTED_EDGE('',*,*,#3684,.F.);
#4997=ORIENTED_EDGE('',*,*,#3685,.F.);
#4998=ORIENTED_EDGE('',*,*,#3681,.T.);
#4999=ORIENTED_EDGE('',*,*,#3666,.F.);
#5000=ORIENTED_EDGE('',*,*,#3686,.T.);
#5001=ORIENTED_EDGE('',*,*,#3687,.F.);
#5002=ORIENTED_EDGE('',*,*,#3684,.T.);
#5003=ORIENTED_EDGE('',*,*,#3665,.F.);
#5004=ORIENTED_EDGE('',*,*,#3688,.F.);
#5005=ORIENTED_EDGE('',*,*,#3689,.F.);
#5006=ORIENTED_EDGE('',*,*,#3686,.F.);
#5007=ORIENTED_EDGE('',*,*,#3662,.F.);
#5008=ORIENTED_EDGE('',*,*,#3690,.F.);
#5009=ORIENTED_EDGE('',*,*,#3691,.F.);
#5010=ORIENTED_EDGE('',*,*,#3692,.F.);
#5011=ORIENTED_EDGE('',*,*,#3688,.T.);
#5012=ORIENTED_EDGE('',*,*,#3657,.F.);
#5013=ORIENTED_EDGE('',*,*,#3693,.F.);
#5014=ORIENTED_EDGE('',*,*,#3694,.F.);
#5015=ORIENTED_EDGE('',*,*,#3690,.T.);
#5016=ORIENTED_EDGE('',*,*,#3695,.T.);
#5017=ORIENTED_EDGE('',*,*,#3696,.T.);
#5018=ORIENTED_EDGE('',*,*,#3697,.T.);
#5019=ORIENTED_EDGE('',*,*,#3696,.F.);
#5020=ORIENTED_EDGE('',*,*,#3676,.F.);
#5021=ORIENTED_EDGE('',*,*,#3698,.F.);
#5022=ORIENTED_EDGE('',*,*,#3659,.F.);
#5023=ORIENTED_EDGE('',*,*,#3661,.F.);
#5024=ORIENTED_EDGE('',*,*,#3664,.F.);
#5025=ORIENTED_EDGE('',*,*,#3668,.F.);
#5026=ORIENTED_EDGE('',*,*,#3670,.F.);
#5027=ORIENTED_EDGE('',*,*,#3673,.F.);
#5028=ORIENTED_EDGE('',*,*,#3699,.F.);
#5029=ORIENTED_EDGE('',*,*,#3695,.F.);
#5030=ORIENTED_EDGE('',*,*,#3697,.F.);
#5031=ORIENTED_EDGE('',*,*,#3700,.T.);
#5032=ORIENTED_EDGE('',*,*,#3701,.F.);
#5033=ORIENTED_EDGE('',*,*,#3700,.F.);
#5034=ORIENTED_EDGE('',*,*,#3699,.T.);
#5035=ORIENTED_EDGE('',*,*,#3702,.T.);
#5036=ORIENTED_EDGE('',*,*,#3703,.T.);
#5037=ORIENTED_EDGE('',*,*,#3702,.F.);
#5038=ORIENTED_EDGE('',*,*,#3703,.F.);
#5039=ORIENTED_EDGE('',*,*,#3704,.T.);
#5040=ORIENTED_EDGE('',*,*,#3705,.F.);
#5041=ORIENTED_EDGE('',*,*,#3704,.F.);
#5042=ORIENTED_EDGE('',*,*,#3687,.T.);
#5043=ORIENTED_EDGE('',*,*,#3689,.T.);
#5044=ORIENTED_EDGE('',*,*,#3692,.T.);
#5045=ORIENTED_EDGE('',*,*,#3706,.T.);
#5046=ORIENTED_EDGE('',*,*,#3682,.T.);
#5047=ORIENTED_EDGE('',*,*,#3685,.T.);
#5048=ORIENTED_EDGE('',*,*,#3707,.T.);
#5049=ORIENTED_EDGE('',*,*,#3708,.T.);
#5050=ORIENTED_EDGE('',*,*,#3709,.T.);
#5051=ORIENTED_EDGE('',*,*,#3710,.T.);
#5052=ORIENTED_EDGE('',*,*,#3711,.T.);
#5053=ORIENTED_EDGE('',*,*,#3712,.T.);
#5054=ORIENTED_EDGE('',*,*,#3709,.F.);
#5055=ORIENTED_EDGE('',*,*,#3713,.T.);
#5056=ORIENTED_EDGE('',*,*,#3714,.T.);
#5057=ORIENTED_EDGE('',*,*,#3715,.T.);
#5058=ORIENTED_EDGE('',*,*,#3711,.F.);
#5059=ORIENTED_EDGE('',*,*,#3716,.T.);
#5060=ORIENTED_EDGE('',*,*,#3717,.T.);
#5061=ORIENTED_EDGE('',*,*,#3718,.T.);
#5062=ORIENTED_EDGE('',*,*,#3714,.F.);
#5063=ORIENTED_EDGE('',*,*,#3719,.T.);
#5064=ORIENTED_EDGE('',*,*,#3720,.T.);
#5065=ORIENTED_EDGE('',*,*,#3721,.T.);
#5066=ORIENTED_EDGE('',*,*,#3717,.F.);
#5067=ORIENTED_EDGE('',*,*,#3722,.T.);
#5068=ORIENTED_EDGE('',*,*,#3722,.F.);
#5069=ORIENTED_EDGE('',*,*,#3723,.F.);
#5070=ORIENTED_EDGE('',*,*,#3643,.T.);
#5071=ORIENTED_EDGE('',*,*,#3637,.T.);
#5072=ORIENTED_EDGE('',*,*,#3646,.F.);
#5073=ORIENTED_EDGE('',*,*,#3650,.T.);
#5074=ORIENTED_EDGE('',*,*,#3724,.F.);
#5075=ORIENTED_EDGE('',*,*,#3693,.T.);
#5076=ORIENTED_EDGE('',*,*,#3656,.F.);
#5077=ORIENTED_EDGE('',*,*,#3698,.T.);
#5078=ORIENTED_EDGE('',*,*,#3675,.F.);
#5079=ORIENTED_EDGE('',*,*,#3680,.T.);
#5080=ORIENTED_EDGE('',*,*,#3725,.F.);
#5081=ORIENTED_EDGE('',*,*,#3629,.T.);
#5082=ORIENTED_EDGE('',*,*,#3614,.F.);
#5083=ORIENTED_EDGE('',*,*,#3726,.T.);
#5084=ORIENTED_EDGE('',*,*,#3727,.T.);
#5085=ORIENTED_EDGE('',*,*,#3719,.F.);
#5086=ORIENTED_EDGE('',*,*,#3728,.F.);
#5087=ORIENTED_EDGE('',*,*,#3729,.F.);
#5088=ORIENTED_EDGE('',*,*,#3654,.T.);
#5089=ORIENTED_EDGE('',*,*,#3640,.T.);
#5090=ORIENTED_EDGE('',*,*,#3723,.T.);
#5091=ORIENTED_EDGE('',*,*,#3716,.F.);
#5092=ORIENTED_EDGE('',*,*,#3730,.F.);
#5093=ORIENTED_EDGE('',*,*,#3731,.F.);
#5094=ORIENTED_EDGE('',*,*,#3728,.T.);
#5095=ORIENTED_EDGE('',*,*,#3713,.F.);
#5096=ORIENTED_EDGE('',*,*,#3732,.F.);
#5097=ORIENTED_EDGE('',*,*,#3488,.F.);
#5098=ORIENTED_EDGE('',*,*,#3491,.F.);
#5099=ORIENTED_EDGE('',*,*,#3733,.F.);
#5100=ORIENTED_EDGE('',*,*,#3730,.T.);
#5101=ORIENTED_EDGE('',*,*,#3708,.F.);
#5102=ORIENTED_EDGE('',*,*,#3734,.T.);
#5103=ORIENTED_EDGE('',*,*,#3735,.T.);
#5104=ORIENTED_EDGE('',*,*,#3554,.F.);
#5105=ORIENTED_EDGE('',*,*,#3559,.T.);
#5106=ORIENTED_EDGE('',*,*,#3736,.F.);
#5107=ORIENTED_EDGE('',*,*,#3541,.T.);
#5108=ORIENTED_EDGE('',*,*,#3511,.F.);
#5109=ORIENTED_EDGE('',*,*,#3501,.T.);
#5110=ORIENTED_EDGE('',*,*,#3524,.F.);
#5111=ORIENTED_EDGE('',*,*,#3528,.T.);
#5112=ORIENTED_EDGE('',*,*,#3737,.F.);
#5113=ORIENTED_EDGE('',*,*,#3495,.T.);
#5114=ORIENTED_EDGE('',*,*,#3481,.F.);
#5115=ORIENTED_EDGE('',*,*,#3478,.T.);
#5116=ORIENTED_EDGE('',*,*,#3486,.F.);
#5117=ORIENTED_EDGE('',*,*,#3732,.T.);
#5118=ORIENTED_EDGE('',*,*,#3738,.T.);
#5119=ORIENTED_EDGE('',*,*,#3739,.T.);
#5120=ORIENTED_EDGE('',*,*,#3384,.F.);
#5121=ORIENTED_EDGE('',*,*,#3740,.T.);
#5122=ORIENTED_EDGE('',*,*,#3739,.F.);
#5123=ORIENTED_EDGE('',*,*,#3741,.F.);
#5124=ORIENTED_EDGE('',*,*,#3742,.F.);
#5125=ORIENTED_EDGE('',*,*,#3371,.F.);
#5126=ORIENTED_EDGE('',*,*,#3743,.F.);
#5127=ORIENTED_EDGE('',*,*,#3744,.F.);
#5128=ORIENTED_EDGE('',*,*,#3745,.F.);
#5129=ORIENTED_EDGE('',*,*,#3746,.T.);
#5130=ORIENTED_EDGE('',*,*,#3747,.T.);
#5131=ORIENTED_EDGE('',*,*,#3748,.T.);
#5132=ORIENTED_EDGE('',*,*,#3749,.T.);
#5133=ORIENTED_EDGE('',*,*,#3750,.T.);
#5134=ORIENTED_EDGE('',*,*,#3751,.F.);
#5135=ORIENTED_EDGE('',*,*,#3752,.F.);
#5136=ORIENTED_EDGE('',*,*,#3753,.F.);
#5137=ORIENTED_EDGE('',*,*,#3710,.F.);
#5138=ORIENTED_EDGE('',*,*,#3712,.F.);
#5139=ORIENTED_EDGE('',*,*,#3715,.F.);
#5140=ORIENTED_EDGE('',*,*,#3718,.F.);
#5141=ORIENTED_EDGE('',*,*,#3721,.F.);
#5142=ORIENTED_EDGE('',*,*,#3754,.T.);
#5143=ORIENTED_EDGE('',*,*,#3755,.T.);
#5144=ORIENTED_EDGE('',*,*,#3741,.T.);
#5145=ORIENTED_EDGE('',*,*,#3738,.F.);
#5146=ORIENTED_EDGE('',*,*,#3756,.T.);
#5147=ORIENTED_EDGE('',*,*,#3757,.F.);
#5148=ORIENTED_EDGE('',*,*,#3758,.T.);
#5149=ORIENTED_EDGE('',*,*,#3759,.T.);
#5150=ORIENTED_EDGE('',*,*,#3760,.T.);
#5151=ORIENTED_EDGE('',*,*,#3761,.T.);
#5152=ORIENTED_EDGE('',*,*,#3762,.T.);
#5153=ORIENTED_EDGE('',*,*,#3763,.T.);
#5154=ORIENTED_EDGE('',*,*,#3764,.T.);
#5155=ORIENTED_EDGE('',*,*,#3765,.T.);
#5156=ORIENTED_EDGE('',*,*,#3766,.T.);
#5157=ORIENTED_EDGE('',*,*,#3767,.F.);
#5158=ORIENTED_EDGE('',*,*,#3768,.T.);
#5159=ORIENTED_EDGE('',*,*,#3769,.T.);
#5160=ORIENTED_EDGE('',*,*,#3770,.T.);
#5161=ORIENTED_EDGE('',*,*,#3771,.T.);
#5162=ORIENTED_EDGE('',*,*,#3772,.T.);
#5163=ORIENTED_EDGE('',*,*,#3773,.T.);
#5164=ORIENTED_EDGE('',*,*,#3774,.T.);
#5165=ORIENTED_EDGE('',*,*,#3775,.T.);
#5166=ORIENTED_EDGE('',*,*,#3776,.T.);
#5167=ORIENTED_EDGE('',*,*,#3777,.T.);
#5168=ORIENTED_EDGE('',*,*,#3778,.T.);
#5169=ORIENTED_EDGE('',*,*,#3779,.T.);
#5170=ORIENTED_EDGE('',*,*,#3780,.T.);
#5171=ORIENTED_EDGE('',*,*,#3781,.T.);
#5172=ORIENTED_EDGE('',*,*,#3740,.F.);
#5173=ORIENTED_EDGE('',*,*,#3383,.F.);
#5174=ORIENTED_EDGE('',*,*,#3782,.F.);
#5175=ORIENTED_EDGE('',*,*,#3756,.F.);
#5176=ORIENTED_EDGE('',*,*,#3757,.T.);
#5177=ORIENTED_EDGE('',*,*,#3782,.T.);
#5178=ORIENTED_EDGE('',*,*,#3382,.F.);
#5179=ORIENTED_EDGE('',*,*,#3783,.T.);
#5180=ORIENTED_EDGE('',*,*,#3784,.F.);
#5181=ORIENTED_EDGE('',*,*,#3745,.T.);
#5182=ORIENTED_EDGE('',*,*,#3785,.F.);
#5183=ORIENTED_EDGE('',*,*,#3786,.F.);
#5184=ORIENTED_EDGE('',*,*,#3744,.T.);
#5185=ORIENTED_EDGE('',*,*,#3787,.F.);
#5186=ORIENTED_EDGE('',*,*,#3788,.F.);
#5187=ORIENTED_EDGE('',*,*,#3785,.T.);
#5188=ORIENTED_EDGE('',*,*,#3727,.F.);
#5189=ORIENTED_EDGE('',*,*,#3789,.F.);
#5190=ORIENTED_EDGE('',*,*,#3787,.T.);
#5191=ORIENTED_EDGE('',*,*,#3743,.T.);
#5192=ORIENTED_EDGE('',*,*,#3720,.F.);
#5193=ORIENTED_EDGE('',*,*,#3622,.F.);
#5194=ORIENTED_EDGE('',*,*,#3790,.F.);
#5195=ORIENTED_EDGE('',*,*,#3786,.T.);
#5196=ORIENTED_EDGE('',*,*,#3788,.T.);
#5197=ORIENTED_EDGE('',*,*,#3789,.T.);
#5198=ORIENTED_EDGE('',*,*,#3726,.F.);
#5199=ORIENTED_EDGE('',*,*,#3617,.F.);
#5200=ORIENTED_EDGE('',*,*,#3619,.F.);
#5201=ORIENTED_EDGE('',*,*,#3753,.T.);
#5202=ORIENTED_EDGE('',*,*,#3791,.F.);
#5203=ORIENTED_EDGE('',*,*,#3792,.F.);
#5204=ORIENTED_EDGE('',*,*,#3734,.F.);
#5205=ORIENTED_EDGE('',*,*,#3707,.F.);
#5206=ORIENTED_EDGE('',*,*,#3752,.T.);
#5207=ORIENTED_EDGE('',*,*,#3793,.F.);
#5208=ORIENTED_EDGE('',*,*,#3794,.F.);
#5209=ORIENTED_EDGE('',*,*,#3791,.T.);
#5210=ORIENTED_EDGE('',*,*,#3795,.F.);
#5211=ORIENTED_EDGE('',*,*,#3796,.F.);
#5212=ORIENTED_EDGE('',*,*,#3793,.T.);
#5213=ORIENTED_EDGE('',*,*,#3751,.T.);
#5214=ORIENTED_EDGE('',*,*,#3555,.F.);
#5215=ORIENTED_EDGE('',*,*,#3735,.F.);
#5216=ORIENTED_EDGE('',*,*,#3792,.T.);
#5217=ORIENTED_EDGE('',*,*,#3794,.T.);
#5218=ORIENTED_EDGE('',*,*,#3796,.T.);
#5219=ORIENTED_EDGE('',*,*,#3797,.F.);
#5220=ORIENTED_EDGE('',*,*,#3550,.F.);
#5221=ORIENTED_EDGE('',*,*,#3552,.F.);
#5222=ORIENTED_EDGE('',*,*,#3795,.T.);
#5223=ORIENTED_EDGE('',*,*,#3750,.F.);
#5224=ORIENTED_EDGE('',*,*,#3798,.F.);
#5225=ORIENTED_EDGE('',*,*,#3576,.T.);
#5226=ORIENTED_EDGE('',*,*,#3570,.T.);
#5227=ORIENTED_EDGE('',*,*,#3579,.F.);
#5228=ORIENTED_EDGE('',*,*,#3583,.T.);
#5229=ORIENTED_EDGE('',*,*,#3799,.F.);
#5230=ORIENTED_EDGE('',*,*,#3562,.T.);
#5231=ORIENTED_EDGE('',*,*,#3547,.F.);
#5232=ORIENTED_EDGE('',*,*,#3797,.T.);
#5233=ORIENTED_EDGE('',*,*,#3800,.F.);
#5234=ORIENTED_EDGE('',*,*,#3801,.F.);
#5235=ORIENTED_EDGE('',*,*,#3781,.F.);
#5236=ORIENTED_EDGE('',*,*,#3802,.T.);
#5237=ORIENTED_EDGE('',*,*,#3803,.T.);
#5238=ORIENTED_EDGE('',*,*,#3802,.F.);
#5239=ORIENTED_EDGE('',*,*,#3803,.F.);
#5240=ORIENTED_EDGE('',*,*,#3780,.F.);
#5241=ORIENTED_EDGE('',*,*,#3804,.T.);
#5242=ORIENTED_EDGE('',*,*,#3805,.T.);
#5243=ORIENTED_EDGE('',*,*,#3804,.F.);
#5244=ORIENTED_EDGE('',*,*,#3805,.F.);
#5245=ORIENTED_EDGE('',*,*,#3779,.F.);
#5246=ORIENTED_EDGE('',*,*,#3806,.T.);
#5247=ORIENTED_EDGE('',*,*,#3807,.T.);
#5248=ORIENTED_EDGE('',*,*,#3806,.F.);
#5249=ORIENTED_EDGE('',*,*,#3807,.F.);
#5250=ORIENTED_EDGE('',*,*,#3778,.F.);
#5251=ORIENTED_EDGE('',*,*,#3808,.T.);
#5252=ORIENTED_EDGE('',*,*,#3809,.T.);
#5253=ORIENTED_EDGE('',*,*,#3808,.F.);
#5254=ORIENTED_EDGE('',*,*,#3809,.F.);
#5255=ORIENTED_EDGE('',*,*,#3777,.F.);
#5256=ORIENTED_EDGE('',*,*,#3810,.T.);
#5257=ORIENTED_EDGE('',*,*,#3811,.T.);
#5258=ORIENTED_EDGE('',*,*,#3810,.F.);
#5259=ORIENTED_EDGE('',*,*,#3811,.F.);
#5260=ORIENTED_EDGE('',*,*,#3776,.F.);
#5261=ORIENTED_EDGE('',*,*,#3812,.T.);
#5262=ORIENTED_EDGE('',*,*,#3813,.T.);
#5263=ORIENTED_EDGE('',*,*,#3812,.F.);
#5264=ORIENTED_EDGE('',*,*,#3813,.F.);
#5265=ORIENTED_EDGE('',*,*,#3767,.T.);
#5266=ORIENTED_EDGE('',*,*,#3814,.T.);
#5267=ORIENTED_EDGE('',*,*,#3815,.T.);
#5268=ORIENTED_EDGE('',*,*,#3814,.F.);
#5269=ORIENTED_EDGE('',*,*,#3815,.F.);
#5270=ORIENTED_EDGE('',*,*,#3775,.F.);
#5271=ORIENTED_EDGE('',*,*,#3816,.T.);
#5272=ORIENTED_EDGE('',*,*,#3817,.T.);
#5273=ORIENTED_EDGE('',*,*,#3816,.F.);
#5274=ORIENTED_EDGE('',*,*,#3817,.F.);
#5275=ORIENTED_EDGE('',*,*,#3774,.F.);
#5276=ORIENTED_EDGE('',*,*,#3818,.T.);
#5277=ORIENTED_EDGE('',*,*,#3819,.T.);
#5278=ORIENTED_EDGE('',*,*,#3818,.F.);
#5279=ORIENTED_EDGE('',*,*,#3819,.F.);
#5280=ORIENTED_EDGE('',*,*,#3773,.F.);
#5281=ORIENTED_EDGE('',*,*,#3820,.T.);
#5282=ORIENTED_EDGE('',*,*,#3821,.T.);
#5283=ORIENTED_EDGE('',*,*,#3820,.F.);
#5284=ORIENTED_EDGE('',*,*,#3821,.F.);
#5285=ORIENTED_EDGE('',*,*,#3772,.F.);
#5286=ORIENTED_EDGE('',*,*,#3822,.T.);
#5287=ORIENTED_EDGE('',*,*,#3823,.T.);
#5288=ORIENTED_EDGE('',*,*,#3822,.F.);
#5289=ORIENTED_EDGE('',*,*,#3823,.F.);
#5290=ORIENTED_EDGE('',*,*,#3771,.F.);
#5291=ORIENTED_EDGE('',*,*,#3824,.T.);
#5292=ORIENTED_EDGE('',*,*,#3825,.T.);
#5293=ORIENTED_EDGE('',*,*,#3824,.F.);
#5294=ORIENTED_EDGE('',*,*,#3825,.F.);
#5295=ORIENTED_EDGE('',*,*,#3770,.F.);
#5296=ORIENTED_EDGE('',*,*,#3826,.T.);
#5297=ORIENTED_EDGE('',*,*,#3827,.T.);
#5298=ORIENTED_EDGE('',*,*,#3826,.F.);
#5299=ORIENTED_EDGE('',*,*,#3827,.F.);
#5300=ORIENTED_EDGE('',*,*,#3784,.T.);
#5301=ORIENTED_EDGE('',*,*,#3790,.T.);
#5302=ORIENTED_EDGE('',*,*,#3621,.F.);
#5303=ORIENTED_EDGE('',*,*,#3626,.T.);
#5304=ORIENTED_EDGE('',*,*,#3828,.F.);
#5305=ORIENTED_EDGE('',*,*,#3612,.T.);
#5306=ORIENTED_EDGE('',*,*,#3598,.F.);
#5307=ORIENTED_EDGE('',*,*,#3595,.T.);
#5308=ORIENTED_EDGE('',*,*,#3603,.F.);
#5309=ORIENTED_EDGE('',*,*,#3829,.T.);
#5310=ORIENTED_EDGE('',*,*,#3746,.F.);
#5311=ORIENTED_EDGE('',*,*,#3558,.T.);
#5312=ORIENTED_EDGE('',*,*,#3561,.T.);
#5313=ORIENTED_EDGE('',*,*,#3563,.T.);
#5314=ORIENTED_EDGE('',*,*,#3799,.T.);
#5315=ORIENTED_EDGE('',*,*,#3582,.T.);
#5316=ORIENTED_EDGE('',*,*,#3586,.T.);
#5317=ORIENTED_EDGE('',*,*,#3830,.T.);
#5318=ORIENTED_EDGE('',*,*,#3539,.T.);
#5319=ORIENTED_EDGE('',*,*,#3542,.T.);
#5320=ORIENTED_EDGE('',*,*,#3736,.T.);
#5321=ORIENTED_EDGE('',*,*,#3546,.T.);
#5322=ORIENTED_EDGE('',*,*,#3831,.T.);
#5323=ORIENTED_EDGE('',*,*,#3535,.T.);
#5324=ORIENTED_EDGE('',*,*,#3537,.T.);
#5325=ORIENTED_EDGE('',*,*,#3540,.T.);
#5326=ORIENTED_EDGE('',*,*,#3832,.T.);
#5327=ORIENTED_EDGE('',*,*,#3530,.T.);
#5328=ORIENTED_EDGE('',*,*,#3533,.T.);
#5329=ORIENTED_EDGE('',*,*,#3510,.T.);
#5330=ORIENTED_EDGE('',*,*,#3833,.T.);
#5331=ORIENTED_EDGE('',*,*,#3652,.T.);
#5332=ORIENTED_EDGE('',*,*,#3655,.T.);
#5333=ORIENTED_EDGE('',*,*,#3729,.T.);
#5334=ORIENTED_EDGE('',*,*,#3731,.T.);
#5335=ORIENTED_EDGE('',*,*,#3733,.T.);
#5336=ORIENTED_EDGE('',*,*,#3490,.T.);
#5337=ORIENTED_EDGE('',*,*,#3494,.T.);
#5338=ORIENTED_EDGE('',*,*,#3834,.T.);
#5339=ORIENTED_EDGE('',*,*,#3835,.T.);
#5340=ORIENTED_EDGE('',*,*,#3836,.T.);
#5341=ORIENTED_EDGE('',*,*,#3837,.T.);
#5342=ORIENTED_EDGE('',*,*,#3838,.T.);
#5343=ORIENTED_EDGE('',*,*,#3635,.T.);
#5344=ORIENTED_EDGE('',*,*,#3839,.T.);
#5345=ORIENTED_EDGE('',*,*,#3610,.T.);
#5346=ORIENTED_EDGE('',*,*,#3613,.T.);
#5347=ORIENTED_EDGE('',*,*,#3828,.T.);
#5348=ORIENTED_EDGE('',*,*,#3625,.T.);
#5349=ORIENTED_EDGE('',*,*,#3628,.T.);
#5350=ORIENTED_EDGE('',*,*,#3630,.T.);
#5351=ORIENTED_EDGE('',*,*,#3725,.T.);
#5352=ORIENTED_EDGE('',*,*,#3679,.T.);
#5353=ORIENTED_EDGE('',*,*,#3683,.T.);
#5354=ORIENTED_EDGE('',*,*,#3840,.T.);
#5355=ORIENTED_EDGE('',*,*,#3593,.T.);
#5356=ORIENTED_EDGE('',*,*,#3841,.T.);
#5357=ORIENTED_EDGE('',*,*,#3587,.T.);
#5358=ORIENTED_EDGE('',*,*,#3573,.T.);
#5359=ORIENTED_EDGE('',*,*,#3798,.T.);
#5360=ORIENTED_EDGE('',*,*,#3749,.F.);
#5361=ORIENTED_EDGE('',*,*,#3842,.F.);
#5362=ORIENTED_EDGE('',*,*,#3843,.F.);
#5363=ORIENTED_EDGE('',*,*,#3611,.T.);
#5364=ORIENTED_EDGE('',*,*,#3844,.T.);
#5365=ORIENTED_EDGE('',*,*,#3845,.T.);
#5366=ORIENTED_EDGE('',*,*,#3846,.T.);
#5367=ORIENTED_EDGE('',*,*,#3847,.T.);
#5368=ORIENTED_EDGE('',*,*,#3848,.T.);
#5369=ORIENTED_EDGE('',*,*,#3585,.T.);
#5370=ORIENTED_EDGE('',*,*,#3588,.T.);
#5371=ORIENTED_EDGE('',*,*,#3843,.T.);
#5372=ORIENTED_EDGE('',*,*,#3849,.T.);
#5373=ORIENTED_EDGE('',*,*,#3850,.T.);
#5374=ORIENTED_EDGE('',*,*,#3607,.T.);
#5375=ORIENTED_EDGE('',*,*,#3568,.T.);
#5376=ORIENTED_EDGE('',*,*,#3851,.T.);
#5377=ORIENTED_EDGE('',*,*,#3531,.T.);
#5378=ORIENTED_EDGE('',*,*,#3852,.T.);
#5379=ORIENTED_EDGE('',*,*,#3493,.T.);
#5380=ORIENTED_EDGE('',*,*,#3496,.T.);
#5381=ORIENTED_EDGE('',*,*,#3737,.T.);
#5382=ORIENTED_EDGE('',*,*,#3527,.T.);
#5383=ORIENTED_EDGE('',*,*,#3476,.T.);
#5384=ORIENTED_EDGE('',*,*,#3853,.T.);
#5385=ORIENTED_EDGE('',*,*,#3705,.T.);
#5386=ORIENTED_EDGE('',*,*,#3854,.T.);
#5387=ORIENTED_EDGE('',*,*,#3701,.T.);
#5388=ORIENTED_EDGE('',*,*,#3855,.T.);
#5389=ORIENTED_EDGE('',*,*,#3321,.F.);
#5390=ORIENTED_EDGE('',*,*,#3856,.T.);
#5391=ORIENTED_EDGE('',*,*,#3841,.F.);
#5392=ORIENTED_EDGE('',*,*,#3856,.F.);
#5393=ORIENTED_EDGE('',*,*,#3320,.F.);
#5394=ORIENTED_EDGE('',*,*,#3857,.T.);
#5395=ORIENTED_EDGE('',*,*,#3853,.F.);
#5396=ORIENTED_EDGE('',*,*,#3857,.F.);
#5397=ORIENTED_EDGE('',*,*,#3319,.F.);
#5398=ORIENTED_EDGE('',*,*,#3858,.T.);
#5399=ORIENTED_EDGE('',*,*,#3831,.F.);
#5400=ORIENTED_EDGE('',*,*,#3858,.F.);
#5401=ORIENTED_EDGE('',*,*,#3318,.F.);
#5402=ORIENTED_EDGE('',*,*,#3859,.T.);
#5403=ORIENTED_EDGE('',*,*,#3854,.F.);
#5404=ORIENTED_EDGE('',*,*,#3859,.F.);
#5405=ORIENTED_EDGE('',*,*,#3317,.F.);
#5406=ORIENTED_EDGE('',*,*,#3860,.T.);
#5407=ORIENTED_EDGE('',*,*,#3855,.F.);
#5408=ORIENTED_EDGE('',*,*,#3860,.F.);
#5409=ORIENTED_EDGE('',*,*,#3316,.F.);
#5410=ORIENTED_EDGE('',*,*,#3861,.T.);
#5411=ORIENTED_EDGE('',*,*,#3833,.F.);
#5412=ORIENTED_EDGE('',*,*,#3861,.F.);
#5413=ORIENTED_EDGE('',*,*,#3315,.F.);
#5414=ORIENTED_EDGE('',*,*,#3862,.T.);
#5415=ORIENTED_EDGE('',*,*,#3839,.F.);
#5416=ORIENTED_EDGE('',*,*,#3862,.F.);
#5417=ORIENTED_EDGE('',*,*,#3314,.F.);
#5418=ORIENTED_EDGE('',*,*,#3863,.T.);
#5419=ORIENTED_EDGE('',*,*,#3851,.F.);
#5420=ORIENTED_EDGE('',*,*,#3863,.F.);
#5421=ORIENTED_EDGE('',*,*,#3768,.F.);
#5422=ORIENTED_EDGE('',*,*,#3864,.T.);
#5423=ORIENTED_EDGE('',*,*,#3800,.T.);
#5424=ORIENTED_EDGE('',*,*,#3864,.F.);
#5425=ORIENTED_EDGE('',*,*,#3769,.F.);
#5426=ORIENTED_EDGE('',*,*,#3865,.T.);
#5427=ORIENTED_EDGE('',*,*,#3801,.T.);
#5428=ORIENTED_EDGE('',*,*,#3865,.F.);
#5429=ORIENTED_EDGE('',*,*,#3379,.F.);
#5430=ORIENTED_EDGE('',*,*,#3866,.T.);
#5431=ORIENTED_EDGE('',*,*,#3760,.F.);
#5432=ORIENTED_EDGE('',*,*,#3867,.F.);
#5433=ORIENTED_EDGE('',*,*,#3380,.F.);
#5434=ORIENTED_EDGE('',*,*,#3867,.T.);
#5435=ORIENTED_EDGE('',*,*,#3759,.F.);
#5436=ORIENTED_EDGE('',*,*,#3868,.F.);
#5437=ORIENTED_EDGE('',*,*,#3783,.F.);
#5438=ORIENTED_EDGE('',*,*,#3381,.F.);
#5439=ORIENTED_EDGE('',*,*,#3868,.T.);
#5440=ORIENTED_EDGE('',*,*,#3758,.F.);
#5441=ORIENTED_EDGE('',*,*,#3372,.F.);
#5442=ORIENTED_EDGE('',*,*,#3742,.T.);
#5443=ORIENTED_EDGE('',*,*,#3755,.F.);
#5444=ORIENTED_EDGE('',*,*,#3869,.F.);
#5445=ORIENTED_EDGE('',*,*,#3373,.F.);
#5446=ORIENTED_EDGE('',*,*,#3869,.T.);
#5447=ORIENTED_EDGE('',*,*,#3754,.F.);
#5448=ORIENTED_EDGE('',*,*,#3870,.F.);
#5449=ORIENTED_EDGE('',*,*,#3374,.F.);
#5450=ORIENTED_EDGE('',*,*,#3870,.T.);
#5451=ORIENTED_EDGE('',*,*,#3765,.F.);
#5452=ORIENTED_EDGE('',*,*,#3871,.F.);
#5453=ORIENTED_EDGE('',*,*,#3375,.F.);
#5454=ORIENTED_EDGE('',*,*,#3871,.T.);
#5455=ORIENTED_EDGE('',*,*,#3764,.F.);
#5456=ORIENTED_EDGE('',*,*,#3872,.F.);
#5457=ORIENTED_EDGE('',*,*,#3376,.F.);
#5458=ORIENTED_EDGE('',*,*,#3872,.T.);
#5459=ORIENTED_EDGE('',*,*,#3763,.F.);
#5460=ORIENTED_EDGE('',*,*,#3873,.F.);
#5461=ORIENTED_EDGE('',*,*,#3377,.F.);
#5462=ORIENTED_EDGE('',*,*,#3873,.T.);
#5463=ORIENTED_EDGE('',*,*,#3762,.F.);
#5464=ORIENTED_EDGE('',*,*,#3874,.F.);
#5465=ORIENTED_EDGE('',*,*,#3378,.F.);
#5466=ORIENTED_EDGE('',*,*,#3874,.T.);
#5467=ORIENTED_EDGE('',*,*,#3761,.F.);
#5468=ORIENTED_EDGE('',*,*,#3866,.F.);
#5469=ORIENTED_EDGE('',*,*,#3849,.F.);
#5470=ORIENTED_EDGE('',*,*,#3842,.T.);
#5471=ORIENTED_EDGE('',*,*,#3748,.F.);
#5472=ORIENTED_EDGE('',*,*,#3875,.F.);
#5473=ORIENTED_EDGE('',*,*,#3608,.F.);
#5474=ORIENTED_EDGE('',*,*,#3850,.F.);
#5475=ORIENTED_EDGE('',*,*,#3875,.T.);
#5476=ORIENTED_EDGE('',*,*,#3747,.F.);
#5477=ORIENTED_EDGE('',*,*,#3829,.F.);
#5478=ORIENTED_EDGE('',*,*,#3605,.F.);
#5479=ORIENTED_EDGE('',*,*,#3653,.T.);
#5480=ORIENTED_EDGE('',*,*,#3876,.T.);
#5481=ORIENTED_EDGE('',*,*,#3691,.T.);
#5482=ORIENTED_EDGE('',*,*,#3694,.T.);
#5483=ORIENTED_EDGE('',*,*,#3724,.T.);
#5484=ORIENTED_EDGE('',*,*,#3649,.T.);
#5485=ORIENTED_EDGE('',*,*,#3228,.F.);
#5486=ORIENTED_EDGE('',*,*,#3877,.F.);
#5487=ORIENTED_EDGE('',*,*,#3349,.T.);
#5488=ORIENTED_EDGE('',*,*,#3120,.F.);
#5489=ORIENTED_EDGE('',*,*,#3231,.F.);
#5490=ORIENTED_EDGE('',*,*,#3878,.F.);
#5491=ORIENTED_EDGE('',*,*,#3350,.T.);
#5492=ORIENTED_EDGE('',*,*,#3877,.T.);
#5493=ORIENTED_EDGE('',*,*,#3099,.F.);
#5494=ORIENTED_EDGE('',*,*,#3351,.T.);
#5495=ORIENTED_EDGE('',*,*,#3878,.T.);
#5496=ORIENTED_EDGE('',*,*,#3235,.F.);
#5497=ORIENTED_EDGE('',*,*,#3085,.F.);
#5498=ORIENTED_EDGE('',*,*,#3352,.T.);
#5499=ORIENTED_EDGE('',*,*,#3100,.F.);
#5500=ORIENTED_EDGE('',*,*,#3237,.F.);
#5501=ORIENTED_EDGE('',*,*,#3248,.F.);
#5502=ORIENTED_EDGE('',*,*,#3879,.F.);
#5503=ORIENTED_EDGE('',*,*,#3353,.T.);
#5504=ORIENTED_EDGE('',*,*,#3086,.F.);
#5505=ORIENTED_EDGE('',*,*,#3246,.F.);
#5506=ORIENTED_EDGE('',*,*,#3880,.F.);
#5507=ORIENTED_EDGE('',*,*,#3354,.T.);
#5508=ORIENTED_EDGE('',*,*,#3879,.T.);
#5509=ORIENTED_EDGE('',*,*,#3076,.F.);
#5510=ORIENTED_EDGE('',*,*,#3355,.T.);
#5511=ORIENTED_EDGE('',*,*,#3880,.T.);
#5512=ORIENTED_EDGE('',*,*,#3243,.F.);
#5513=ORIENTED_EDGE('',*,*,#3058,.F.);
#5514=ORIENTED_EDGE('',*,*,#3356,.T.);
#5515=ORIENTED_EDGE('',*,*,#3077,.F.);
#5516=ORIENTED_EDGE('',*,*,#3250,.F.);
#5517=ORIENTED_EDGE('',*,*,#3251,.F.);
#5518=ORIENTED_EDGE('',*,*,#3881,.F.);
#5519=ORIENTED_EDGE('',*,*,#3357,.T.);
#5520=ORIENTED_EDGE('',*,*,#3059,.F.);
#5521=ORIENTED_EDGE('',*,*,#3259,.F.);
#5522=ORIENTED_EDGE('',*,*,#3882,.F.);
#5523=ORIENTED_EDGE('',*,*,#3358,.T.);
#5524=ORIENTED_EDGE('',*,*,#3881,.T.);
#5525=ORIENTED_EDGE('',*,*,#3040,.F.);
#5526=ORIENTED_EDGE('',*,*,#3359,.T.);
#5527=ORIENTED_EDGE('',*,*,#3882,.T.);
#5528=ORIENTED_EDGE('',*,*,#3263,.F.);
#5529=ORIENTED_EDGE('',*,*,#3269,.F.);
#5530=ORIENTED_EDGE('',*,*,#3360,.T.);
#5531=ORIENTED_EDGE('',*,*,#3041,.F.);
#5532=ORIENTED_EDGE('',*,*,#3267,.F.);
#5533=ORIENTED_EDGE('',*,*,#3050,.F.);
#5534=ORIENTED_EDGE('',*,*,#3363,.T.);
#5535=ORIENTED_EDGE('',*,*,#3403,.T.);
#5536=ORIENTED_EDGE('',*,*,#3053,.F.);
#5537=ORIENTED_EDGE('',*,*,#3258,.F.);
#5538=ORIENTED_EDGE('',*,*,#3883,.F.);
#5539=ORIENTED_EDGE('',*,*,#3364,.T.);
#5540=ORIENTED_EDGE('',*,*,#3051,.F.);
#5541=ORIENTED_EDGE('',*,*,#3254,.F.);
#5542=ORIENTED_EDGE('',*,*,#3884,.F.);
#5543=ORIENTED_EDGE('',*,*,#3365,.T.);
#5544=ORIENTED_EDGE('',*,*,#3883,.T.);
#5545=ORIENTED_EDGE('',*,*,#3071,.F.);
#5546=ORIENTED_EDGE('',*,*,#3885,.F.);
#5547=ORIENTED_EDGE('',*,*,#3366,.T.);
#5548=ORIENTED_EDGE('',*,*,#3884,.T.);
#5549=ORIENTED_EDGE('',*,*,#3064,.F.);
#5550=ORIENTED_EDGE('',*,*,#3367,.T.);
#5551=ORIENTED_EDGE('',*,*,#3885,.T.);
#5552=ORIENTED_EDGE('',*,*,#3068,.F.);
#5553=ORIENTED_EDGE('',*,*,#3078,.F.);
#5554=ORIENTED_EDGE('',*,*,#3401,.F.);
#5555=ORIENTED_EDGE('',*,*,#3368,.T.);
#5556=ORIENTED_EDGE('',*,*,#3065,.F.);
#5557=ORIENTED_EDGE('',*,*,#3456,.F.);
#5558=ORIENTED_EDGE('',*,*,#3886,.F.);
#5559=ORIENTED_EDGE('',*,*,#3335,.T.);
#5560=ORIENTED_EDGE('',*,*,#3454,.F.);
#5561=ORIENTED_EDGE('',*,*,#3458,.F.);
#5562=ORIENTED_EDGE('',*,*,#3887,.F.);
#5563=ORIENTED_EDGE('',*,*,#3336,.T.);
#5564=ORIENTED_EDGE('',*,*,#3886,.T.);
#5565=ORIENTED_EDGE('',*,*,#3438,.F.);
#5566=ORIENTED_EDGE('',*,*,#3337,.T.);
#5567=ORIENTED_EDGE('',*,*,#3887,.T.);
#5568=ORIENTED_EDGE('',*,*,#3460,.F.);
#5569=ORIENTED_EDGE('',*,*,#3427,.F.);
#5570=ORIENTED_EDGE('',*,*,#3339,.T.);
#5571=ORIENTED_EDGE('',*,*,#3439,.F.);
#5572=ORIENTED_EDGE('',*,*,#3461,.F.);
#5573=ORIENTED_EDGE('',*,*,#3462,.F.);
#5574=ORIENTED_EDGE('',*,*,#3888,.F.);
#5575=ORIENTED_EDGE('',*,*,#3341,.T.);
#5576=ORIENTED_EDGE('',*,*,#3428,.F.);
#5577=ORIENTED_EDGE('',*,*,#3464,.F.);
#5578=ORIENTED_EDGE('',*,*,#3889,.F.);
#5579=ORIENTED_EDGE('',*,*,#3342,.T.);
#5580=ORIENTED_EDGE('',*,*,#3888,.T.);
#5581=ORIENTED_EDGE('',*,*,#3412,.F.);
#5582=ORIENTED_EDGE('',*,*,#3343,.T.);
#5583=ORIENTED_EDGE('',*,*,#3889,.T.);
#5584=ORIENTED_EDGE('',*,*,#3466,.F.);
#5585=ORIENTED_EDGE('',*,*,#3407,.F.);
#5586=ORIENTED_EDGE('',*,*,#3345,.T.);
#5587=ORIENTED_EDGE('',*,*,#3413,.F.);
#5588=ORIENTED_EDGE('',*,*,#3467,.F.);
#5589=ORIENTED_EDGE('',*,*,#3307,.F.);
#5590=ORIENTED_EDGE('',*,*,#3890,.T.);
#5591=ORIENTED_EDGE('',*,*,#3834,.F.);
#5592=ORIENTED_EDGE('',*,*,#3852,.F.);
#5593=ORIENTED_EDGE('',*,*,#3832,.F.);
#5594=ORIENTED_EDGE('',*,*,#3830,.F.);
#5595=ORIENTED_EDGE('',*,*,#3848,.F.);
#5596=ORIENTED_EDGE('',*,*,#3891,.F.);
#5597=ORIENTED_EDGE('',*,*,#3308,.T.);
#5598=ORIENTED_EDGE('',*,*,#3891,.T.);
#5599=ORIENTED_EDGE('',*,*,#3847,.F.);
#5600=ORIENTED_EDGE('',*,*,#3892,.F.);
#5601=ORIENTED_EDGE('',*,*,#3309,.T.);
#5602=ORIENTED_EDGE('',*,*,#3892,.T.);
#5603=ORIENTED_EDGE('',*,*,#3846,.F.);
#5604=ORIENTED_EDGE('',*,*,#3893,.F.);
#5605=ORIENTED_EDGE('',*,*,#3310,.T.);
#5606=ORIENTED_EDGE('',*,*,#3893,.T.);
#5607=ORIENTED_EDGE('',*,*,#3845,.F.);
#5608=ORIENTED_EDGE('',*,*,#3894,.F.);
#5609=ORIENTED_EDGE('',*,*,#3311,.T.);
#5610=ORIENTED_EDGE('',*,*,#3894,.T.);
#5611=ORIENTED_EDGE('',*,*,#3844,.F.);
#5612=ORIENTED_EDGE('',*,*,#3840,.F.);
#5613=ORIENTED_EDGE('',*,*,#3706,.F.);
#5614=ORIENTED_EDGE('',*,*,#3876,.F.);
#5615=ORIENTED_EDGE('',*,*,#3838,.F.);
#5616=ORIENTED_EDGE('',*,*,#3895,.F.);
#5617=ORIENTED_EDGE('',*,*,#3312,.T.);
#5618=ORIENTED_EDGE('',*,*,#3895,.T.);
#5619=ORIENTED_EDGE('',*,*,#3837,.F.);
#5620=ORIENTED_EDGE('',*,*,#3896,.F.);
#5621=ORIENTED_EDGE('',*,*,#3313,.T.);
#5622=ORIENTED_EDGE('',*,*,#3896,.T.);
#5623=ORIENTED_EDGE('',*,*,#3836,.F.);
#5624=ORIENTED_EDGE('',*,*,#3897,.F.);
#5625=ORIENTED_EDGE('',*,*,#3306,.T.);
#5626=ORIENTED_EDGE('',*,*,#3897,.T.);
#5627=ORIENTED_EDGE('',*,*,#3835,.F.);
#5628=ORIENTED_EDGE('',*,*,#3890,.F.);
#5629=ORIENTED_EDGE('',*,*,#3898,.F.);
#5630=ORIENTED_EDGE('',*,*,#3766,.F.);
#5631=ORIENTED_EDGE('',*,*,#3899,.T.);
#5632=ORIENTED_EDGE('',*,*,#3898,.T.);
#5633=ORIENTED_EDGE('',*,*,#3899,.F.);
#5634=SPHERICAL_SURFACE('',#6047,1.);
#5635=SPHERICAL_SURFACE('',#6051,0.999999999999995);
#5636=SPHERICAL_SURFACE('',#6059,1.00000000000001);
#5637=SPHERICAL_SURFACE('',#6066,0.999999999999987);
#5638=SPHERICAL_SURFACE('',#6070,1.00000000000003);
#5639=SPHERICAL_SURFACE('',#6078,0.999999999999996);
#5640=SPHERICAL_SURFACE('',#6083,1.);
#5641=SPHERICAL_SURFACE('',#6087,1.);
#5642=SPHERICAL_SURFACE('',#6096,0.999999999999996);
#5643=SPHERICAL_SURFACE('',#6100,1.);
#5644=SPHERICAL_SURFACE('',#6108,1.00000000000003);
#5645=SPHERICAL_SURFACE('',#6112,0.999999999999979);
#5646=SPHERICAL_SURFACE('',#6117,1.);
#5647=SPHERICAL_SURFACE('',#6121,1.);
#5648=SPHERICAL_SURFACE('',#6125,0.999999999999979);
#5649=SPHERICAL_SURFACE('',#6136,0.999999999999992);
#5650=SPHERICAL_SURFACE('',#6142,1.00000000000001);
#5651=SPHERICAL_SURFACE('',#6149,1.00000000000002);
#5652=SPHERICAL_SURFACE('',#6158,1.);
#5653=SPHERICAL_SURFACE('',#6163,1.);
#5654=SPHERICAL_SURFACE('',#6263,1.);
#5655=SPHERICAL_SURFACE('',#6268,1.00000000000001);
#5656=SPHERICAL_SURFACE('',#6277,1.00000000000002);
#5657=SPHERICAL_SURFACE('',#6283,1.);
#5658=SPHERICAL_SURFACE('',#6288,1.);
#5659=SPHERICAL_SURFACE('',#6295,1.00000000000002);
#5660=SPHERICAL_SURFACE('',#6304,0.999999999999984);
#5661=SPHERICAL_SURFACE('',#6310,1.);
#5662=ADVANCED_FACE('',(#1434),#5634,.T.);
#5663=ADVANCED_FACE('',(#1435),#5635,.T.);
#5664=ADVANCED_FACE('',(#1436),#1390,.F.);
#5665=ADVANCED_FACE('',(#1437),#1262,.T.);
#5666=ADVANCED_FACE('',(#1438),#5636,.T.);
#5667=ADVANCED_FACE('',(#1439),#1145,.T.);
#5668=ADVANCED_FACE('',(#1440),#1146,.T.);
#5669=ADVANCED_FACE('',(#1441),#5637,.T.);
#5670=ADVANCED_FACE('',(#1442),#1391,.F.);
#5671=ADVANCED_FACE('',(#1443),#5638,.T.);
#5672=ADVANCED_FACE('',(#1444),#1147,.T.);
#5673=ADVANCED_FACE('',(#1445),#1148,.T.);
#5674=ADVANCED_FACE('',(#1446),#1392,.F.);
#5675=ADVANCED_FACE('',(#1447),#5639,.T.);
#5676=ADVANCED_FACE('',(#1448),#1393,.F.);
#5677=ADVANCED_FACE('',(#1449),#1149,.T.);
#5678=ADVANCED_FACE('',(#1450),#5640,.T.);
#5679=ADVANCED_FACE('',(#1451),#1394,.F.);
#5680=ADVANCED_FACE('',(#1452),#5641,.T.);
#5681=ADVANCED_FACE('',(#1453),#1150,.T.);
#5682=ADVANCED_FACE('',(#1454),#1263,.T.);
#5683=ADVANCED_FACE('',(#1455),#5642,.T.);
#5684=ADVANCED_FACE('',(#1456),#1395,.F.);
#5685=ADVANCED_FACE('',(#1457),#5643,.T.);
#5686=ADVANCED_FACE('',(#1458),#1396,.F.);
#5687=ADVANCED_FACE('',(#1459),#1397,.F.);
#5688=ADVANCED_FACE('',(#1460),#1151,.T.);
#5689=ADVANCED_FACE('',(#1461),#1264,.T.);
#5690=ADVANCED_FACE('',(#1462),#5644,.T.);
#5691=ADVANCED_FACE('',(#1463),#1398,.F.);
#5692=ADVANCED_FACE('',(#1464),#5645,.T.);
#5693=ADVANCED_FACE('',(#1465),#1399,.F.);
#5694=ADVANCED_FACE('',(#1466),#1152,.T.);
#5695=ADVANCED_FACE('',(#1467),#5646,.T.);
#5696=ADVANCED_FACE('',(#1468),#5647,.T.);
#5697=ADVANCED_FACE('',(#1469),#1400,.F.);
#5698=ADVANCED_FACE('',(#1470),#1401,.F.);
#5699=ADVANCED_FACE('',(#1471),#5648,.T.);
#5700=ADVANCED_FACE('',(#1472),#1402,.F.);
#5701=ADVANCED_FACE('',(#1473),#1153,.T.);
#5702=ADVANCED_FACE('',(#1474),#1265,.T.);
#5703=ADVANCED_FACE('',(#1475),#1154,.T.);
#5704=ADVANCED_FACE('',(#1476),#5649,.T.);
#5705=ADVANCED_FACE('',(#1477),#1155,.T.);
#5706=ADVANCED_FACE('',(#1478),#5650,.T.);
#5707=ADVANCED_FACE('',(#1479),#1403,.F.);
#5708=ADVANCED_FACE('',(#1480),#1404,.F.);
#5709=ADVANCED_FACE('',(#1481),#1156,.T.);
#5710=ADVANCED_FACE('',(#1482),#1405,.F.);
#5711=ADVANCED_FACE('',(#1483),#1157,.T.);
#5712=ADVANCED_FACE('',(#1484),#5651,.T.);
#5713=ADVANCED_FACE('',(#1485),#1158,.T.);
#5714=ADVANCED_FACE('',(#1486),#1266,.T.);
#5715=ADVANCED_FACE('',(#1487),#5652,.T.);
#5716=ADVANCED_FACE('',(#1488),#1406,.F.);
#5717=ADVANCED_FACE('',(#1489),#1159,.T.);
#5718=ADVANCED_FACE('',(#1490),#5653,.T.);
#5719=ADVANCED_FACE('',(#1491),#1407,.F.);
#5720=ADVANCED_FACE('',(#1492),#1267,.T.);
#5721=ADVANCED_FACE('',(#1493),#1160,.T.);
#5722=ADVANCED_FACE('',(#1494),#1408,.F.);
#5723=ADVANCED_FACE('',(#1495),#1161,.T.);
#5724=ADVANCED_FACE('',(#1496),#1409,.F.);
#5725=ADVANCED_FACE('',(#1497),#1162,.T.);
#5726=ADVANCED_FACE('',(#1498),#1163,.T.);
#5727=ADVANCED_FACE('',(#1499),#1164,.T.);
#5728=ADVANCED_FACE('',(#1500),#1268,.T.);
#5729=ADVANCED_FACE('',(#1501),#1410,.F.);
#5730=ADVANCED_FACE('',(#1502),#1411,.F.);
#5731=ADVANCED_FACE('',(#1503),#1165,.T.);
#5732=ADVANCED_FACE('',(#1504),#1269,.T.);
#5733=ADVANCED_FACE('',(#1505),#1166,.T.);
#5734=ADVANCED_FACE('',(#1506),#1412,.F.);
#5735=ADVANCED_FACE('',(#1507),#1413,.F.);
#5736=ADVANCED_FACE('',(#1508),#1167,.T.);
#5737=ADVANCED_FACE('',(#1509),#1270,.T.);
#5738=ADVANCED_FACE('',(#1510),#1168,.T.);
#5739=ADVANCED_FACE('',(#1511),#1414,.F.);
#5740=ADVANCED_FACE('',(#1512),#1169,.T.);
#5741=ADVANCED_FACE('',(#1513),#1415,.F.);
#5742=ADVANCED_FACE('',(#1514),#1170,.T.);
#5743=ADVANCED_FACE('',(#1515),#1271,.T.);
#5744=ADVANCED_FACE('',(#1516),#1171,.T.);
#5745=ADVANCED_FACE('',(#1517),#1172,.T.);
#5746=ADVANCED_FACE('',(#1518),#1416,.F.);
#5747=ADVANCED_FACE('',(#1519),#1417,.F.);
#5748=ADVANCED_FACE('',(#1520),#110,.F.);
#5749=ADVANCED_FACE('',(#1521),#1418,.T.);
#5750=ADVANCED_FACE('',(#1522),#111,.T.);
#5751=ADVANCED_FACE('',(#1523),#1173,.F.);
#5752=ADVANCED_FACE('',(#1524),#112,.T.);
#5753=ADVANCED_FACE('',(#1525),#1419,.T.);
#5754=ADVANCED_FACE('',(#1526),#113,.T.);
#5755=ADVANCED_FACE('',(#1527),#1174,.F.);
#5756=ADVANCED_FACE('',(#1528),#114,.T.);
#5757=ADVANCED_FACE('',(#1529),#1420,.T.);
#5758=ADVANCED_FACE('',(#1530),#115,.T.);
#5759=ADVANCED_FACE('',(#1531),#1175,.F.);
#5760=ADVANCED_FACE('',(#1532),#116,.T.);
#5761=ADVANCED_FACE('',(#1533),#1421,.T.);
#5762=ADVANCED_FACE('',(#1534),#117,.F.);
#5763=ADVANCED_FACE('',(#1535),#1176,.F.);
#5764=ADVANCED_FACE('',(#1536),#118,.T.);
#5765=ADVANCED_FACE('',(#1537),#119,.T.);
#5766=ADVANCED_FACE('',(#1538),#106,.T.);
#5767=ADVANCED_FACE('',(#1539),#107,.T.);
#5768=ADVANCED_FACE('',(#1540),#120,.T.);
#5769=ADVANCED_FACE('',(#1541),#121,.T.);
#5770=ADVANCED_FACE('',(#1542,#57,#58,#59,#60,#61,#62,#63,#64,#65,#66),
#122,.F.);
#5771=ADVANCED_FACE('',(#1543),#1177,.F.);
#5772=ADVANCED_FACE('',(#1544,#67,#68),#123,.T.);
#5773=ADVANCED_FACE('',(#1545),#1178,.F.);
#5774=ADVANCED_FACE('',(#1546),#124,.F.);
#5775=ADVANCED_FACE('',(#1547),#1179,.F.);
#5776=ADVANCED_FACE('',(#1548),#125,.F.);
#5777=ADVANCED_FACE('',(#1549),#1422,.T.);
#5778=ADVANCED_FACE('',(#1550),#5654,.T.);
#5779=ADVANCED_FACE('',(#1551),#1180,.T.);
#5780=ADVANCED_FACE('',(#1552),#5655,.T.);
#5781=ADVANCED_FACE('',(#1553),#1181,.T.);
#5782=ADVANCED_FACE('',(#1554),#1182,.T.);
#5783=ADVANCED_FACE('',(#1555),#1183,.T.);
#5784=ADVANCED_FACE('',(#1556),#5656,.T.);
#5785=ADVANCED_FACE('',(#1557),#1184,.T.);
#5786=ADVANCED_FACE('',(#1558),#1185,.T.);
#5787=ADVANCED_FACE('',(#1559),#5657,.T.);
#5788=ADVANCED_FACE('',(#1560),#1186,.T.);
#5789=ADVANCED_FACE('',(#1561),#5658,.T.);
#5790=ADVANCED_FACE('',(#1562),#1187,.T.);
#5791=ADVANCED_FACE('',(#1563),#1272,.T.);
#5792=ADVANCED_FACE('',(#1564),#5659,.T.);
#5793=ADVANCED_FACE('',(#1565),#1188,.T.);
#5794=ADVANCED_FACE('',(#1566),#1189,.T.);
#5795=ADVANCED_FACE('',(#1567),#1190,.T.);
#5796=ADVANCED_FACE('',(#1568),#5660,.T.);
#5797=ADVANCED_FACE('',(#1569),#1191,.T.);
#5798=ADVANCED_FACE('',(#1570),#1192,.T.);
#5799=ADVANCED_FACE('',(#1571),#5661,.T.);
#5800=ADVANCED_FACE('',(#1572),#1193,.T.);
#5801=ADVANCED_FACE('',(#1573),#1273,.T.);
#5802=ADVANCED_FACE('',(#1574),#1194,.T.);
#5803=ADVANCED_FACE('',(#1575),#1195,.T.);
#5804=ADVANCED_FACE('',(#1576),#1196,.T.);
#5805=ADVANCED_FACE('',(#1577),#1274,.T.);
#5806=ADVANCED_FACE('',(#1578),#1197,.T.);
#5807=ADVANCED_FACE('',(#1579),#1198,.T.);
#5808=ADVANCED_FACE('',(#1580),#1199,.T.);
#5809=ADVANCED_FACE('',(#1581),#1275,.T.);
#5810=ADVANCED_FACE('',(#1582),#126,.T.);
#5811=ADVANCED_FACE('',(#1583),#127,.T.);
#5812=ADVANCED_FACE('',(#1584),#128,.T.);
#5813=ADVANCED_FACE('',(#1585),#1200,.F.);
#5814=ADVANCED_FACE('',(#1586),#129,.T.);
#5815=ADVANCED_FACE('',(#1587),#130,.T.);
#5816=ADVANCED_FACE('',(#1588),#131,.T.);
#5817=ADVANCED_FACE('',(#1589),#1201,.F.);
#5818=ADVANCED_FACE('',(#1590),#23,.F.);
#5819=ADVANCED_FACE('',(#1591),#1202,.F.);
#5820=ADVANCED_FACE('',(#1592,#69),#132,.T.);
#5821=ADVANCED_FACE('',(#1593),#133,.T.);
#5822=ADVANCED_FACE('',(#1594),#24,.T.);
#5823=ADVANCED_FACE('',(#1595),#134,.T.);
#5824=ADVANCED_FACE('',(#1596),#135,.T.);
#5825=ADVANCED_FACE('',(#1597),#1203,.T.);
#5826=ADVANCED_FACE('',(#1598),#136,.T.);
#5827=ADVANCED_FACE('',(#1599),#25,.F.);
#5828=ADVANCED_FACE('',(#1600,#70,#71),#137,.T.);
#5829=ADVANCED_FACE('',(#1601),#1204,.F.);
#5830=ADVANCED_FACE('',(#1602),#138,.T.);
#5831=ADVANCED_FACE('',(#1603),#26,.T.);
#5832=ADVANCED_FACE('',(#1604),#139,.T.);
#5833=ADVANCED_FACE('',(#1605),#27,.F.);
#5834=ADVANCED_FACE('',(#1606),#140,.T.);
#5835=ADVANCED_FACE('',(#1607),#28,.T.);
#5836=ADVANCED_FACE('',(#1608),#141,.T.);
#5837=ADVANCED_FACE('',(#1609),#142,.T.);
#5838=ADVANCED_FACE('',(#1610),#1205,.T.);
#5839=ADVANCED_FACE('',(#1611),#143,.T.);
#5840=ADVANCED_FACE('',(#1612),#1206,.F.);
#5841=ADVANCED_FACE('',(#1613),#144,.T.);
#5842=ADVANCED_FACE('',(#1614),#1207,.T.);
#5843=ADVANCED_FACE('',(#1615),#145,.T.);
#5844=ADVANCED_FACE('',(#1616),#29,.F.);
#5845=ADVANCED_FACE('',(#1617),#1208,.F.);
#5846=ADVANCED_FACE('',(#1618),#146,.T.);
#5847=ADVANCED_FACE('',(#1619),#30,.T.);
#5848=ADVANCED_FACE('',(#1620),#147,.T.);
#5849=ADVANCED_FACE('',(#1621),#148,.T.);
#5850=ADVANCED_FACE('',(#1622),#1209,.T.);
#5851=ADVANCED_FACE('',(#1623),#149,.T.);
#5852=ADVANCED_FACE('',(#1624),#31,.F.);
#5853=ADVANCED_FACE('',(#1625),#1210,.F.);
#5854=ADVANCED_FACE('',(#1626,#72),#150,.T.);
#5855=ADVANCED_FACE('',(#1627),#151,.T.);
#5856=ADVANCED_FACE('',(#1628),#32,.T.);
#5857=ADVANCED_FACE('',(#1629),#152,.T.);
#5858=ADVANCED_FACE('',(#1630),#153,.T.);
#5859=ADVANCED_FACE('',(#1631),#1211,.T.);
#5860=ADVANCED_FACE('',(#1632),#154,.T.);
#5861=ADVANCED_FACE('',(#1633),#33,.F.);
#5862=ADVANCED_FACE('',(#1634),#1212,.F.);
#5863=ADVANCED_FACE('',(#1635,#73),#155,.T.);
#5864=ADVANCED_FACE('',(#1636),#156,.T.);
#5865=ADVANCED_FACE('',(#1637),#34,.T.);
#5866=ADVANCED_FACE('',(#1638),#157,.T.);
#5867=ADVANCED_FACE('',(#1639),#158,.T.);
#5868=ADVANCED_FACE('',(#1640),#1213,.T.);
#5869=ADVANCED_FACE('',(#1641),#159,.T.);
#5870=ADVANCED_FACE('',(#1642),#160,.T.);
#5871=ADVANCED_FACE('',(#1643),#35,.T.);
#5872=ADVANCED_FACE('',(#1644),#161,.T.);
#5873=ADVANCED_FACE('',(#1645),#162,.T.);
#5874=ADVANCED_FACE('',(#1646),#1214,.T.);
#5875=ADVANCED_FACE('',(#1647),#163,.T.);
#5876=ADVANCED_FACE('',(#1648),#36,.F.);
#5877=ADVANCED_FACE('',(#1649),#1215,.F.);
#5878=ADVANCED_FACE('',(#1650,#74),#164,.T.);
#5879=ADVANCED_FACE('',(#1651),#165,.T.);
#5880=ADVANCED_FACE('',(#1652),#37,.T.);
#5881=ADVANCED_FACE('',(#1653),#166,.T.);
#5882=ADVANCED_FACE('',(#1654),#167,.T.);
#5883=ADVANCED_FACE('',(#1655),#1216,.T.);
#5884=ADVANCED_FACE('',(#1656),#168,.T.);
#5885=ADVANCED_FACE('',(#1657),#169,.T.);
#5886=ADVANCED_FACE('',(#1658),#38,.T.);
#5887=ADVANCED_FACE('',(#1659),#170,.T.);
#5888=ADVANCED_FACE('',(#1660),#39,.F.);
#5889=ADVANCED_FACE('',(#1661),#171,.T.);
#5890=ADVANCED_FACE('',(#1662),#40,.T.);
#5891=ADVANCED_FACE('',(#1663),#172,.T.);
#5892=ADVANCED_FACE('',(#1664),#173,.T.);
#5893=ADVANCED_FACE('',(#1665),#1217,.T.);
#5894=ADVANCED_FACE('',(#1666),#174,.T.);
#5895=ADVANCED_FACE('',(#1667),#1218,.F.);
#5896=ADVANCED_FACE('',(#1668),#175,.T.);
#5897=ADVANCED_FACE('',(#1669),#1219,.T.);
#5898=ADVANCED_FACE('',(#1670),#176,.T.);
#5899=ADVANCED_FACE('',(#1671),#41,.F.);
#5900=ADVANCED_FACE('',(#1672,#75,#76),#177,.T.);
#5901=ADVANCED_FACE('',(#1673),#1220,.F.);
#5902=ADVANCED_FACE('',(#1674),#42,.F.);
#5903=ADVANCED_FACE('',(#1675),#1221,.F.);
#5904=ADVANCED_FACE('',(#1676),#178,.T.);
#5905=ADVANCED_FACE('',(#1677),#179,.T.);
#5906=ADVANCED_FACE('',(#1678),#43,.T.);
#5907=ADVANCED_FACE('',(#1679),#180,.T.);
#5908=ADVANCED_FACE('',(#1680),#44,.T.);
#5909=ADVANCED_FACE('',(#1681),#181,.T.);
#5910=ADVANCED_FACE('',(#1682),#182,.T.);
#5911=ADVANCED_FACE('',(#1683),#1222,.T.);
#5912=ADVANCED_FACE('',(#1684),#183,.T.);
#5913=ADVANCED_FACE('',(#1685),#1223,.T.);
#5914=ADVANCED_FACE('',(#1686),#184,.T.);
#5915=ADVANCED_FACE('',(#1687),#1423,.F.);
#5916=ADVANCED_FACE('',(#1688),#1424,.T.);
#5917=ADVANCED_FACE('',(#1689,#77,#78,#79,#80,#81,#82,#83,#84,#85,#86,#87,
#88,#89,#90,#91,#92,#93),#185,.T.);
#5918=ADVANCED_FACE('',(#1690),#1224,.F.);
#5919=ADVANCED_FACE('',(#1691),#1425,.F.);
#5920=ADVANCED_FACE('',(#1692),#186,.T.);
#5921=ADVANCED_FACE('',(#1693),#1225,.T.);
#5922=ADVANCED_FACE('',(#1694),#187,.T.);
#5923=ADVANCED_FACE('',(#1695),#188,.T.);
#5924=ADVANCED_FACE('',(#1696),#189,.T.);
#5925=ADVANCED_FACE('',(#1697),#1226,.T.);
#5926=ADVANCED_FACE('',(#1698),#190,.T.);
#5927=ADVANCED_FACE('',(#1699),#191,.T.);
#5928=ADVANCED_FACE('',(#1700),#192,.T.);
#5929=ADVANCED_FACE('',(#1701),#193,.T.);
#5930=ADVANCED_FACE('',(#1702),#194,.T.);
#5931=ADVANCED_FACE('',(#1703),#1227,.F.);
#5932=ADVANCED_FACE('',(#1704),#195,.T.);
#5933=ADVANCED_FACE('',(#1705),#1228,.F.);
#5934=ADVANCED_FACE('',(#1706),#196,.T.);
#5935=ADVANCED_FACE('',(#1707),#1229,.F.);
#5936=ADVANCED_FACE('',(#1708),#197,.T.);
#5937=ADVANCED_FACE('',(#1709),#1230,.F.);
#5938=ADVANCED_FACE('',(#1710),#198,.T.);
#5939=ADVANCED_FACE('',(#1711),#1231,.F.);
#5940=ADVANCED_FACE('',(#1712),#199,.T.);
#5941=ADVANCED_FACE('',(#1713),#1232,.F.);
#5942=ADVANCED_FACE('',(#1714),#200,.T.);
#5943=ADVANCED_FACE('',(#1715),#1233,.F.);
#5944=ADVANCED_FACE('',(#1716),#201,.T.);
#5945=ADVANCED_FACE('',(#1717),#1234,.F.);
#5946=ADVANCED_FACE('',(#1718),#202,.T.);
#5947=ADVANCED_FACE('',(#1719),#1235,.F.);
#5948=ADVANCED_FACE('',(#1720),#203,.T.);
#5949=ADVANCED_FACE('',(#1721),#1236,.F.);
#5950=ADVANCED_FACE('',(#1722),#204,.T.);
#5951=ADVANCED_FACE('',(#1723),#1237,.F.);
#5952=ADVANCED_FACE('',(#1724),#205,.T.);
#5953=ADVANCED_FACE('',(#1725),#1238,.F.);
#5954=ADVANCED_FACE('',(#1726),#206,.T.);
#5955=ADVANCED_FACE('',(#1727),#1239,.F.);
#5956=ADVANCED_FACE('',(#1728),#207,.T.);
#5957=ADVANCED_FACE('',(#1729),#208,.T.);
#5958=ADVANCED_FACE('',(#1730),#209,.T.);
#5959=ADVANCED_FACE('',(#1731,#94),#210,.T.);
#5960=ADVANCED_FACE('',(#1732),#211,.T.);
#5961=ADVANCED_FACE('',(#1733,#95),#212,.T.);
#5962=ADVANCED_FACE('',(#1734),#213,.T.);
#5963=ADVANCED_FACE('',(#1735,#96),#214,.T.);
#5964=ADVANCED_FACE('',(#1736),#215,.T.);
#5965=ADVANCED_FACE('',(#1737,#97),#216,.T.);
#5966=ADVANCED_FACE('',(#1738),#1240,.T.);
#5967=ADVANCED_FACE('',(#1739),#217,.T.);
#5968=ADVANCED_FACE('',(#1740,#98),#218,.T.);
#5969=ADVANCED_FACE('',(#1741),#219,.T.);
#5970=ADVANCED_FACE('',(#1742,#99),#220,.T.);
#5971=ADVANCED_FACE('',(#1743,#100),#221,.T.);
#5972=ADVANCED_FACE('',(#1744,#101),#222,.T.);
#5973=ADVANCED_FACE('',(#1745),#1241,.F.);
#5974=ADVANCED_FACE('',(#1746),#1242,.F.);
#5975=ADVANCED_FACE('',(#1747),#1243,.F.);
#5976=ADVANCED_FACE('',(#1748),#1244,.F.);
#5977=ADVANCED_FACE('',(#1749),#1245,.F.);
#5978=ADVANCED_FACE('',(#1750),#1246,.F.);
#5979=ADVANCED_FACE('',(#1751),#1247,.F.);
#5980=ADVANCED_FACE('',(#1752),#1248,.F.);
#5981=ADVANCED_FACE('',(#1753),#1249,.F.);
#5982=ADVANCED_FACE('',(#1754),#1250,.F.);
#5983=ADVANCED_FACE('',(#1755),#223,.T.);
#5984=ADVANCED_FACE('',(#1756),#1426,.T.);
#5985=ADVANCED_FACE('',(#1757),#1427,.T.);
#5986=ADVANCED_FACE('',(#1758),#1428,.T.);
#5987=ADVANCED_FACE('',(#1759),#224,.T.);
#5988=ADVANCED_FACE('',(#1760),#225,.T.);
#5989=ADVANCED_FACE('',(#1761),#1429,.T.);
#5990=ADVANCED_FACE('',(#1762),#226,.T.);
#5991=ADVANCED_FACE('',(#1763),#1430,.T.);
#5992=ADVANCED_FACE('',(#1764),#227,.T.);
#5993=ADVANCED_FACE('',(#1765),#228,.T.);
#5994=ADVANCED_FACE('',(#1766),#1251,.T.);
#5995=ADVANCED_FACE('',(#1767),#229,.T.);
#5996=ADVANCED_FACE('',(#1768),#230,.T.);
#5997=ADVANCED_FACE('',(#1769),#1252,.F.);
#5998=ADVANCED_FACE('',(#1770),#231,.T.);
#5999=ADVANCED_FACE('',(#1771),#1431,.T.);
#6000=ADVANCED_FACE('',(#1772),#232,.T.);
#6001=ADVANCED_FACE('',(#1773),#1253,.F.);
#6002=ADVANCED_FACE('',(#1774),#233,.T.);
#6003=ADVANCED_FACE('',(#1775),#1432,.T.);
#6004=ADVANCED_FACE('',(#1776),#234,.T.);
#6005=ADVANCED_FACE('',(#1777),#1254,.F.);
#6006=ADVANCED_FACE('',(#1778),#235,.T.);
#6007=ADVANCED_FACE('',(#1779),#1433,.T.);
#6008=ADVANCED_FACE('',(#1780),#236,.T.);
#6009=ADVANCED_FACE('',(#1781),#237,.T.);
#6010=ADVANCED_FACE('',(#1782),#108,.T.);
#6011=ADVANCED_FACE('',(#1783),#109,.T.);
#6012=ADVANCED_FACE('',(#1784),#238,.T.);
#6013=ADVANCED_FACE('',(#1785),#239,.T.);
#6014=ADVANCED_FACE('',(#1786),#240,.T.);
#6015=ADVANCED_FACE('',(#1787),#241,.T.);
#6016=ADVANCED_FACE('',(#1788),#242,.T.);
#6017=ADVANCED_FACE('',(#1789),#1255,.F.);
#6018=ADVANCED_FACE('',(#1790),#243,.T.);
#6019=ADVANCED_FACE('',(#1791),#244,.T.);
#6020=ADVANCED_FACE('',(#1792),#245,.T.);
#6021=ADVANCED_FACE('',(#1793),#1256,.F.);
#6022=ADVANCED_FACE('',(#1794),#246,.T.);
#6023=ADVANCED_FACE('',(#1795),#1257,.T.);
#6024=ADVANCED_FACE('',(#1796),#247,.T.);
#6025=ADVANCED_FACE('',(#1797),#1258,.T.);
#6026=ADVANCED_FACE('',(#1798),#248,.T.);
#6027=ADVANCED_FACE('',(#1799),#1259,.T.);
#6028=ADVANCED_FACE('',(#1800),#249,.T.);
#6029=ADVANCED_FACE('',(#1801),#1260,.T.);
#6030=ADVANCED_FACE('',(#1802),#250,.T.);
#6031=ADVANCED_FACE('',(#1803),#1261,.F.);
#6032=CLOSED_SHELL('',(#5662,#5663,#5664,#5665,#5666,#5667,#5668,#5669,
#5670,#5671,#5672,#5673,#5674,#5675,#5676,#5677,#5678,#5679,#5680,#5681,
#5682,#5683,#5684,#5685,#5686,#5687,#5688,#5689,#5690,#5691,#5692,#5693,
#5694,#5695,#5696,#5697,#5698,#5699,#5700,#5701,#5702,#5703,#5704,#5705,
#5706,#5707,#5708,#5709,#5710,#5711,#5712,#5713,#5714,#5715,#5716,#5717,
#5718,#5719,#5720,#5721,#5722,#5723,#5724,#5725,#5726,#5727,#5728,#5729,
#5730,#5731,#5732,#5733,#5734,#5735,#5736,#5737,#5738,#5739,#5740,#5741,
#5742,#5743,#5744,#5745,#5746,#5747,#5748,#5749,#5750,#5751,#5752,#5753,
#5754,#5755,#5756,#5757,#5758,#5759,#5760,#5761,#5762,#5763,#5764,#5765,
#5766,#5767,#5768,#5769,#5770,#5771,#5772,#5773,#5774,#5775,#5776,#5777,
#5778,#5779,#5780,#5781,#5782,#5783,#5784,#5785,#5786,#5787,#5788,#5789,
#5790,#5791,#5792,#5793,#5794,#5795,#5796,#5797,#5798,#5799,#5800,#5801,
#5802,#5803,#5804,#5805,#5806,#5807,#5808,#5809,#5810,#5811,#5812,#5813,
#5814,#5815,#5816,#5817,#5818,#5819,#5820,#5821,#5822,#5823,#5824,#5825,
#5826,#5827,#5828,#5829,#5830,#5831,#5832,#5833,#5834,#5835,#5836,#5837,
#5838,#5839,#5840,#5841,#5842,#5843,#5844,#5845,#5846,#5847,#5848,#5849,
#5850,#5851,#5852,#5853,#5854,#5855,#5856,#5857,#5858,#5859,#5860,#5861,
#5862,#5863,#5864,#5865,#5866,#5867,#5868,#5869,#5870,#5871,#5872,#5873,
#5874,#5875,#5876,#5877,#5878,#5879,#5880,#5881,#5882,#5883,#5884,#5885,
#5886,#5887,#5888,#5889,#5890,#5891,#5892,#5893,#5894,#5895,#5896,#5897,
#5898,#5899,#5900,#5901,#5902,#5903,#5904,#5905,#5906,#5907,#5908,#5909,
#5910,#5911,#5912,#5913,#5914,#5915,#5916,#5917,#5918,#5919,#5920,#5921,
#5922,#5923,#5924,#5925,#5926,#5927,#5928,#5929,#5930,#5931,#5932,#5933,
#5934,#5935,#5936,#5937,#5938,#5939,#5940,#5941,#5942,#5943,#5944,#5945,
#5946,#5947,#5948,#5949,#5950,#5951,#5952,#5953,#5954,#5955,#5956,#5957,
#5958,#5959,#5960,#5961,#5962,#5963,#5964,#5965,#5966,#5967,#5968,#5969,
#5970,#5971,#5972,#5973,#5974,#5975,#5976,#5977,#5978,#5979,#5980,#5981,
#5982,#5983,#5984,#5985,#5986,#5987,#5988,#5989,#5990,#5991,#5992,#5993,
#5994,#5995,#5996,#5997,#5998,#5999,#6000,#6001,#6002,#6003,#6004,#6005,
#6006,#6007,#6008,#6009,#6010,#6011,#6012,#6013,#6014,#6015,#6016,#6017,
#6018,#6019,#6020,#6021,#6022,#6023,#6024,#6025,#6026,#6027,#6028,#6029,
#6030,#6031));
#6033=DERIVED_UNIT_ELEMENT(#6035,1.);
#6034=DERIVED_UNIT_ELEMENT(#12102,-3.);
#6035=(
MASS_UNIT()
NAMED_UNIT(*)
SI_UNIT(.KILO.,.GRAM.)
);
#6036=DERIVED_UNIT((#6033,#6034));
#6037=MEASURE_REPRESENTATION_ITEM('density measure',
POSITIVE_RATIO_MEASURE(7850.),#6036);
#6038=PROPERTY_DEFINITION_REPRESENTATION(#6043,#6040);
#6039=PROPERTY_DEFINITION_REPRESENTATION(#6044,#6041);
#6040=REPRESENTATION('material name',(#6042),#12099);
#6041=REPRESENTATION('density',(#6037),#12099);
#6042=DESCRIPTIVE_REPRESENTATION_ITEM('Steel','Steel');
#6043=PROPERTY_DEFINITION('material property','material name',#12114);
#6044=PROPERTY_DEFINITION('material property','density of part',#12114);
#6045=AXIS2_PLACEMENT_3D('',#8376,#6673,#6674);
#6046=AXIS2_PLACEMENT_3D('',#8377,#6675,#6676);
#6047=AXIS2_PLACEMENT_3D('',#8378,#6677,#6678);
#6048=AXIS2_PLACEMENT_3D('',#8381,#6679,#6680);
#6049=AXIS2_PLACEMENT_3D('',#8383,#6681,#6682);
#6050=AXIS2_PLACEMENT_3D('',#8384,#6683,#6684);
#6051=AXIS2_PLACEMENT_3D('',#8385,#6685,#6686);
#6052=AXIS2_PLACEMENT_3D('',#8388,#6687,#6688);
#6053=AXIS2_PLACEMENT_3D('',#8390,#6689,#6690);
#6054=AXIS2_PLACEMENT_3D('',#8391,#6691,#6692);
#6055=AXIS2_PLACEMENT_3D('',#8429,#6693,#6694);
#6056=AXIS2_PLACEMENT_3D('',#8432,#6695,#6696);
#6057=AXIS2_PLACEMENT_3D('',#8434,#6697,#6698);
#6058=AXIS2_PLACEMENT_3D('',#8436,#6699,#6700);
#6059=AXIS2_PLACEMENT_3D('',#8449,#6701,#6702);
#6060=AXIS2_PLACEMENT_3D('',#8452,#6703,#6704);
#6061=AXIS2_PLACEMENT_3D('',#8454,#6705,#6706);
#6062=AXIS2_PLACEMENT_3D('',#8455,#6707,#6708);
#6063=AXIS2_PLACEMENT_3D('',#8456,#6709,#6710);
#6064=AXIS2_PLACEMENT_3D('',#8459,#6711,#6712);
#6065=AXIS2_PLACEMENT_3D('',#8462,#6715,#6716);
#6066=AXIS2_PLACEMENT_3D('',#8465,#6719,#6720);
#6067=AXIS2_PLACEMENT_3D('',#8468,#6721,#6722);
#6068=AXIS2_PLACEMENT_3D('',#8470,#6723,#6724);
#6069=AXIS2_PLACEMENT_3D('',#8471,#6725,#6726);
#6070=AXIS2_PLACEMENT_3D('',#8509,#6727,#6728);
#6071=AXIS2_PLACEMENT_3D('',#8512,#6729,#6730);
#6072=AXIS2_PLACEMENT_3D('',#8514,#6731,#6732);
#6073=AXIS2_PLACEMENT_3D('',#8515,#6733,#6734);
#6074=AXIS2_PLACEMENT_3D('',#8516,#6735,#6736);
#6075=AXIS2_PLACEMENT_3D('',#8519,#6737,#6738);
#6076=AXIS2_PLACEMENT_3D('',#8522,#6741,#6742);
#6077=AXIS2_PLACEMENT_3D('',#8525,#6743,#6744);
#6078=AXIS2_PLACEMENT_3D('',#8614,#6747,#6748);
#6079=AXIS2_PLACEMENT_3D('',#8617,#6749,#6750);
#6080=AXIS2_PLACEMENT_3D('',#8619,#6751,#6752);
#6081=AXIS2_PLACEMENT_3D('',#8620,#6753,#6754);
#6082=AXIS2_PLACEMENT_3D('',#8658,#6755,#6756);
#6083=AXIS2_PLACEMENT_3D('',#8675,#6759,#6760);
#6084=AXIS2_PLACEMENT_3D('',#8678,#6761,#6762);
#6085=AXIS2_PLACEMENT_3D('',#8680,#6763,#6764);
#6086=AXIS2_PLACEMENT_3D('',#8681,#6765,#6766);
#6087=AXIS2_PLACEMENT_3D('',#8719,#6767,#6768);
#6088=AXIS2_PLACEMENT_3D('',#8722,#6769,#6770);
#6089=AXIS2_PLACEMENT_3D('',#8724,#6771,#6772);
#6090=AXIS2_PLACEMENT_3D('',#8725,#6773,#6774);
#6091=AXIS2_PLACEMENT_3D('',#8726,#6775,#6776);
#6092=AXIS2_PLACEMENT_3D('',#8729,#6777,#6778);
#6093=AXIS2_PLACEMENT_3D('',#8732,#6781,#6782);
#6094=AXIS2_PLACEMENT_3D('',#8733,#6783,#6784);
#6095=AXIS2_PLACEMENT_3D('',#8734,#6785,#6786);
#6096=AXIS2_PLACEMENT_3D('',#8735,#6787,#6788);
#6097=AXIS2_PLACEMENT_3D('',#8738,#6789,#6790);
#6098=AXIS2_PLACEMENT_3D('',#8740,#6791,#6792);
#6099=AXIS2_PLACEMENT_3D('',#8741,#6793,#6794);
#6100=AXIS2_PLACEMENT_3D('',#8779,#6795,#6796);
#6101=AXIS2_PLACEMENT_3D('',#8782,#6797,#6798);
#6102=AXIS2_PLACEMENT_3D('',#8784,#6799,#6800);
#6103=AXIS2_PLACEMENT_3D('',#8785,#6801,#6802);
#6104=AXIS2_PLACEMENT_3D('',#8865,#6803,#6804);
#6105=AXIS2_PLACEMENT_3D('',#8884,#6807,#6808);
#6106=AXIS2_PLACEMENT_3D('',#8886,#6809,#6810);
#6107=AXIS2_PLACEMENT_3D('',#8902,#6811,#6812);
#6108=AXIS2_PLACEMENT_3D('',#8903,#6813,#6814);
#6109=AXIS2_PLACEMENT_3D('',#8906,#6815,#6816);
#6110=AXIS2_PLACEMENT_3D('',#8908,#6817,#6818);
#6111=AXIS2_PLACEMENT_3D('',#8909,#6819,#6820);
#6112=AXIS2_PLACEMENT_3D('',#8947,#6821,#6822);
#6113=AXIS2_PLACEMENT_3D('',#8950,#6823,#6824);
#6114=AXIS2_PLACEMENT_3D('',#8952,#6825,#6826);
#6115=AXIS2_PLACEMENT_3D('',#8953,#6827,#6828);
#6116=AXIS2_PLACEMENT_3D('',#8991,#6829,#6830);
#6117=AXIS2_PLACEMENT_3D('',#8994,#6833,#6834);
#6118=AXIS2_PLACEMENT_3D('',#8997,#6835,#6836);
#6119=AXIS2_PLACEMENT_3D('',#8999,#6837,#6838);
#6120=AXIS2_PLACEMENT_3D('',#9000,#6839,#6840);
#6121=AXIS2_PLACEMENT_3D('',#9001,#6841,#6842);
#6122=AXIS2_PLACEMENT_3D('',#9004,#6843,#6844);
#6123=AXIS2_PLACEMENT_3D('',#9006,#6845,#6846);
#6124=AXIS2_PLACEMENT_3D('',#9007,#6847,#6848);
#6125=AXIS2_PLACEMENT_3D('',#9073,#6849,#6850);
#6126=AXIS2_PLACEMENT_3D('',#9076,#6851,#6852);
#6127=AXIS2_PLACEMENT_3D('',#9078,#6853,#6854);
#6128=AXIS2_PLACEMENT_3D('',#9079,#6855,#6856);
#6129=AXIS2_PLACEMENT_3D('',#9117,#6857,#6858);
#6130=AXIS2_PLACEMENT_3D('',#9120,#6859,#6860);
#6131=AXIS2_PLACEMENT_3D('',#9123,#6863,#6864);
#6132=AXIS2_PLACEMENT_3D('',#9126,#6865,#6866);
#6133=AXIS2_PLACEMENT_3D('',#9127,#6867,#6868);
#6134=AXIS2_PLACEMENT_3D('',#9128,#6869,#6870);
#6135=AXIS2_PLACEMENT_3D('',#9129,#6871,#6872);
#6136=AXIS2_PLACEMENT_3D('',#9132,#6875,#6876);
#6137=AXIS2_PLACEMENT_3D('',#9135,#6877,#6878);
#6138=AXIS2_PLACEMENT_3D('',#9137,#6879,#6880);
#6139=AXIS2_PLACEMENT_3D('',#9138,#6881,#6882);
#6140=AXIS2_PLACEMENT_3D('',#9139,#6883,#6884);
#6141=AXIS2_PLACEMENT_3D('',#9142,#6885,#6886);
#6142=AXIS2_PLACEMENT_3D('',#9145,#6889,#6890);
#6143=AXIS2_PLACEMENT_3D('',#9148,#6891,#6892);
#6144=AXIS2_PLACEMENT_3D('',#9150,#6893,#6894);
#6145=AXIS2_PLACEMENT_3D('',#9151,#6895,#6896);
#6146=AXIS2_PLACEMENT_3D('',#9217,#6897,#6898);
#6147=AXIS2_PLACEMENT_3D('',#9220,#6899,#6900);
#6148=AXIS2_PLACEMENT_3D('',#9316,#6903,#6904);
#6149=AXIS2_PLACEMENT_3D('',#9333,#6907,#6908);
#6150=AXIS2_PLACEMENT_3D('',#9336,#6909,#6910);
#6151=AXIS2_PLACEMENT_3D('',#9338,#6911,#6912);
#6152=AXIS2_PLACEMENT_3D('',#9339,#6913,#6914);
#6153=AXIS2_PLACEMENT_3D('',#9340,#6915,#6916);
#6154=AXIS2_PLACEMENT_3D('',#9343,#6917,#6918);
#6155=AXIS2_PLACEMENT_3D('',#9346,#6921,#6922);
#6156=AXIS2_PLACEMENT_3D('',#9348,#6923,#6924);
#6157=AXIS2_PLACEMENT_3D('',#9366,#6925,#6926);
#6158=AXIS2_PLACEMENT_3D('',#9367,#6927,#6928);
#6159=AXIS2_PLACEMENT_3D('',#9370,#6929,#6930);
#6160=AXIS2_PLACEMENT_3D('',#9372,#6931,#6932);
#6161=AXIS2_PLACEMENT_3D('',#9373,#6933,#6934);
#6162=AXIS2_PLACEMENT_3D('',#9411,#6935,#6936);
#6163=AXIS2_PLACEMENT_3D('',#9414,#6939,#6940);
#6164=AXIS2_PLACEMENT_3D('',#9417,#6941,#6942);
#6165=AXIS2_PLACEMENT_3D('',#9419,#6943,#6944);
#6166=AXIS2_PLACEMENT_3D('',#9420,#6945,#6946);
#6167=AXIS2_PLACEMENT_3D('',#9463,#6947,#6948);
#6168=AXIS2_PLACEMENT_3D('',#9466,#6949,#6950);
#6169=AXIS2_PLACEMENT_3D('',#9468,#6951,#6952);
#6170=AXIS2_PLACEMENT_3D('',#9470,#6953,#6954);
#6171=AXIS2_PLACEMENT_3D('',#9483,#6955,#6956);
#6172=AXIS2_PLACEMENT_3D('',#9523,#6959,#6960);
#6173=AXIS2_PLACEMENT_3D('',#9594,#6963,#6964);
#6174=AXIS2_PLACEMENT_3D('',#9606,#6965,#6966);
#6175=AXIS2_PLACEMENT_3D('',#9609,#6969,#6970);
#6176=AXIS2_PLACEMENT_3D('',#9626,#6973,#6974);
#6177=AXIS2_PLACEMENT_3D('',#9629,#6975,#6976);
#6178=AXIS2_PLACEMENT_3D('',#9632,#6979,#6980);
#6179=AXIS2_PLACEMENT_3D('',#9633,#6981,#6982);
#6180=AXIS2_PLACEMENT_3D('',#9634,#6983,#6984);
#6181=AXIS2_PLACEMENT_3D('',#9714,#6985,#6986);
#6182=AXIS2_PLACEMENT_3D('',#9733,#6989,#6990);
#6183=AXIS2_PLACEMENT_3D('',#9735,#6991,#6992);
#6184=AXIS2_PLACEMENT_3D('',#9737,#6993,#6994);
#6185=AXIS2_PLACEMENT_3D('',#9752,#6995,#6996);
#6186=AXIS2_PLACEMENT_3D('',#9820,#6999,#7000);
#6187=AXIS2_PLACEMENT_3D('',#9823,#7001,#7002);
#6188=AXIS2_PLACEMENT_3D('',#9826,#7005,#7006);
#6189=AXIS2_PLACEMENT_3D('',#9829,#7007,#7008);
#6190=AXIS2_PLACEMENT_3D('',#9830,#7009,#7010);
#6191=AXIS2_PLACEMENT_3D('',#9831,#7011,#7012);
#6192=AXIS2_PLACEMENT_3D('',#9832,#7013,#7014);
#6193=AXIS2_PLACEMENT_3D('',#9863,#7017,#7018);
#6194=AXIS2_PLACEMENT_3D('',#9944,#7021,#7022);
#6195=AXIS2_PLACEMENT_3D('',#9955,#7023,#7024);
#6196=AXIS2_PLACEMENT_3D('',#9958,#7027,#7028);
#6197=AXIS2_PLACEMENT_3D('',#9960,#7029,#7030);
#6198=AXIS2_PLACEMENT_3D('',#9962,#7031,#7032);
#6199=AXIS2_PLACEMENT_3D('',#9979,#7033,#7034);
#6200=AXIS2_PLACEMENT_3D('',#9982,#7037,#7038);
#6201=AXIS2_PLACEMENT_3D('',#10064,#7041,#7042);
#6202=AXIS2_PLACEMENT_3D('',#10104,#7045,#7046);
#6203=AXIS2_PLACEMENT_3D('',#10108,#7049,#7050);
#6204=AXIS2_PLACEMENT_3D('',#10111,#7052,#7053);
#6205=AXIS2_PLACEMENT_3D('',#10112,#7054,#7055);
#6206=AXIS2_PLACEMENT_3D('',#10132,#7057,#7058);
#6207=AXIS2_PLACEMENT_3D('',#10136,#7061,#7062);
#6208=AXIS2_PLACEMENT_3D('',#10139,#7064,#7065);
#6209=AXIS2_PLACEMENT_3D('',#10140,#7066,#7067);
#6210=AXIS2_PLACEMENT_3D('',#10160,#7069,#7070);
#6211=AXIS2_PLACEMENT_3D('',#10164,#7073,#7074);
#6212=AXIS2_PLACEMENT_3D('',#10167,#7076,#7077);
#6213=AXIS2_PLACEMENT_3D('',#10168,#7078,#7079);
#6214=AXIS2_PLACEMENT_3D('',#10206,#7081,#7082);
#6215=AXIS2_PLACEMENT_3D('',#10210,#7085,#7086);
#6216=AXIS2_PLACEMENT_3D('',#10213,#7088,#7089);
#6217=AXIS2_PLACEMENT_3D('',#10214,#7090,#7091);
#6218=AXIS2_PLACEMENT_3D('',#10216,#7093,#7094);
#6219=AXIS2_PLACEMENT_3D('',#10314,#7099,#7100);
#6220=AXIS2_PLACEMENT_3D('',#10316,#7102,#7103);
#6221=AXIS2_PLACEMENT_3D('',#10320,#7106,#7107);
#6222=AXIS2_PLACEMENT_3D('',#10323,#7108,#7109);
#6223=AXIS2_PLACEMENT_3D('',#10327,#7111,#7112);
#6224=AXIS2_PLACEMENT_3D('',#10331,#7114,#7115);
#6225=AXIS2_PLACEMENT_3D('',#10335,#7117,#7118);
#6226=AXIS2_PLACEMENT_3D('',#10338,#7120,#7121);
#6227=AXIS2_PLACEMENT_3D('',#10340,#7122,#7123);
#6228=AXIS2_PLACEMENT_3D('',#10342,#7124,#7125);
#6229=AXIS2_PLACEMENT_3D('',#10344,#7126,#7127);
#6230=AXIS2_PLACEMENT_3D('',#10346,#7128,#7129);
#6231=AXIS2_PLACEMENT_3D('',#10348,#7130,#7131);
#6232=AXIS2_PLACEMENT_3D('',#10350,#7132,#7133);
#6233=AXIS2_PLACEMENT_3D('',#10352,#7134,#7135);
#6234=AXIS2_PLACEMENT_3D('',#10355,#7136,#7137);
#6235=AXIS2_PLACEMENT_3D('',#10363,#7141,#7142);
#6236=AXIS2_PLACEMENT_3D('',#10365,#7143,#7144);
#6237=AXIS2_PLACEMENT_3D('',#10367,#7145,#7146);
#6238=AXIS2_PLACEMENT_3D('',#10375,#7150,#7151);
#6239=AXIS2_PLACEMENT_3D('',#10377,#7152,#7153);
#6240=AXIS2_PLACEMENT_3D('',#10379,#7154,#7155);
#6241=AXIS2_PLACEMENT_3D('',#10387,#7159,#7160);
#6242=AXIS2_PLACEMENT_3D('',#10389,#7161,#7162);
#6243=AXIS2_PLACEMENT_3D('',#10391,#7163,#7164);
#6244=AXIS2_PLACEMENT_3D('',#10399,#7168,#7169);
#6245=AXIS2_PLACEMENT_3D('',#10400,#7170,#7171);
#6246=AXIS2_PLACEMENT_3D('',#10402,#7172,#7173);
#6247=AXIS2_PLACEMENT_3D('',#10417,#7176,#7177);
#6248=AXIS2_PLACEMENT_3D('',#10426,#7180,#7181);
#6249=AXIS2_PLACEMENT_3D('',#10435,#7184,#7185);
#6250=AXIS2_PLACEMENT_3D('',#10450,#7188,#7189);
#6251=AXIS2_PLACEMENT_3D('',#10489,#7194,#7195);
#6252=AXIS2_PLACEMENT_3D('',#10490,#7196,#7197);
#6253=AXIS2_PLACEMENT_3D('',#10492,#7199,#7200);
#6254=AXIS2_PLACEMENT_3D('',#10603,#7206,#7207);
#6255=AXIS2_PLACEMENT_3D('',#10621,#7209,#7210);
#6256=AXIS2_PLACEMENT_3D('',#10629,#7214,#7215);
#6257=AXIS2_PLACEMENT_3D('',#10637,#7219,#7220);
#6258=AXIS2_PLACEMENT_3D('',#10645,#7224,#7225);
#6259=AXIS2_PLACEMENT_3D('',#10649,#7228,#7229);
#6260=AXIS2_PLACEMENT_3D('',#10651,#7231,#7232);
#6261=AXIS2_PLACEMENT_3D('',#10653,#7234,#7235);
#6262=AXIS2_PLACEMENT_3D('',#10655,#7237,#7238);
#6263=AXIS2_PLACEMENT_3D('',#10682,#7239,#7240);
#6264=AXIS2_PLACEMENT_3D('',#10684,#7241,#7242);
#6265=AXIS2_PLACEMENT_3D('',#10686,#7243,#7244);
#6266=AXIS2_PLACEMENT_3D('',#10687,#7245,#7246);
#6267=AXIS2_PLACEMENT_3D('',#10688,#7247,#7248);
#6268=AXIS2_PLACEMENT_3D('',#10691,#7251,#7252);
#6269=AXIS2_PLACEMENT_3D('',#10693,#7253,#7254);
#6270=AXIS2_PLACEMENT_3D('',#10695,#7255,#7256);
#6271=AXIS2_PLACEMENT_3D('',#10696,#7257,#7258);
#6272=AXIS2_PLACEMENT_3D('',#10697,#7259,#7260);
#6273=AXIS2_PLACEMENT_3D('',#10700,#7263,#7264);
#6274=AXIS2_PLACEMENT_3D('',#10703,#7266,#7267);
#6275=AXIS2_PLACEMENT_3D('',#10704,#7268,#7269);
#6276=AXIS2_PLACEMENT_3D('',#10706,#7270,#7271);
#6277=AXIS2_PLACEMENT_3D('',#10708,#7273,#7274);
#6278=AXIS2_PLACEMENT_3D('',#10710,#7275,#7276);
#6279=AXIS2_PLACEMENT_3D('',#10712,#7277,#7278);
#6280=AXIS2_PLACEMENT_3D('',#10713,#7279,#7280);
#6281=AXIS2_PLACEMENT_3D('',#10714,#7281,#7282);
#6282=AXIS2_PLACEMENT_3D('',#10717,#7285,#7286);
#6283=AXIS2_PLACEMENT_3D('',#10719,#7288,#7289);
#6284=AXIS2_PLACEMENT_3D('',#10721,#7290,#7291);
#6285=AXIS2_PLACEMENT_3D('',#10723,#7292,#7293);
#6286=AXIS2_PLACEMENT_3D('',#10724,#7294,#7295);
#6287=AXIS2_PLACEMENT_3D('',#10725,#7296,#7297);
#6288=AXIS2_PLACEMENT_3D('',#10728,#7300,#7301);
#6289=AXIS2_PLACEMENT_3D('',#10730,#7302,#7303);
#6290=AXIS2_PLACEMENT_3D('',#10732,#7304,#7305);
#6291=AXIS2_PLACEMENT_3D('',#10733,#7306,#7307);
#6292=AXIS2_PLACEMENT_3D('',#10734,#7308,#7309);
#6293=AXIS2_PLACEMENT_3D('',#10737,#7312,#7313);
#6294=AXIS2_PLACEMENT_3D('',#10738,#7314,#7315);
#6295=AXIS2_PLACEMENT_3D('',#10739,#7316,#7317);
#6296=AXIS2_PLACEMENT_3D('',#10741,#7318,#7319);
#6297=AXIS2_PLACEMENT_3D('',#10743,#7320,#7321);
#6298=AXIS2_PLACEMENT_3D('',#10744,#7322,#7323);
#6299=AXIS2_PLACEMENT_3D('',#10745,#7324,#7325);
#6300=AXIS2_PLACEMENT_3D('',#10748,#7328,#7329);
#6301=AXIS2_PLACEMENT_3D('',#10751,#7331,#7332);
#6302=AXIS2_PLACEMENT_3D('',#10752,#7333,#7334);
#6303=AXIS2_PLACEMENT_3D('',#10754,#7335,#7336);
#6304=AXIS2_PLACEMENT_3D('',#10756,#7338,#7339);
#6305=AXIS2_PLACEMENT_3D('',#10758,#7340,#7341);
#6306=AXIS2_PLACEMENT_3D('',#10760,#7342,#7343);
#6307=AXIS2_PLACEMENT_3D('',#10761,#7344,#7345);
#6308=AXIS2_PLACEMENT_3D('',#10762,#7346,#7347);
#6309=AXIS2_PLACEMENT_3D('',#10765,#7350,#7351);
#6310=AXIS2_PLACEMENT_3D('',#10767,#7353,#7354);
#6311=AXIS2_PLACEMENT_3D('',#10769,#7355,#7356);
#6312=AXIS2_PLACEMENT_3D('',#10771,#7357,#7358);
#6313=AXIS2_PLACEMENT_3D('',#10772,#7359,#7360);
#6314=AXIS2_PLACEMENT_3D('',#10773,#7361,#7362);
#6315=AXIS2_PLACEMENT_3D('',#10776,#7365,#7366);
#6316=AXIS2_PLACEMENT_3D('',#10777,#7367,#7368);
#6317=AXIS2_PLACEMENT_3D('',#10778,#7369,#7370);
#6318=AXIS2_PLACEMENT_3D('',#10781,#7372,#7373);
#6319=AXIS2_PLACEMENT_3D('',#10782,#7374,#7375);
#6320=AXIS2_PLACEMENT_3D('',#10785,#7377,#7378);
#6321=AXIS2_PLACEMENT_3D('',#10786,#7379,#7380);
#6322=AXIS2_PLACEMENT_3D('',#10788,#7382,#7383);
#6323=AXIS2_PLACEMENT_3D('',#10789,#7384,#7385);
#6324=AXIS2_PLACEMENT_3D('',#10790,#7386,#7387);
#6325=AXIS2_PLACEMENT_3D('',#10793,#7389,#7390);
#6326=AXIS2_PLACEMENT_3D('',#10794,#7391,#7392);
#6327=AXIS2_PLACEMENT_3D('',#10797,#7394,#7395);
#6328=AXIS2_PLACEMENT_3D('',#10798,#7396,#7397);
#6329=AXIS2_PLACEMENT_3D('',#10800,#7399,#7400);
#6330=AXIS2_PLACEMENT_3D('',#10801,#7401,#7402);
#6331=AXIS2_PLACEMENT_3D('',#10802,#7403,#7404);
#6332=AXIS2_PLACEMENT_3D('',#10804,#7406,#7407);
#6333=AXIS2_PLACEMENT_3D('',#10806,#7409,#7410);
#6334=AXIS2_PLACEMENT_3D('',#10807,#7411,#7412);
#6335=AXIS2_PLACEMENT_3D('',#10808,#7413,#7414);
#6336=AXIS2_PLACEMENT_3D('',#10810,#7416,#7417);
#6337=AXIS2_PLACEMENT_3D('',#10812,#7419,#7420);
#6338=AXIS2_PLACEMENT_3D('',#10813,#7421,#7422);
#6339=AXIS2_PLACEMENT_3D('',#10814,#7423,#7424);
#6340=AXIS2_PLACEMENT_3D('',#10816,#7425,#7426);
#6341=AXIS2_PLACEMENT_3D('',#10819,#7428,#7429);
#6342=AXIS2_PLACEMENT_3D('',#10820,#7430,#7431);
#6343=AXIS2_PLACEMENT_3D('',#10823,#7433,#7434);
#6344=AXIS2_PLACEMENT_3D('',#10824,#7435,#7436);
#6345=AXIS2_PLACEMENT_3D('',#10832,#7440,#7441);
#6346=AXIS2_PLACEMENT_3D('',#10833,#7442,#7443);
#6347=AXIS2_PLACEMENT_3D('',#10839,#7447,#7448);
#6348=AXIS2_PLACEMENT_3D('',#10842,#7450,#7451);
#6349=AXIS2_PLACEMENT_3D('',#10843,#7452,#7453);
#6350=AXIS2_PLACEMENT_3D('',#10848,#7456,#7457);
#6351=AXIS2_PLACEMENT_3D('',#10849,#7458,#7459);
#6352=AXIS2_PLACEMENT_3D('',#10855,#7463,#7464);
#6353=AXIS2_PLACEMENT_3D('',#10859,#7466,#7467);
#6354=AXIS2_PLACEMENT_3D('',#10860,#7468,#7469);
#6355=AXIS2_PLACEMENT_3D('',#10861,#7470,#7471);
#6356=AXIS2_PLACEMENT_3D('',#10865,#7474,#7475);
#6357=AXIS2_PLACEMENT_3D('',#10867,#7476,#7477);
#6358=AXIS2_PLACEMENT_3D('',#10870,#7479,#7480);
#6359=AXIS2_PLACEMENT_3D('',#10871,#7481,#7482);
#6360=AXIS2_PLACEMENT_3D('',#10880,#7486,#7487);
#6361=AXIS2_PLACEMENT_3D('',#10884,#7489,#7490);
#6362=AXIS2_PLACEMENT_3D('',#10887,#7492,#7493);
#6363=AXIS2_PLACEMENT_3D('',#10889,#7494,#7495);
#6364=AXIS2_PLACEMENT_3D('',#10890,#7496,#7497);
#6365=AXIS2_PLACEMENT_3D('',#10893,#7499,#7500);
#6366=AXIS2_PLACEMENT_3D('',#10894,#7501,#7502);
#6367=AXIS2_PLACEMENT_3D('',#10900,#7506,#7507);
#6368=AXIS2_PLACEMENT_3D('',#10903,#7509,#7510);
#6369=AXIS2_PLACEMENT_3D('',#10904,#7511,#7512);
#6370=AXIS2_PLACEMENT_3D('',#10908,#7515,#7516);
#6371=AXIS2_PLACEMENT_3D('',#10910,#7517,#7518);
#6372=AXIS2_PLACEMENT_3D('',#10912,#7520,#7521);
#6373=AXIS2_PLACEMENT_3D('',#10916,#7524,#7525);
#6374=AXIS2_PLACEMENT_3D('',#10919,#7527,#7528);
#6375=AXIS2_PLACEMENT_3D('',#10920,#7529,#7530);
#6376=AXIS2_PLACEMENT_3D('',#10924,#7533,#7534);
#6377=AXIS2_PLACEMENT_3D('',#10930,#7538,#7539);
#6378=AXIS2_PLACEMENT_3D('',#10934,#7541,#7542);
#6379=AXIS2_PLACEMENT_3D('',#10935,#7543,#7544);
#6380=AXIS2_PLACEMENT_3D('',#10936,#7545,#7546);
#6381=AXIS2_PLACEMENT_3D('',#10940,#7549,#7550);
#6382=AXIS2_PLACEMENT_3D('',#10943,#7552,#7553);
#6383=AXIS2_PLACEMENT_3D('',#10944,#7554,#7555);
#6384=AXIS2_PLACEMENT_3D('',#10948,#7558,#7559);
#6385=AXIS2_PLACEMENT_3D('',#10952,#7561,#7562);
#6386=AXIS2_PLACEMENT_3D('',#10953,#7563,#7564);
#6387=AXIS2_PLACEMENT_3D('',#10954,#7565,#7566);
#6388=AXIS2_PLACEMENT_3D('',#10958,#7569,#7570);
#6389=AXIS2_PLACEMENT_3D('',#10961,#7572,#7573);
#6390=AXIS2_PLACEMENT_3D('',#10962,#7574,#7575);
#6391=AXIS2_PLACEMENT_3D('',#10965,#7577,#7578);
#6392=AXIS2_PLACEMENT_3D('',#10966,#7579,#7580);
#6393=AXIS2_PLACEMENT_3D('',#10975,#7585,#7586);
#6394=AXIS2_PLACEMENT_3D('',#10979,#7588,#7589);
#6395=AXIS2_PLACEMENT_3D('',#10980,#7590,#7591);
#6396=AXIS2_PLACEMENT_3D('',#10981,#7592,#7593);
#6397=AXIS2_PLACEMENT_3D('',#10987,#7597,#7598);
#6398=AXIS2_PLACEMENT_3D('',#10993,#7602,#7603);
#6399=AXIS2_PLACEMENT_3D('',#10996,#7605,#7606);
#6400=AXIS2_PLACEMENT_3D('',#10997,#7607,#7608);
#6401=AXIS2_PLACEMENT_3D('',#11001,#7611,#7612);
#6402=AXIS2_PLACEMENT_3D('',#11003,#7613,#7614);
#6403=AXIS2_PLACEMENT_3D('',#11006,#7616,#7617);
#6404=AXIS2_PLACEMENT_3D('',#11007,#7618,#7619);
#6405=AXIS2_PLACEMENT_3D('',#11010,#7621,#7622);
#6406=AXIS2_PLACEMENT_3D('',#11011,#7623,#7624);
#6407=AXIS2_PLACEMENT_3D('',#11019,#7628,#7629);
#6408=AXIS2_PLACEMENT_3D('',#11020,#7630,#7631);
#6409=AXIS2_PLACEMENT_3D('',#11023,#7632,#7633);
#6410=AXIS2_PLACEMENT_3D('',#11028,#7637,#7638);
#6411=AXIS2_PLACEMENT_3D('',#11031,#7640,#7641);
#6412=AXIS2_PLACEMENT_3D('',#11032,#7642,#7643);
#6413=AXIS2_PLACEMENT_3D('',#11036,#7646,#7647);
#6414=AXIS2_PLACEMENT_3D('',#11042,#7651,#7652);
#6415=AXIS2_PLACEMENT_3D('',#11046,#7654,#7655);
#6416=AXIS2_PLACEMENT_3D('',#11047,#7656,#7657);
#6417=AXIS2_PLACEMENT_3D('',#11048,#7658,#7659);
#6418=AXIS2_PLACEMENT_3D('',#11052,#7662,#7663);
#6419=AXIS2_PLACEMENT_3D('',#11054,#7664,#7665);
#6420=AXIS2_PLACEMENT_3D('',#11057,#7667,#7668);
#6421=AXIS2_PLACEMENT_3D('',#11058,#7669,#7670);
#6422=AXIS2_PLACEMENT_3D('',#11061,#7672,#7673);
#6423=AXIS2_PLACEMENT_3D('',#11062,#7674,#7675);
#6424=AXIS2_PLACEMENT_3D('',#11070,#7679,#7680);
#6425=AXIS2_PLACEMENT_3D('',#11071,#7681,#7682);
#6426=AXIS2_PLACEMENT_3D('',#11077,#7686,#7687);
#6427=AXIS2_PLACEMENT_3D('',#11080,#7689,#7690);
#6428=AXIS2_PLACEMENT_3D('',#11081,#7691,#7692);
#6429=AXIS2_PLACEMENT_3D('',#11086,#7695,#7696);
#6430=AXIS2_PLACEMENT_3D('',#11087,#7697,#7698);
#6431=AXIS2_PLACEMENT_3D('',#11093,#7702,#7703);
#6432=AXIS2_PLACEMENT_3D('',#11097,#7705,#7706);
#6433=AXIS2_PLACEMENT_3D('',#11098,#7707,#7708);
#6434=AXIS2_PLACEMENT_3D('',#11099,#7709,#7710);
#6435=AXIS2_PLACEMENT_3D('',#11103,#7713,#7714);
#6436=AXIS2_PLACEMENT_3D('',#11112,#7719,#7720);
#6437=AXIS2_PLACEMENT_3D('',#11116,#7722,#7723);
#6438=AXIS2_PLACEMENT_3D('',#11117,#7724,#7725);
#6439=AXIS2_PLACEMENT_3D('',#11118,#7726,#7727);
#6440=AXIS2_PLACEMENT_3D('',#11124,#7731,#7732);
#6441=AXIS2_PLACEMENT_3D('',#11130,#7736,#7737);
#6442=AXIS2_PLACEMENT_3D('',#11133,#7739,#7740);
#6443=AXIS2_PLACEMENT_3D('',#11134,#7741,#7742);
#6444=AXIS2_PLACEMENT_3D('',#11138,#7745,#7746);
#6445=AXIS2_PLACEMENT_3D('',#11140,#7747,#7748);
#6446=AXIS2_PLACEMENT_3D('',#11143,#7750,#7751);
#6447=AXIS2_PLACEMENT_3D('',#11144,#7752,#7753);
#6448=AXIS2_PLACEMENT_3D('',#11147,#7755,#7756);
#6449=AXIS2_PLACEMENT_3D('',#11148,#7757,#7758);
#6450=AXIS2_PLACEMENT_3D('',#11156,#7762,#7763);
#6451=AXIS2_PLACEMENT_3D('',#11157,#7764,#7765);
#6452=AXIS2_PLACEMENT_3D('',#11160,#7766,#7767);
#6453=AXIS2_PLACEMENT_3D('',#11165,#7771,#7772);
#6454=AXIS2_PLACEMENT_3D('',#11168,#7774,#7775);
#6455=AXIS2_PLACEMENT_3D('',#11169,#7776,#7777);
#6456=AXIS2_PLACEMENT_3D('',#11173,#7780,#7781);
#6457=AXIS2_PLACEMENT_3D('',#11179,#7785,#7786);
#6458=AXIS2_PLACEMENT_3D('',#11183,#7788,#7789);
#6459=AXIS2_PLACEMENT_3D('',#11184,#7790,#7791);
#6460=AXIS2_PLACEMENT_3D('',#11185,#7792,#7793);
#6461=AXIS2_PLACEMENT_3D('',#11189,#7796,#7797);
#6462=AXIS2_PLACEMENT_3D('',#11198,#7802,#7803);
#6463=AXIS2_PLACEMENT_3D('',#11202,#7805,#7806);
#6464=AXIS2_PLACEMENT_3D('',#11203,#7807,#7808);
#6465=AXIS2_PLACEMENT_3D('',#11204,#7809,#7810);
#6466=AXIS2_PLACEMENT_3D('',#11210,#7814,#7815);
#6467=AXIS2_PLACEMENT_3D('',#11212,#7816,#7817);
#6468=AXIS2_PLACEMENT_3D('',#11215,#7819,#7820);
#6469=AXIS2_PLACEMENT_3D('',#11216,#7821,#7822);
#6470=AXIS2_PLACEMENT_3D('',#11222,#7826,#7827);
#6471=AXIS2_PLACEMENT_3D('',#11226,#7829,#7830);
#6472=AXIS2_PLACEMENT_3D('',#11227,#7831,#7832);
#6473=AXIS2_PLACEMENT_3D('',#11228,#7833,#7834);
#6474=AXIS2_PLACEMENT_3D('',#11234,#7838,#7839);
#6475=AXIS2_PLACEMENT_3D('',#11240,#7843,#7844);
#6476=AXIS2_PLACEMENT_3D('',#11244,#7846,#7847);
#6477=AXIS2_PLACEMENT_3D('',#11245,#7848,#7849);
#6478=AXIS2_PLACEMENT_3D('',#11246,#7850,#7851);
#6479=AXIS2_PLACEMENT_3D('',#11250,#7854,#7855);
#6480=AXIS2_PLACEMENT_3D('',#11253,#7857,#7858);
#6481=AXIS2_PLACEMENT_3D('',#11254,#7859,#7860);
#6482=AXIS2_PLACEMENT_3D('',#11258,#7863,#7864);
#6483=AXIS2_PLACEMENT_3D('',#11262,#7866,#7867);
#6484=AXIS2_PLACEMENT_3D('',#11263,#7868,#7869);
#6485=AXIS2_PLACEMENT_3D('',#11264,#7870,#7871);
#6486=AXIS2_PLACEMENT_3D('',#11268,#7874,#7875);
#6487=AXIS2_PLACEMENT_3D('',#11270,#7876,#7877);
#6488=AXIS2_PLACEMENT_3D('',#11273,#7879,#7880);
#6489=AXIS2_PLACEMENT_3D('',#11274,#7881,#7882);
#6490=AXIS2_PLACEMENT_3D('',#11277,#7884,#7885);
#6491=AXIS2_PLACEMENT_3D('',#11278,#7886,#7887);
#6492=AXIS2_PLACEMENT_3D('',#11281,#7889,#7890);
#6493=AXIS2_PLACEMENT_3D('',#11282,#7891,#7892);
#6494=AXIS2_PLACEMENT_3D('',#11285,#7894,#7895);
#6495=AXIS2_PLACEMENT_3D('',#11286,#7896,#7897);
#6496=AXIS2_PLACEMENT_3D('',#11289,#7899,#7900);
#6497=AXIS2_PLACEMENT_3D('',#11290,#7901,#7902);
#6498=AXIS2_PLACEMENT_3D('',#11292,#7904,#7905);
#6499=AXIS2_PLACEMENT_3D('',#11301,#7910,#7911);
#6500=AXIS2_PLACEMENT_3D('',#11305,#7913,#7914);
#6501=AXIS2_PLACEMENT_3D('',#11306,#7915,#7916);
#6502=AXIS2_PLACEMENT_3D('',#11307,#7917,#7918);
#6503=AXIS2_PLACEMENT_3D('',#11313,#7922,#7923);
#6504=AXIS2_PLACEMENT_3D('',#11317,#7925,#7926);
#6505=AXIS2_PLACEMENT_3D('',#11318,#7927,#7928);
#6506=AXIS2_PLACEMENT_3D('',#11319,#7929,#7930);
#6507=AXIS2_PLACEMENT_3D('',#11325,#7934,#7935);
#6508=AXIS2_PLACEMENT_3D('',#11332,#7941,#7942);
#6509=AXIS2_PLACEMENT_3D('',#11335,#7944,#7945);
#6510=AXIS2_PLACEMENT_3D('',#11336,#7946,#7947);
#6511=AXIS2_PLACEMENT_3D('',#11340,#7950,#7951);
#6512=AXIS2_PLACEMENT_3D('',#11342,#7953,#7954);
#6513=AXIS2_PLACEMENT_3D('',#11343,#7955,#7956);
#6514=AXIS2_PLACEMENT_3D('',#11442,#7962,#7963);
#6515=AXIS2_PLACEMENT_3D('',#11446,#7965,#7966);
#6516=AXIS2_PLACEMENT_3D('',#11452,#7969,#7970);
#6517=AXIS2_PLACEMENT_3D('',#11456,#7972,#7973);
#6518=AXIS2_PLACEMENT_3D('',#11462,#7976,#7977);
#6519=AXIS2_PLACEMENT_3D('',#11475,#7980,#7981);
#6520=AXIS2_PLACEMENT_3D('',#11557,#7986,#7987);
#6521=AXIS2_PLACEMENT_3D('',#11559,#7988,#7989);
#6522=AXIS2_PLACEMENT_3D('',#11561,#7990,#7991);
#6523=AXIS2_PLACEMENT_3D('',#11563,#7992,#7993);
#6524=AXIS2_PLACEMENT_3D('',#11565,#7994,#7995);
#6525=AXIS2_PLACEMENT_3D('',#11567,#7996,#7997);
#6526=AXIS2_PLACEMENT_3D('',#11569,#7998,#7999);
#6527=AXIS2_PLACEMENT_3D('',#11571,#8000,#8001);
#6528=AXIS2_PLACEMENT_3D('',#11573,#8002,#8003);
#6529=AXIS2_PLACEMENT_3D('',#11575,#8004,#8005);
#6530=AXIS2_PLACEMENT_3D('',#11577,#8006,#8007);
#6531=AXIS2_PLACEMENT_3D('',#11579,#8008,#8009);
#6532=AXIS2_PLACEMENT_3D('',#11581,#8010,#8011);
#6533=AXIS2_PLACEMENT_3D('',#11583,#8012,#8013);
#6534=AXIS2_PLACEMENT_3D('',#11585,#8014,#8015);
#6535=AXIS2_PLACEMENT_3D('',#11587,#8016,#8017);
#6536=AXIS2_PLACEMENT_3D('',#11588,#8018,#8019);
#6537=AXIS2_PLACEMENT_3D('',#11625,#8020,#8021);
#6538=AXIS2_PLACEMENT_3D('',#11631,#8025,#8026);
#6539=AXIS2_PLACEMENT_3D('',#11634,#8028,#8029);
#6540=AXIS2_PLACEMENT_3D('',#11635,#8030,#8031);
#6541=AXIS2_PLACEMENT_3D('',#11637,#8033,#8034);
#6542=AXIS2_PLACEMENT_3D('',#11639,#8036,#8037);
#6543=AXIS2_PLACEMENT_3D('',#11643,#8040,#8041);
#6544=AXIS2_PLACEMENT_3D('',#11646,#8043,#8044);
#6545=AXIS2_PLACEMENT_3D('',#11647,#8045,#8046);
#6546=AXIS2_PLACEMENT_3D('',#11651,#8049,#8050);
#6547=AXIS2_PLACEMENT_3D('',#11653,#8052,#8053);
#6548=AXIS2_PLACEMENT_3D('',#11656,#8056,#8057);
#6549=AXIS2_PLACEMENT_3D('',#11658,#8058,#8059);
#6550=AXIS2_PLACEMENT_3D('',#11659,#8060,#8061);
#6551=AXIS2_PLACEMENT_3D('',#11661,#8062,#8063);
#6552=AXIS2_PLACEMENT_3D('',#11662,#8064,#8065);
#6553=AXIS2_PLACEMENT_3D('',#11665,#8067,#8068);
#6554=AXIS2_PLACEMENT_3D('',#11666,#8069,#8070);
#6555=AXIS2_PLACEMENT_3D('',#11667,#8071,#8072);
#6556=AXIS2_PLACEMENT_3D('',#11670,#8074,#8075);
#6557=AXIS2_PLACEMENT_3D('',#11671,#8076,#8077);
#6558=AXIS2_PLACEMENT_3D('',#11672,#8078,#8079);
#6559=AXIS2_PLACEMENT_3D('',#11675,#8081,#8082);
#6560=AXIS2_PLACEMENT_3D('',#11676,#8083,#8084);
#6561=AXIS2_PLACEMENT_3D('',#11677,#8085,#8086);
#6562=AXIS2_PLACEMENT_3D('',#11680,#8088,#8089);
#6563=AXIS2_PLACEMENT_3D('',#11681,#8090,#8091);
#6564=AXIS2_PLACEMENT_3D('',#11682,#8092,#8093);
#6565=AXIS2_PLACEMENT_3D('',#11685,#8095,#8096);
#6566=AXIS2_PLACEMENT_3D('',#11686,#8097,#8098);
#6567=AXIS2_PLACEMENT_3D('',#11687,#8099,#8100);
#6568=AXIS2_PLACEMENT_3D('',#11690,#8102,#8103);
#6569=AXIS2_PLACEMENT_3D('',#11691,#8104,#8105);
#6570=AXIS2_PLACEMENT_3D('',#11692,#8106,#8107);
#6571=AXIS2_PLACEMENT_3D('',#11695,#8109,#8110);
#6572=AXIS2_PLACEMENT_3D('',#11696,#8111,#8112);
#6573=AXIS2_PLACEMENT_3D('',#11697,#8113,#8114);
#6574=AXIS2_PLACEMENT_3D('',#11700,#8116,#8117);
#6575=AXIS2_PLACEMENT_3D('',#11701,#8118,#8119);
#6576=AXIS2_PLACEMENT_3D('',#11702,#8120,#8121);
#6577=AXIS2_PLACEMENT_3D('',#11705,#8123,#8124);
#6578=AXIS2_PLACEMENT_3D('',#11706,#8125,#8126);
#6579=AXIS2_PLACEMENT_3D('',#11707,#8127,#8128);
#6580=AXIS2_PLACEMENT_3D('',#11710,#8130,#8131);
#6581=AXIS2_PLACEMENT_3D('',#11711,#8132,#8133);
#6582=AXIS2_PLACEMENT_3D('',#11712,#8134,#8135);
#6583=AXIS2_PLACEMENT_3D('',#11715,#8137,#8138);
#6584=AXIS2_PLACEMENT_3D('',#11716,#8139,#8140);
#6585=AXIS2_PLACEMENT_3D('',#11717,#8141,#8142);
#6586=AXIS2_PLACEMENT_3D('',#11720,#8144,#8145);
#6587=AXIS2_PLACEMENT_3D('',#11721,#8146,#8147);
#6588=AXIS2_PLACEMENT_3D('',#11722,#8148,#8149);
#6589=AXIS2_PLACEMENT_3D('',#11725,#8151,#8152);
#6590=AXIS2_PLACEMENT_3D('',#11726,#8153,#8154);
#6591=AXIS2_PLACEMENT_3D('',#11727,#8155,#8156);
#6592=AXIS2_PLACEMENT_3D('',#11730,#8159,#8160);
#6593=AXIS2_PLACEMENT_3D('',#11732,#8162,#8163);
#6594=AXIS2_PLACEMENT_3D('',#11734,#8164,#8165);
#6595=AXIS2_PLACEMENT_3D('',#11735,#8166,#8167);
#6596=AXIS2_PLACEMENT_3D('',#11737,#8169,#8170);
#6597=AXIS2_PLACEMENT_3D('',#11739,#8171,#8172);
#6598=AXIS2_PLACEMENT_3D('',#11740,#8173,#8174);
#6599=AXIS2_PLACEMENT_3D('',#11744,#8176,#8177);
#6600=AXIS2_PLACEMENT_3D('',#11748,#8179,#8180);
#6601=AXIS2_PLACEMENT_3D('',#11750,#8182,#8183);
#6602=AXIS2_PLACEMENT_3D('',#11752,#8184,#8185);
#6603=AXIS2_PLACEMENT_3D('',#11753,#8186,#8187);
#6604=AXIS2_PLACEMENT_3D('',#11755,#8189,#8190);
#6605=AXIS2_PLACEMENT_3D('',#11757,#8191,#8192);
#6606=AXIS2_PLACEMENT_3D('',#11758,#8193,#8194);
#6607=AXIS2_PLACEMENT_3D('',#11761,#8196,#8197);
#6608=AXIS2_PLACEMENT_3D('',#11762,#8198,#8199);
#6609=AXIS2_PLACEMENT_3D('',#11766,#8201,#8202);
#6610=AXIS2_PLACEMENT_3D('',#11770,#8204,#8205);
#6611=AXIS2_PLACEMENT_3D('',#11774,#8208,#8209);
#6612=AXIS2_PLACEMENT_3D('',#11775,#8210,#8211);
#6613=AXIS2_PLACEMENT_3D('',#11777,#8212,#8213);
#6614=AXIS2_PLACEMENT_3D('',#11778,#8214,#8215);
#6615=AXIS2_PLACEMENT_3D('',#11780,#8217,#8218);
#6616=AXIS2_PLACEMENT_3D('',#11782,#8219,#8220);
#6617=AXIS2_PLACEMENT_3D('',#11783,#8221,#8222);
#6618=AXIS2_PLACEMENT_3D('',#11785,#8223,#8224);
#6619=AXIS2_PLACEMENT_3D('',#11786,#8225,#8226);
#6620=AXIS2_PLACEMENT_3D('',#11788,#8227,#8228);
#6621=AXIS2_PLACEMENT_3D('',#11789,#8229,#8230);
#6622=AXIS2_PLACEMENT_3D('',#11791,#8232,#8233);
#6623=AXIS2_PLACEMENT_3D('',#11793,#8235,#8236);
#6624=AXIS2_PLACEMENT_3D('',#11795,#8238,#8239);
#6625=AXIS2_PLACEMENT_3D('',#11797,#8241,#8242);
#6626=AXIS2_PLACEMENT_3D('',#11799,#8244,#8245);
#6627=AXIS2_PLACEMENT_3D('',#11801,#8247,#8248);
#6628=AXIS2_PLACEMENT_3D('',#11803,#8250,#8251);
#6629=AXIS2_PLACEMENT_3D('',#11805,#8253,#8254);
#6630=AXIS2_PLACEMENT_3D('',#11807,#8256,#8257);
#6631=AXIS2_PLACEMENT_3D('',#11809,#8259,#8260);
#6632=AXIS2_PLACEMENT_3D('',#11862,#8265,#8266);
#6633=AXIS2_PLACEMENT_3D('',#11864,#8268,#8269);
#6634=AXIS2_PLACEMENT_3D('',#11891,#8272,#8273);
#6635=AXIS2_PLACEMENT_3D('',#11918,#8276,#8277);
#6636=AXIS2_PLACEMENT_3D('',#11919,#8278,#8279);
#6637=AXIS2_PLACEMENT_3D('',#11921,#8281,#8282);
#6638=AXIS2_PLACEMENT_3D('',#11922,#8283,#8284);
#6639=AXIS2_PLACEMENT_3D('',#11924,#8286,#8287);
#6640=AXIS2_PLACEMENT_3D('',#11926,#8289,#8290);
#6641=AXIS2_PLACEMENT_3D('',#11928,#8292,#8293);
#6642=AXIS2_PLACEMENT_3D('',#11943,#8294,#8295);
#6643=AXIS2_PLACEMENT_3D('',#11945,#8297,#8298);
#6644=AXIS2_PLACEMENT_3D('',#11947,#8300,#8301);
#6645=AXIS2_PLACEMENT_3D('',#11962,#8302,#8303);
#6646=AXIS2_PLACEMENT_3D('',#11964,#8305,#8306);
#6647=AXIS2_PLACEMENT_3D('',#11966,#8308,#8309);
#6648=AXIS2_PLACEMENT_3D('',#11993,#8310,#8311);
#6649=AXIS2_PLACEMENT_3D('',#11994,#8312,#8313);
#6650=AXIS2_PLACEMENT_3D('',#12058,#8317,#8318);
#6651=AXIS2_PLACEMENT_3D('',#12059,#8319,#8320);
#6652=AXIS2_PLACEMENT_3D('',#12060,#8321,#8322);
#6653=AXIS2_PLACEMENT_3D('',#12062,#8324,#8325);
#6654=AXIS2_PLACEMENT_3D('',#12064,#8327,#8328);
#6655=AXIS2_PLACEMENT_3D('',#12065,#8329,#8330);
#6656=AXIS2_PLACEMENT_3D('',#12066,#8331,#8332);
#6657=AXIS2_PLACEMENT_3D('',#12068,#8334,#8335);
#6658=AXIS2_PLACEMENT_3D('',#12070,#8337,#8338);
#6659=AXIS2_PLACEMENT_3D('',#12071,#8339,#8340);
#6660=AXIS2_PLACEMENT_3D('',#12072,#8341,#8342);
#6661=AXIS2_PLACEMENT_3D('',#12075,#8345,#8346);
#6662=AXIS2_PLACEMENT_3D('',#12077,#8348,#8349);
#6663=AXIS2_PLACEMENT_3D('',#12079,#8351,#8352);
#6664=AXIS2_PLACEMENT_3D('',#12081,#8354,#8355);
#6665=AXIS2_PLACEMENT_3D('',#12083,#8357,#8358);
#6666=AXIS2_PLACEMENT_3D('',#12085,#8360,#8361);
#6667=AXIS2_PLACEMENT_3D('',#12087,#8363,#8364);
#6668=AXIS2_PLACEMENT_3D('',#12088,#8365,#8366);
#6669=AXIS2_PLACEMENT_3D('',#12090,#8367,#8368);
#6670=AXIS2_PLACEMENT_3D('',#12091,#8369,#8370);
#6671=AXIS2_PLACEMENT_3D('',#12093,#8372,#8373);
#6672=AXIS2_PLACEMENT_3D('',#12094,#8374,#8375);
#6673=DIRECTION('axis',(0.,0.,1.));
#6674=DIRECTION('refdir',(1.,0.,0.));
#6675=DIRECTION('axis',(0.,0.,1.));
#6676=DIRECTION('refdir',(1.,0.,0.));
#6677=DIRECTION('center_axis',(-0.586984783838952,0.0776756613956888,-0.805863111929242));
#6678=DIRECTION('ref_axis',(-0.798898626708473,0.105718207568912,0.592101887205009));
#6679=DIRECTION('center_axis',(8.0867831332097E-16,-1.07012352914337E-16,
1.));
#6680=DIRECTION('ref_axis',(-0.770754589735963,-0.637132138885606,5.55111512312582E-16));
#6681=DIRECTION('center_axis',(-0.637132138885563,0.770754589735998,0.));
#6682=DIRECTION('ref_axis',(0.,0.,1.));
#6683=DIRECTION('center_axis',(-0.815679463009026,-0.578504117206877,-1.02762974522164E-14));
#6684=DIRECTION('ref_axis',(-0.578504117206877,0.815679463009026,0.));
#6685=DIRECTION('center_axis',(-0.842326333088852,0.404082140334575,-0.356656659054218));
#6686=DIRECTION('ref_axis',(-0.538967854871777,-0.631520088736443,0.557401138263307));
#6687=DIRECTION('center_axis',(0.133264038888756,-0.99108056985245,2.89818187794151E-13));
#6688=DIRECTION('ref_axis',(-0.99108056985245,-0.133264038888756,0.));
#6689=DIRECTION('center_axis',(-4.83871635270998E-16,-5.66962677423697E-16,
1.));
#6690=DIRECTION('ref_axis',(0.0241506196355347,-0.99970833125028,-5.55111512312581E-16));
#6691=DIRECTION('center_axis',(-0.999708331250284,-0.0241506196353926,0.));
#6692=DIRECTION('ref_axis',(0.,0.,1.));
#6693=DIRECTION('center_axis',(0.,0.,-1.));
#6694=DIRECTION('ref_axis',(0.797464068347375,0.603366438986171,0.));
#6695=DIRECTION('center_axis',(0.,0.,-1.));
#6696=DIRECTION('ref_axis',(0.797464068347372,0.603366438986176,0.));
#6697=DIRECTION('center_axis',(0.815679463009032,0.578504117206868,0.));
#6698=DIRECTION('ref_axis',(-0.578504117206868,0.815679463009032,0.));
#6699=DIRECTION('center_axis',(0.,0.,1.));
#6700=DIRECTION('ref_axis',(0.797464068347371,0.603366438986176,0.));
#6701=DIRECTION('center_axis',(-0.99912369928642,-0.0359864926124939,0.0213730174208051));
#6702=DIRECTION('ref_axis',(0.0418549103955563,-0.859037978663749,0.51019792011442));
#6703=DIRECTION('center_axis',(0.868055308922425,-0.496467502110251,-3.9658554128776E-14));
#6704=DIRECTION('ref_axis',(-0.496467502110251,-0.868055308922425,0.));
#6705=DIRECTION('center_axis',(0.,0.,1.));
#6706=DIRECTION('ref_axis',(0.578504117206892,-0.815679463009015,0.));
#6707=DIRECTION('center_axis',(-0.815679463009032,-0.578504117206868,0.));
#6708=DIRECTION('ref_axis',(0.,0.,1.));
#6709=DIRECTION('center_axis',(0.,0.,1.));
#6710=DIRECTION('ref_axis',(0.048665273685795,-0.99881514362623,0.));
#6711=DIRECTION('center_axis',(0.,0.,1.));
#6712=DIRECTION('ref_axis',(0.048665273685795,-0.99881514362623,0.));
#6713=DIRECTION('',(0.,0.,1.));
#6714=DIRECTION('',(0.,0.,-1.));
#6715=DIRECTION('center_axis',(0.815679463009021,0.578504117206884,0.));
#6716=DIRECTION('ref_axis',(0.409064184221314,-0.576772479568276,0.707106781186557));
#6717=DIRECTION('',(-0.815679463009021,-0.578504117206884,0.));
#6718=DIRECTION('',(0.815679463009021,0.578504117206884,0.));
#6719=DIRECTION('center_axis',(-0.389930798623207,-0.833827571563083,0.390749988082252));
#6720=DIRECTION('ref_axis',(-0.588986117324123,0.552024982135076,0.590223493854848));
#6721=DIRECTION('center_axis',(-1.,0.,7.105427357601E-14));
#6722=DIRECTION('ref_axis',(0.,1.,0.));
#6723=DIRECTION('center_axis',(-3.60015847321056E-17,5.55111512312561E-16,
1.));
#6724=DIRECTION('ref_axis',(-0.997903545786385,-0.0647187245467693,0.));
#6725=DIRECTION('center_axis',(-0.0647187245467824,0.997903545786384,0.));
#6726=DIRECTION('ref_axis',(0.,0.,1.));
#6727=DIRECTION('center_axis',(-0.999123699286422,0.0359864926124645,-0.0213730174207859));
#6728=DIRECTION('ref_axis',(-0.0418549103955279,-0.859037978663749,0.510197920114422));
#6729=DIRECTION('center_axis',(0.815679463009015,-0.578504117206892,0.));
#6730=DIRECTION('ref_axis',(-0.578504117206892,-0.815679463009015,0.));
#6731=DIRECTION('center_axis',(0.,0.,1.));
#6732=DIRECTION('ref_axis',(0.496467502110271,-0.868055308922415,0.));
#6733=DIRECTION('center_axis',(-0.86805530892241,-0.496467502110278,0.));
#6734=DIRECTION('ref_axis',(0.,0.,1.));
#6735=DIRECTION('center_axis',(0.,0.,1.));
#6736=DIRECTION('ref_axis',(-0.048665273685794,-0.99881514362623,0.));
#6737=DIRECTION('center_axis',(0.,0.,1.));
#6738=DIRECTION('ref_axis',(-0.048665273685794,-0.99881514362623,0.));
#6739=DIRECTION('',(0.,0.,1.));
#6740=DIRECTION('',(0.,0.,-1.));
#6741=DIRECTION('center_axis',(0.868055308922416,0.496467502110269,0.));
#6742=DIRECTION('ref_axis',(0.351055537380905,-0.613807795384029,0.707106781186549));
#6743=DIRECTION('center_axis',(-0.86805530892241,-0.496467502110278,0.));
#6744=DIRECTION('ref_axis',(0.496467502110278,-0.86805530892241,0.));
#6745=DIRECTION('',(-0.868055308922416,-0.496467502110269,0.));
#6746=DIRECTION('',(0.868055308922416,0.496467502110269,0.));
#6747=DIRECTION('center_axis',(-0.820457265249031,0.409899889570389,-0.39853727106792));
#6748=DIRECTION('ref_axis',(-0.571707858875585,-0.588246841812251,0.571940361574359));
#6749=DIRECTION('center_axis',(0.0285108052053755,-0.99959348436579,-1.24294430580117E-13));
#6750=DIRECTION('ref_axis',(-0.99959348436579,-0.0285108052053755,0.));
#6751=DIRECTION('center_axis',(0.,0.,1.));
#6752=DIRECTION('ref_axis',(0.,-1.,0.));
#6753=DIRECTION('center_axis',(-1.,7.10542735760103E-14,0.));
#6754=DIRECTION('ref_axis',(0.,0.,1.));
#6755=DIRECTION('center_axis',(0.815679463009022,-0.578504117206882,0.));
#6756=DIRECTION('ref_axis',(-0.409064184221356,-0.576772479568265,0.707106781186542));
#6757=DIRECTION('',(0.815679463009022,-0.578504117206882,0.));
#6758=DIRECTION('',(-0.815679463009022,0.578504117206882,0.));
#6759=DIRECTION('center_axis',(-0.822539489624365,-0.407738251673815,-0.39645719331407));
#6760=DIRECTION('ref_axis',(-0.568707998896172,0.589724101090652,0.573407966969709));
#6761=DIRECTION('center_axis',(-0.999969651480791,0.00779077129600128,-7.10521171840235E-14));
#6762=DIRECTION('ref_axis',(0.00779077129600127,0.99996965148079,0.));
#6763=DIRECTION('center_axis',(-5.55213590250133E-16,4.32567337985175E-18,
1.));
#6764=DIRECTION('ref_axis',(-0.999594219548709,0.0284850179007722,-5.55111512312577E-16));
#6765=DIRECTION('center_axis',(0.0284850179007121,0.999594219548711,-2.0622212553457E-13));
#6766=DIRECTION('ref_axis',(7.105427357601E-14,2.04281036531029E-13,1.));
#6767=DIRECTION('center_axis',(0.586984783838891,0.0776756613955746,-0.805863111929297));
#6768=DIRECTION('ref_axis',(0.798898626708543,0.1057182075688,0.592101887204934));
#6769=DIRECTION('center_axis',(0.,0.,1.));
#6770=DIRECTION('ref_axis',(0.578504117206892,0.815679463009015,0.));
#6771=DIRECTION('center_axis',(0.815679463008986,-0.578504117206932,0.));
#6772=DIRECTION('ref_axis',(0.,0.,1.));
#6773=DIRECTION('center_axis',(0.637132138885588,0.770754589735978,7.26536650399778E-14));
#6774=DIRECTION('ref_axis',(0.770754589735978,-0.637132138885588,0.));
#6775=DIRECTION('center_axis',(-0.815679463009018,0.578504117206887,0.));
#6776=DIRECTION('ref_axis',(0.409064184221309,0.576772479568293,0.707106781186546));
#6777=DIRECTION('center_axis',(0.815679463009015,-0.578504117206892,0.));
#6778=DIRECTION('ref_axis',(0.578504117206892,0.815679463009015,0.));
#6779=DIRECTION('',(0.815679463009018,-0.578504117206887,0.));
#6780=DIRECTION('',(-0.815679463009018,0.578504117206887,0.));
#6781=DIRECTION('center_axis',(0.,0.,-1.));
#6782=DIRECTION('ref_axis',(-1.,0.,0.));
#6783=DIRECTION('center_axis',(0.,0.,1.));
#6784=DIRECTION('ref_axis',(-0.797464068347366,0.603366438986183,0.));
#6785=DIRECTION('center_axis',(0.,0.,-1.));
#6786=DIRECTION('ref_axis',(-0.797464068347366,0.603366438986183,0.));
#6787=DIRECTION('center_axis',(0.3899307986232,-0.833827571563124,-0.390749988082171));
#6788=DIRECTION('ref_axis',(-0.588986117324221,-0.552024982134991,0.590223493854831));
#6789=DIRECTION('center_axis',(-0.0647187245468181,-0.997903545786382,2.6589491829291E-14));
#6790=DIRECTION('ref_axis',(-0.997903545786382,0.0647187245468181,0.));
#6791=DIRECTION('center_axis',(1.11255544617819E-15,0.,1.));
#6792=DIRECTION('ref_axis',(0.,-1.,0.));
#6793=DIRECTION('center_axis',(-1.,-7.10542735760103E-14,0.));
#6794=DIRECTION('ref_axis',(0.,0.,1.));
#6795=DIRECTION('center_axis',(-0.842326333088892,-0.404082140334552,0.356656659054149));
#6796=DIRECTION('ref_axis',(0.538967854871715,-0.631520088736509,0.557401138263292));
#6797=DIRECTION('center_axis',(0.999708331250279,-0.0241506196355702,3.55167746324369E-14));
#6798=DIRECTION('ref_axis',(-0.0241506196355702,-0.999708331250279,0.));
#6799=DIRECTION('center_axis',(-7.44221976975326E-17,-5.53475601660281E-16,
1.));
#6800=DIRECTION('ref_axis',(0.991080569852424,-0.133264038888949,0.));
#6801=DIRECTION('center_axis',(-0.133264038889014,-0.991080569852415,7.98894894232255E-14));
#6802=DIRECTION('ref_axis',(7.105427357601E-14,7.105427357601E-14,1.));
#6803=DIRECTION('center_axis',(0.999708331250279,-0.0241506196355684,0.));
#6804=DIRECTION('ref_axis',(-0.0170770669141435,-0.706900540235759,0.707106781186549));
#6805=DIRECTION('',(0.999708331250279,-0.0241506196355684,0.));
#6806=DIRECTION('',(-0.999708331250279,0.0241506196355684,0.));
#6807=DIRECTION('center_axis',(0.,0.,-1.));
#6808=DIRECTION('ref_axis',(-1.,0.,0.));
#6809=DIRECTION('center_axis',(0.,0.,1.));
#6810=DIRECTION('ref_axis',(-0.999883229852726,0.0152815790833643,0.));
#6811=DIRECTION('center_axis',(0.,0.,-1.));
#6812=DIRECTION('ref_axis',(-0.999883229852726,0.0152815790833643,0.));
#6813=DIRECTION('center_axis',(-0.842326333088831,-0.404082140334615,-0.356656659054223));
#6814=DIRECTION('ref_axis',(-0.538967854871816,0.631520088736451,0.55740113826326));
#6815=DIRECTION('center_axis',(-0.999708331250278,0.0241506196356057,-1.42281599121575E-13));
#6816=DIRECTION('ref_axis',(0.0241506196356057,0.999708331250278,0.));
#6817=DIRECTION('center_axis',(7.44221976975669E-17,5.53475601660288E-16,
1.));
#6818=DIRECTION('ref_axis',(-0.991080569852416,0.133264038889008,0.));
#6819=DIRECTION('center_axis',(0.133264038888826,0.99108056985244,0.));
#6820=DIRECTION('ref_axis',(0.,0.,1.));
#6821=DIRECTION('center_axis',(0.389930798623177,-0.833827571563123,0.390749988082195));
#6822=DIRECTION('ref_axis',(0.588986117324177,0.552024982135003,0.590223493854862));
#6823=DIRECTION('center_axis',(0.0647187245468223,0.997903545786381,0.));
#6824=DIRECTION('ref_axis',(0.997903545786381,-0.0647187245468223,0.));
#6825=DIRECTION('center_axis',(5.92279307821225E-16,5.55111512312622E-16,
1.));
#6826=DIRECTION('ref_axis',(-5.32907051820086E-14,1.,-5.5511151231259E-16));
#6827=DIRECTION('center_axis',(1.,5.32907051820077E-14,0.));
#6828=DIRECTION('ref_axis',(0.,0.,1.));
#6829=DIRECTION('center_axis',(-1.,-5.1752321251119E-14,0.));
#6830=DIRECTION('ref_axis',(-5.02429586778813E-14,0.70710678118654,0.707106781186555));
#6831=DIRECTION('',(1.,5.1752321251119E-14,0.));
#6832=DIRECTION('',(-1.,-5.1752321251119E-14,0.));
#6833=DIRECTION('center_axis',(-0.586984783838888,-0.0776756613956595,-0.805863111929291));
#6834=DIRECTION('ref_axis',(-0.798898626708532,-0.105718207568905,0.59210188720493));
#6835=DIRECTION('center_axis',(-1.61735662664186E-15,-2.14024705828584E-16,
1.));
#6836=DIRECTION('ref_axis',(-0.578504117206913,-0.815679463009,-1.11022302462512E-15));
#6837=DIRECTION('center_axis',(-0.815679463009032,0.578504117206868,0.));
#6838=DIRECTION('ref_axis',(0.,0.,1.));
#6839=DIRECTION('center_axis',(-0.637132138885598,-0.77075458973597,-3.42283796744156E-14));
#6840=DIRECTION('ref_axis',(-0.77075458973597,0.637132138885598,0.));
#6841=DIRECTION('center_axis',(-0.820457265249025,-0.4098998895704,0.398537271067921));
#6842=DIRECTION('ref_axis',(0.57170785887556,-0.588246841812269,0.571940361574364));
#6843=DIRECTION('center_axis',(1.,0.,0.));
#6844=DIRECTION('ref_axis',(0.,-1.,0.));
#6845=DIRECTION('center_axis',(0.,0.,1.));
#6846=DIRECTION('ref_axis',(0.999593484365793,-0.0285108052052685,0.));
#6847=DIRECTION('center_axis',(-0.0285108052051433,-0.999593484365797,1.24294430580118E-13));
#6848=DIRECTION('ref_axis',(0.,1.24344978758018E-13,1.));
#6849=DIRECTION('center_axis',(-0.820457265249004,0.40989988957039,0.398537271067973));
#6850=DIRECTION('ref_axis',(0.571707858875596,0.588246841812206,0.571940361574393));
#6851=DIRECTION('center_axis',(-0.0285108052052153,0.999593484365795,9.86728170179827E-14));
#6852=DIRECTION('ref_axis',(0.999593484365795,0.0285108052052153,0.));
#6853=DIRECTION('center_axis',(0.,0.,1.));
#6854=DIRECTION('ref_axis',(0.,1.,0.));
#6855=DIRECTION('center_axis',(1.,3.55271367880051E-14,0.));
#6856=DIRECTION('ref_axis',(0.,0.,1.));
#6857=DIRECTION('center_axis',(-1.,0.,0.));
#6858=DIRECTION('ref_axis',(0.,0.707106781186546,0.707106781186549));
#6859=DIRECTION('center_axis',(1.,0.,0.));
#6860=DIRECTION('ref_axis',(0.,1.,0.));
#6861=DIRECTION('',(1.,0.,0.));
#6862=DIRECTION('',(-1.,0.,0.));
#6863=DIRECTION('center_axis',(0.,0.,-1.));
#6864=DIRECTION('ref_axis',(-1.,0.,0.));
#6865=DIRECTION('center_axis',(-1.,3.55271367880051E-14,0.));
#6866=DIRECTION('ref_axis',(-3.55271367880051E-14,-1.,0.));
#6867=DIRECTION('center_axis',(0.,0.,1.));
#6868=DIRECTION('ref_axis',(-1.,2.76322175017819E-14,0.));
#6869=DIRECTION('center_axis',(0.,0.,-1.));
#6870=DIRECTION('ref_axis',(-1.,2.76322175017819E-14,0.));
#6871=DIRECTION('center_axis',(1.,0.,0.));
#6872=DIRECTION('ref_axis',(0.,-0.70710678118654,0.707106781186555));
#6873=DIRECTION('',(-1.,0.,0.));
#6874=DIRECTION('',(1.,0.,0.));
#6875=DIRECTION('center_axis',(-0.999123699286421,0.0359864926124762,0.021373017420787));
#6876=DIRECTION('ref_axis',(0.0418549103955005,0.859037978663744,0.510197920114434));
#6877=DIRECTION('center_axis',(-0.815679463009029,0.578504117206872,0.));
#6878=DIRECTION('ref_axis',(0.578504117206872,0.815679463009029,0.));
#6879=DIRECTION('center_axis',(0.,0.,1.));
#6880=DIRECTION('ref_axis',(-0.496467502110253,0.868055308922424,0.));
#6881=DIRECTION('center_axis',(0.868055308922427,0.49646750211025,0.));
#6882=DIRECTION('ref_axis',(0.,0.,1.));
#6883=DIRECTION('center_axis',(0.,0.,1.));
#6884=DIRECTION('ref_axis',(0.0486652736857953,0.99881514362623,0.));
#6885=DIRECTION('center_axis',(0.,0.,1.));
#6886=DIRECTION('ref_axis',(0.0486652736857953,0.99881514362623,0.));
#6887=DIRECTION('',(0.,0.,1.));
#6888=DIRECTION('',(0.,0.,-1.));
#6889=DIRECTION('center_axis',(-0.389930798623169,-0.833827571563119,-0.390749988082214));
#6890=DIRECTION('ref_axis',(0.588986117324139,-0.552024982135008,0.590223493854895));
#6891=DIRECTION('center_axis',(1.,-7.10542735760103E-14,5.32907051820075E-14));
#6892=DIRECTION('ref_axis',(-7.10542735760103E-14,-1.,0.));
#6893=DIRECTION('center_axis',(6.28280892553352E-16,-1.11022302462522E-15,
1.));
#6894=DIRECTION('ref_axis',(0.997903545786382,0.0647187245468124,-5.55111512312574E-16));
#6895=DIRECTION('center_axis',(0.064718724546787,-0.997903545786384,0.));
#6896=DIRECTION('ref_axis',(0.,0.,1.));
#6897=DIRECTION('center_axis',(-0.868055308922421,-0.496467502110259,0.));
#6898=DIRECTION('ref_axis',(-0.351055537380905,0.613807795384029,0.707106781186549));
#6899=DIRECTION('center_axis',(0.868055308922421,0.496467502110259,0.));
#6900=DIRECTION('ref_axis',(-0.496467502110259,0.868055308922421,0.));
#6901=DIRECTION('',(0.868055308922421,0.496467502110259,0.));
#6902=DIRECTION('',(-0.868055308922421,-0.496467502110259,0.));
#6903=DIRECTION('center_axis',(1.,-5.82213614075081E-14,0.));
#6904=DIRECTION('ref_axis',(-5.02429586778809E-14,-0.707106781186546,0.707106781186549));
#6905=DIRECTION('',(1.,-5.82213614075081E-14,0.));
#6906=DIRECTION('',(-1.,5.82213614075081E-14,0.));
#6907=DIRECTION('center_axis',(-0.999123699286421,-0.0359864926124904,-0.0213730174207958));
#6908=DIRECTION('ref_axis',(-0.0418549103955278,0.859037978663751,0.510197920114419));
#6909=DIRECTION('center_axis',(-0.868055308922424,0.496467502110253,0.));
#6910=DIRECTION('ref_axis',(0.496467502110253,0.868055308922424,0.));
#6911=DIRECTION('center_axis',(0.,0.,1.));
#6912=DIRECTION('ref_axis',(-0.578504117206886,0.815679463009019,0.));
#6913=DIRECTION('center_axis',(0.815679463009016,0.57850411720689,0.));
#6914=DIRECTION('ref_axis',(0.,0.,1.));
#6915=DIRECTION('center_axis',(0.,0.,1.));
#6916=DIRECTION('ref_axis',(-0.0486652736857943,0.99881514362623,0.));
#6917=DIRECTION('center_axis',(0.,0.,1.));
#6918=DIRECTION('ref_axis',(-0.0486652736857943,0.99881514362623,0.));
#6919=DIRECTION('',(0.,0.,1.));
#6920=DIRECTION('',(0.,0.,-1.));
#6921=DIRECTION('center_axis',(0.,0.,-1.));
#6922=DIRECTION('ref_axis',(-1.,0.,0.));
#6923=DIRECTION('center_axis',(0.,0.,1.));
#6924=DIRECTION('ref_axis',(-0.999883229852726,-0.0152815790833623,0.));
#6925=DIRECTION('center_axis',(0.,0.,-1.));
#6926=DIRECTION('ref_axis',(-0.999883229852726,-0.0152815790833623,0.));
#6927=DIRECTION('center_axis',(-0.842326333088868,0.404082140334561,0.356656659054198));
#6928=DIRECTION('ref_axis',(0.538967854871745,0.631520088736468,0.55740113826331));
#6929=DIRECTION('center_axis',(-0.133264038888842,0.991080569852438,1.16800573531778E-13));
#6930=DIRECTION('ref_axis',(0.991080569852438,0.133264038888842,0.));
#6931=DIRECTION('center_axis',(-1.67488149890558E-15,-4.04612272902979E-17,
1.));
#6932=DIRECTION('ref_axis',(-0.02415061963557,0.999708331250279,0.));
#6933=DIRECTION('center_axis',(0.999708331250279,0.0241506196355702,0.));
#6934=DIRECTION('ref_axis',(0.,0.,1.));
#6935=DIRECTION('center_axis',(-0.999708331250279,-0.0241506196355684,0.));
#6936=DIRECTION('ref_axis',(-0.0170770669141937,0.706900540235758,0.707106781186549));
#6937=DIRECTION('',(0.999708331250279,0.0241506196355684,0.));
#6938=DIRECTION('',(-0.999708331250279,-0.0241506196355684,0.));
#6939=DIRECTION('center_axis',(0.586984783838886,-0.0776756613956806,-0.80586311192929));
#6940=DIRECTION('ref_axis',(0.79889862670853,-0.10571820756894,0.592101887204926));
#6941=DIRECTION('center_axis',(0.,0.,1.));
#6942=DIRECTION('ref_axis',(0.770754589735993,0.63713213888557,0.));
#6943=DIRECTION('center_axis',(0.63713213888559,-0.770754589735977,0.));
#6944=DIRECTION('ref_axis',(0.,0.,1.));
#6945=DIRECTION('center_axis',(0.815679463009015,0.578504117206892,-4.18241276727586E-14));
#6946=DIRECTION('ref_axis',(0.578504117206892,-0.815679463009015,0.));
#6947=DIRECTION('center_axis',(0.,0.,-1.));
#6948=DIRECTION('ref_axis',(-1.,0.,0.));
#6949=DIRECTION('center_axis',(0.,0.,-1.));
#6950=DIRECTION('ref_axis',(-0.797464068347363,-0.603366438986187,0.));
#6951=DIRECTION('center_axis',(-0.815679463009013,-0.578504117206894,0.));
#6952=DIRECTION('ref_axis',(0.578504117206894,-0.815679463009013,0.));
#6953=DIRECTION('center_axis',(0.,0.,1.));
#6954=DIRECTION('ref_axis',(-0.797464068347363,-0.603366438986187,0.));
#6955=DIRECTION('center_axis',(0.815679463009017,0.578504117206888,0.));
#6956=DIRECTION('ref_axis',(0.409064184221312,-0.576772479568285,0.707106781186551));
#6957=DIRECTION('',(-0.815679463009017,-0.578504117206888,0.));
#6958=DIRECTION('',(0.815679463009017,0.578504117206888,0.));
#6959=DIRECTION('center_axis',(-0.815679463009022,-0.578504117206882,0.));
#6960=DIRECTION('ref_axis',(-0.409064184221352,0.576772479568277,0.707106781186534));
#6961=DIRECTION('',(0.815679463009022,0.578504117206882,0.));
#6962=DIRECTION('',(-0.815679463009022,-0.578504117206882,0.));
#6963=DIRECTION('center_axis',(0.868055308922406,-0.496467502110286,0.));
#6964=DIRECTION('ref_axis',(0.496467502110286,0.868055308922406,0.));
#6965=DIRECTION('center_axis',(-0.868055308922422,0.496467502110258,0.));
#6966=DIRECTION('ref_axis',(0.351055537380906,0.613807795384025,0.707106781186552));
#6967=DIRECTION('',(0.868055308922422,-0.496467502110258,0.));
#6968=DIRECTION('',(-0.868055308922422,0.496467502110258,0.));
#6969=DIRECTION('center_axis',(-0.815679463009021,0.578504117206884,0.));
#6970=DIRECTION('ref_axis',(0.409064184221314,0.576772479568276,0.707106781186557));
#6971=DIRECTION('',(-0.815679463009021,0.578504117206884,0.));
#6972=DIRECTION('',(0.815679463009021,-0.578504117206884,0.));
#6973=DIRECTION('center_axis',(0.815679463009014,-0.578504117206893,0.));
#6974=DIRECTION('ref_axis',(-0.409064184221356,-0.576772479568265,0.707106781186542));
#6975=DIRECTION('center_axis',(-0.815679463008986,0.578504117206932,0.));
#6976=DIRECTION('ref_axis',(-0.578504117206932,-0.815679463008986,0.));
#6977=DIRECTION('',(-0.815679463009014,0.578504117206893,0.));
#6978=DIRECTION('',(0.815679463009014,-0.578504117206893,0.));
#6979=DIRECTION('center_axis',(0.,0.,-1.));
#6980=DIRECTION('ref_axis',(0.797464068347366,-0.603366438986183,0.));
#6981=DIRECTION('center_axis',(0.,0.,1.));
#6982=DIRECTION('ref_axis',(0.797464068347361,-0.603366438986189,0.));
#6983=DIRECTION('center_axis',(0.,0.,-1.));
#6984=DIRECTION('ref_axis',(0.797464068347361,-0.603366438986189,0.));
#6985=DIRECTION('center_axis',(-0.999708331250279,0.0241506196355681,0.));
#6986=DIRECTION('ref_axis',(0.0170770669141937,0.706900540235758,0.707106781186549));
#6987=DIRECTION('',(-0.999708331250279,0.0241506196355681,0.));
#6988=DIRECTION('',(0.999708331250279,-0.0241506196355681,0.));
#6989=DIRECTION('center_axis',(0.,0.,-1.));
#6990=DIRECTION('ref_axis',(0.999887899518578,-0.0149729221037969,0.));
#6991=DIRECTION('center_axis',(0.,0.,-1.));
#6992=DIRECTION('ref_axis',(0.999883229852726,-0.0152815790833623,0.));
#6993=DIRECTION('center_axis',(0.,0.,1.));
#6994=DIRECTION('ref_axis',(0.999883229852726,-0.0152815790833623,0.));
#6995=DIRECTION('center_axis',(1.,1.29380803131845E-14,0.));
#6996=DIRECTION('ref_axis',(0.,-0.707106781186546,0.707106781186549));
#6997=DIRECTION('',(-1.,-1.29380803131845E-14,0.));
#6998=DIRECTION('',(1.,1.29380803131845E-14,0.));
#6999=DIRECTION('center_axis',(1.,0.,0.));
#7000=DIRECTION('ref_axis',(0.,-0.70710678118654,0.707106781186555));
#7001=DIRECTION('center_axis',(-1.,0.,0.));
#7002=DIRECTION('ref_axis',(0.,-1.,0.));
#7003=DIRECTION('',(-1.,0.,0.));
#7004=DIRECTION('',(1.,0.,0.));
#7005=DIRECTION('center_axis',(0.,0.,-1.));
#7006=DIRECTION('ref_axis',(0.999992412841415,-0.00389541520314214,0.));
#7007=DIRECTION('center_axis',(0.999969651480791,-0.00779077129600128,0.));
#7008=DIRECTION('ref_axis',(0.00779077129600127,0.99996965148079,0.));
#7009=DIRECTION('center_axis',(0.,0.,1.));
#7010=DIRECTION('ref_axis',(0.999992412841415,-0.00389541520313627,0.));
#7011=DIRECTION('center_axis',(0.,0.,-1.));
#7012=DIRECTION('ref_axis',(0.999992412841415,-0.00389541520313626,0.));
#7013=DIRECTION('center_axis',(-0.99996965148079,0.00779077129600829,0.));
#7014=DIRECTION('ref_axis',(0.00550890721407603,0.707085321542811,0.707106781186552));
#7015=DIRECTION('',(0.99996965148079,-0.00779077129600829,0.));
#7016=DIRECTION('',(-0.99996965148079,0.00779077129600829,0.));
#7017=DIRECTION('center_axis',(-1.,0.,0.));
#7018=DIRECTION('ref_axis',(0.,0.70710678118654,0.707106781186555));
#7019=DIRECTION('',(-1.,0.,0.));
#7020=DIRECTION('',(1.,0.,0.));
#7021=DIRECTION('center_axis',(-0.868055308922406,0.496467502110286,0.));
#7022=DIRECTION('ref_axis',(-0.496467502110286,-0.868055308922406,0.));
#7023=DIRECTION('center_axis',(0.868055308922421,-0.496467502110259,0.));
#7024=DIRECTION('ref_axis',(-0.351055537380905,-0.613807795384029,0.707106781186549));
#7025=DIRECTION('',(-0.868055308922421,0.496467502110259,0.));
#7026=DIRECTION('',(0.868055308922421,-0.496467502110259,0.));
#7027=DIRECTION('center_axis',(0.,0.,-1.));
#7028=DIRECTION('ref_axis',(0.999887899518556,0.014972922105235,0.));
#7029=DIRECTION('center_axis',(0.,0.,-1.));
#7030=DIRECTION('ref_axis',(0.999883229852726,0.0152815790833605,0.));
#7031=DIRECTION('center_axis',(0.,0.,1.));
#7032=DIRECTION('ref_axis',(0.999883229852726,0.0152815790833605,0.));
#7033=DIRECTION('center_axis',(0.99970833125028,0.0241506196355529,0.));
#7034=DIRECTION('ref_axis',(0.0170770669141937,-0.706900540235758,0.707106781186549));
#7035=DIRECTION('',(-0.99970833125028,-0.0241506196355529,0.));
#7036=DIRECTION('',(0.99970833125028,0.0241506196355529,0.));
#7037=DIRECTION('center_axis',(-0.815679463009014,-0.578504117206893,0.));
#7038=DIRECTION('ref_axis',(-0.409064184221356,0.576772479568265,0.707106781186542));
#7039=DIRECTION('',(0.815679463009014,0.578504117206893,0.));
#7040=DIRECTION('',(-0.815679463009014,-0.578504117206893,0.));
#7041=DIRECTION('center_axis',(-0.578504117206887,-0.815679463009018,0.));
#7042=DIRECTION('ref_axis',(-0.815679463009018,0.578504117206887,0.));
#7043=DIRECTION('',(0.815679463009018,-0.578504117206887,0.));
#7044=DIRECTION('',(0.,0.,-1.));
#7045=DIRECTION('center_axis',(-0.0241506196355684,-0.999708331250279,0.));
#7046=DIRECTION('ref_axis',(0.999708331250279,-0.0241506196355684,0.));
#7047=DIRECTION('',(0.,0.,1.));
#7048=DIRECTION('',(0.999708331250279,-0.0241506196355684,0.));
#7049=DIRECTION('center_axis',(0.,0.,1.));
#7050=DIRECTION('ref_axis',(-0.0200029892266212,0.999799920195036,0.));
#7051=DIRECTION('',(0.,0.,1.));
#7052=DIRECTION('center_axis',(0.,0.,-1.));
#7053=DIRECTION('ref_axis',(-0.0200029892266212,0.999799920195036,0.));
#7054=DIRECTION('center_axis',(-5.1752321251119E-14,1.,0.));
#7055=DIRECTION('ref_axis',(-1.,-5.1752321251119E-14,0.));
#7056=DIRECTION('',(-1.,-5.1752321251119E-14,0.));
#7057=DIRECTION('center_axis',(0.,-1.,0.));
#7058=DIRECTION('ref_axis',(1.,0.,0.));
#7059=DIRECTION('',(0.,0.,1.));
#7060=DIRECTION('',(1.,0.,0.));
#7061=DIRECTION('center_axis',(0.,0.,1.));
#7062=DIRECTION('ref_axis',(2.76322175017819E-14,1.,0.));
#7063=DIRECTION('',(0.,0.,1.));
#7064=DIRECTION('center_axis',(0.,0.,-1.));
#7065=DIRECTION('ref_axis',(2.76322175017819E-14,1.,0.));
#7066=DIRECTION('center_axis',(0.,1.,0.));
#7067=DIRECTION('ref_axis',(-1.,0.,0.));
#7068=DIRECTION('',(-1.,0.,0.));
#7069=DIRECTION('center_axis',(-5.82213614075081E-14,-1.,0.));
#7070=DIRECTION('ref_axis',(1.,-5.82213614075081E-14,0.));
#7071=DIRECTION('',(0.,0.,1.));
#7072=DIRECTION('',(1.,-5.82213614075081E-14,0.));
#7073=DIRECTION('center_axis',(0.,0.,1.));
#7074=DIRECTION('ref_axis',(-0.0505471217096996,0.998721677188828,0.));
#7075=DIRECTION('',(0.,0.,1.));
#7076=DIRECTION('center_axis',(0.,0.,-1.));
#7077=DIRECTION('ref_axis',(-0.0505471217096996,0.998721677188828,0.));
#7078=DIRECTION('center_axis',(-0.0241506196355684,0.999708331250279,0.));
#7079=DIRECTION('ref_axis',(-0.999708331250279,-0.0241506196355684,0.));
#7080=DIRECTION('',(-0.999708331250279,-0.0241506196355684,0.));
#7081=DIRECTION('center_axis',(-0.578504117206888,0.815679463009017,0.));
#7082=DIRECTION('ref_axis',(0.815679463009017,0.578504117206888,0.));
#7083=DIRECTION('',(0.,0.,-1.));
#7084=DIRECTION('',(-0.815679463009017,-0.578504117206888,0.));
#7085=DIRECTION('center_axis',(0.,0.,-1.));
#7086=DIRECTION('ref_axis',(-0.797464068347363,-0.603366438986187,0.));
#7087=DIRECTION('',(0.,0.,1.));
#7088=DIRECTION('center_axis',(0.,0.,1.));
#7089=DIRECTION('ref_axis',(-0.57850411720689,0.815679463009016,0.));
#7090=DIRECTION('center_axis',(-0.578504117206882,0.815679463009022,0.));
#7091=DIRECTION('ref_axis',(-0.815679463009022,-0.578504117206882,0.));
#7092=DIRECTION('',(-0.815679463009022,-0.578504117206882,0.));
#7093=DIRECTION('center_axis',(0.496467502110258,0.868055308922422,0.));
#7094=DIRECTION('ref_axis',(-0.868055308922422,0.496467502110258,0.));
#7095=DIRECTION('',(0.,0.,1.));
#7096=DIRECTION('',(-0.868055308922422,0.496467502110258,0.));
#7097=DIRECTION('',(0.,0.,1.));
#7098=DIRECTION('',(0.,0.,1.));
#7099=DIRECTION('center_axis',(-0.496467502110259,0.868055308922421,0.));
#7100=DIRECTION('ref_axis',(-0.868055308922421,-0.496467502110259,0.));
#7101=DIRECTION('',(-0.868055308922421,-0.496467502110259,0.));
#7102=DIRECTION('center_axis',(0.578504117206884,0.815679463009021,0.));
#7103=DIRECTION('ref_axis',(-0.815679463009021,0.578504117206884,0.));
#7104=DIRECTION('',(0.,0.,1.));
#7105=DIRECTION('',(-0.815679463009021,0.578504117206884,0.));
#7106=DIRECTION('center_axis',(0.,0.,1.));
#7107=DIRECTION('ref_axis',(1.,0.,0.));
#7108=DIRECTION('center_axis',(0.,0.,1.));
#7109=DIRECTION('ref_axis',(-0.0301624999999991,0.999545008288146,0.));
#7110=DIRECTION('',(1.,1.1035657641529E-16,0.));
#7111=DIRECTION('center_axis',(0.,0.,1.));
#7112=DIRECTION('ref_axis',(1.,-5.55111512312579E-16,0.));
#7113=DIRECTION('',(0.,1.,0.));
#7114=DIRECTION('center_axis',(0.,0.,1.));
#7115=DIRECTION('ref_axis',(0.0301624999999972,-0.999545008288146,0.));
#7116=DIRECTION('',(1.,-4.13837161557339E-17,0.));
#7117=DIRECTION('center_axis',(0.,0.,1.));
#7118=DIRECTION('ref_axis',(-1.,1.38777878078145E-16,0.));
#7119=DIRECTION('',(-9.79608551139844E-17,-1.,0.));
#7120=DIRECTION('center_axis',(0.,0.,1.));
#7121=DIRECTION('ref_axis',(-1.,0.,0.));
#7122=DIRECTION('center_axis',(0.,0.,1.));
#7123=DIRECTION('ref_axis',(-1.,0.,0.));
#7124=DIRECTION('center_axis',(0.,0.,1.));
#7125=DIRECTION('ref_axis',(-1.,0.,0.));
#7126=DIRECTION('center_axis',(0.,0.,1.));
#7127=DIRECTION('ref_axis',(-1.,0.,0.));
#7128=DIRECTION('center_axis',(0.,0.,1.));
#7129=DIRECTION('ref_axis',(-1.,0.,0.));
#7130=DIRECTION('center_axis',(0.,0.,1.));
#7131=DIRECTION('ref_axis',(-1.,0.,0.));
#7132=DIRECTION('center_axis',(0.,0.,1.));
#7133=DIRECTION('ref_axis',(-1.,0.,0.));
#7134=DIRECTION('center_axis',(0.,0.,1.));
#7135=DIRECTION('ref_axis',(-1.,0.,0.));
#7136=DIRECTION('center_axis',(0.,0.,1.));
#7137=DIRECTION('ref_axis',(-0.887894921428094,0.460046311258116,0.));
#7138=DIRECTION('',(-0.939692620785909,-0.342020143325667,0.));
#7139=DIRECTION('',(0.342020143325667,-0.939692620785909,0.));
#7140=DIRECTION('',(0.939692620785909,0.342020143325667,0.));
#7141=DIRECTION('center_axis',(0.,0.,1.));
#7142=DIRECTION('ref_axis',(-0.384454901874824,-0.923143774514252,0.));
#7143=DIRECTION('center_axis',(0.,0.,-1.));
#7144=DIRECTION('ref_axis',(1.,0.,0.));
#7145=DIRECTION('center_axis',(0.,0.,1.));
#7146=DIRECTION('ref_axis',(0.384454901874859,-0.923143774514237,0.));
#7147=DIRECTION('',(0.939692620785909,-0.342020143325667,0.));
#7148=DIRECTION('',(0.342020143325667,0.939692620785909,0.));
#7149=DIRECTION('',(-0.939692620785909,0.342020143325667,0.));
#7150=DIRECTION('center_axis',(0.,0.,1.));
#7151=DIRECTION('ref_axis',(0.887894921428104,0.460046311258097,0.));
#7152=DIRECTION('center_axis',(0.,0.,-1.));
#7153=DIRECTION('ref_axis',(1.,0.,0.));
#7154=DIRECTION('center_axis',(0.,0.,1.));
#7155=DIRECTION('ref_axis',(0.923143774514235,0.384454901874864,0.));
#7156=DIRECTION('',(0.342020143325668,0.939692620785909,0.));
#7157=DIRECTION('',(-0.939692620785909,0.342020143325669,0.));
#7158=DIRECTION('',(-0.342020143325668,-0.939692620785909,0.));
#7159=DIRECTION('center_axis',(0.,0.,1.));
#7160=DIRECTION('ref_axis',(-0.460046311258111,0.887894921428096,0.));
#7161=DIRECTION('center_axis',(0.,0.,-1.));
#7162=DIRECTION('ref_axis',(1.,0.,0.));
#7163=DIRECTION('center_axis',(0.,0.,1.));
#7164=DIRECTION('ref_axis',(0.460046311258094,0.887894921428105,0.));
#7165=DIRECTION('',(-0.342020143325668,0.939692620785909,0.));
#7166=DIRECTION('',(-0.939692620785909,-0.342020143325667,0.));
#7167=DIRECTION('',(0.342020143325672,-0.939692620785907,0.));
#7168=DIRECTION('center_axis',(0.,0.,1.));
#7169=DIRECTION('ref_axis',(-0.92314377451424,0.384454901874853,0.));
#7170=DIRECTION('center_axis',(0.,0.,-1.));
#7171=DIRECTION('ref_axis',(1.,0.,0.));
#7172=DIRECTION('center_axis',(0.,0.,1.));
#7173=DIRECTION('ref_axis',(-0.627655601476925,-0.778491134140036,0.));
#7174=DIRECTION('',(-0.815679463009014,0.578504117206893,0.));
#7175=DIRECTION('',(-0.999708331250279,0.0241506196355681,0.));
#7176=DIRECTION('center_axis',(0.,0.,-1.));
#7177=DIRECTION('ref_axis',(0.0200029892266132,-0.999799920195036,0.));
#7178=DIRECTION('',(1.,1.29380803131845E-14,0.));
#7179=DIRECTION('',(-0.99996965148079,0.00779077129600829,0.));
#7180=DIRECTION('center_axis',(0.,0.,-1.));
#7181=DIRECTION('ref_axis',(-0.00779077129600919,-0.99996965148079,0.));
#7182=DIRECTION('',(1.,0.,0.));
#7183=DIRECTION('',(-1.,0.,0.));
#7184=DIRECTION('center_axis',(0.,0.,-1.));
#7185=DIRECTION('ref_axis',(0.0505471217096918,-0.998721677188828,0.));
#7186=DIRECTION('',(0.99970833125028,0.0241506196355529,0.));
#7187=DIRECTION('',(0.815679463009014,0.578504117206893,0.));
#7188=DIRECTION('center_axis',(0.,0.,1.));
#7189=DIRECTION('ref_axis',(0.57850411720689,-0.815679463009016,0.));
#7190=DIRECTION('',(0.815679463009021,0.578504117206884,0.));
#7191=DIRECTION('',(0.868055308922421,-0.496467502110259,0.));
#7192=DIRECTION('',(0.868055308922416,0.496467502110269,0.));
#7193=DIRECTION('',(0.815679463009022,-0.578504117206882,0.));
#7194=DIRECTION('center_axis',(0.,0.,1.));
#7195=DIRECTION('ref_axis',(0.627655601476928,0.778491134140034,0.));
#7196=DIRECTION('center_axis',(0.,0.,-1.));
#7197=DIRECTION('ref_axis',(0.797464068347364,-0.603366438986186,0.));
#7198=DIRECTION('',(0.,0.,-1.));
#7199=DIRECTION('center_axis',(0.,0.,1.));
#7200=DIRECTION('ref_axis',(1.,0.,0.));
#7201=DIRECTION('',(0.99982698360991,-0.0186011517253274,0.));
#7202=DIRECTION('',(0.999826983609802,0.0186011517311517,0.));
#7203=DIRECTION('',(0.,1.,0.));
#7204=DIRECTION('',(-0.999826983609789,0.0186011517318573,0.));
#7205=DIRECTION('',(-0.999826983609921,-0.0186011517247723,0.));
#7206=DIRECTION('center_axis',(0.,0.,1.));
#7207=DIRECTION('ref_axis',(0.980975287177073,0.194132650391066,0.));
#7208=DIRECTION('',(0.939692620785909,0.342020143325667,0.));
#7209=DIRECTION('center_axis',(0.,0.,1.));
#7210=DIRECTION('ref_axis',(0.90630778703665,-0.4226182617407,0.));
#7211=DIRECTION('',(-0.342020143325672,0.939692620785907,0.));
#7212=DIRECTION('',(0.939692620785909,0.342020143325667,0.));
#7213=DIRECTION('',(0.342020143325668,-0.939692620785909,0.));
#7214=DIRECTION('center_axis',(0.,0.,1.));
#7215=DIRECTION('ref_axis',(0.,-1.,0.));
#7216=DIRECTION('',(0.342020143325668,0.939692620785909,0.));
#7217=DIRECTION('',(0.939692620785909,-0.342020143325669,0.));
#7218=DIRECTION('',(-0.342020143325668,-0.939692620785909,0.));
#7219=DIRECTION('center_axis',(0.,0.,1.));
#7220=DIRECTION('ref_axis',(-0.90630778703665,-0.422618261740699,0.));
#7221=DIRECTION('',(0.939692620785909,-0.342020143325667,0.));
#7222=DIRECTION('',(-0.342020143325667,-0.939692620785909,0.));
#7223=DIRECTION('',(-0.939692620785909,0.342020143325667,0.));
#7224=DIRECTION('center_axis',(0.,0.,1.));
#7225=DIRECTION('ref_axis',(0.,1.,0.));
#7226=DIRECTION('',(-0.939692620785909,-0.342020143325667,0.));
#7227=DIRECTION('',(-0.342020143325667,0.939692620785909,0.));
#7228=DIRECTION('center_axis',(0.,0.,-1.));
#7229=DIRECTION('ref_axis',(-0.797464068347367,0.603366438986183,0.));
#7230=DIRECTION('',(0.,0.,1.));
#7231=DIRECTION('center_axis',(0.578504117206893,-0.815679463009014,0.));
#7232=DIRECTION('ref_axis',(-0.815679463009014,-0.578504117206893,0.));
#7233=DIRECTION('',(0.,0.,-1.));
#7234=DIRECTION('center_axis',(0.,0.,-1.));
#7235=DIRECTION('ref_axis',(0.797464068347371,0.603366438986176,0.));
#7236=DIRECTION('',(0.,0.,1.));
#7237=DIRECTION('center_axis',(0.578504117206893,0.815679463009014,0.));
#7238=DIRECTION('ref_axis',(0.815679463009014,-0.578504117206893,0.));
#7239=DIRECTION('center_axis',(-0.498953871351,0.258523708676916,-0.827170191868507));
#7240=DIRECTION('ref_axis',(-0.734440212516747,0.380536595551789,0.561951486949016));
#7241=DIRECTION('center_axis',(-0.939692620785906,-0.342020143325674,0.));
#7242=DIRECTION('ref_axis',(-0.342020143325674,0.939692620785906,0.));
#7243=DIRECTION('center_axis',(0.,0.,1.));
#7244=DIRECTION('ref_axis',(-0.96492579342099,-0.262522786041276,0.));
#7245=DIRECTION('center_axis',(-0.262522786041276,0.96492579342099,0.));
#7246=DIRECTION('ref_axis',(0.,0.,1.));
#7247=DIRECTION('center_axis',(0.,0.,1.));
#7248=DIRECTION('ref_axis',(-0.887894921428094,0.460046311258116,0.));
#7249=DIRECTION('',(0.,0.,1.));
#7250=DIRECTION('',(0.,0.,-1.));
#7251=DIRECTION('center_axis',(-0.518762016755998,0.216045003773412,-0.827170191868515));
#7252=DIRECTION('ref_axis',(-0.76359701308717,0.318009634948609,0.561951486949012));
#7253=DIRECTION('center_axis',(-0.907922436200044,-0.419138222838932,2.54346804018139E-14));
#7254=DIRECTION('ref_axis',(-0.419138222838932,0.907922436200043,0.));
#7255=DIRECTION('center_axis',(0.,0.,1.));
#7256=DIRECTION('ref_axis',(-0.939692620785906,-0.342020143325674,0.));
#7257=DIRECTION('center_axis',(-0.342020143325674,0.939692620785906,0.));
#7258=DIRECTION('ref_axis',(0.,0.,1.));
#7259=DIRECTION('center_axis',(0.,0.,1.));
#7260=DIRECTION('ref_axis',(-0.92314377451424,0.384454901874853,0.));
#7261=DIRECTION('',(0.,0.,1.));
#7262=DIRECTION('',(0.,0.,-1.));
#7263=DIRECTION('center_axis',(-0.939692620785909,-0.342020143325667,0.));
#7264=DIRECTION('ref_axis',(-0.24184476264798,0.664463024388676,0.707106781186545));
#7265=DIRECTION('',(-0.939692620785909,-0.342020143325667,0.));
#7266=DIRECTION('center_axis',(-0.422618261740709,-0.906307787036645,0.));
#7267=DIRECTION('ref_axis',(0.906307787036645,-0.422618261740709,0.));
#7268=DIRECTION('center_axis',(0.342020143325667,-0.939692620785909,0.));
#7269=DIRECTION('ref_axis',(-0.66446302438868,-0.241844762647956,0.707106781186549));
#7270=DIRECTION('center_axis',(0.906307787036652,-0.422618261740694,0.));
#7271=DIRECTION('ref_axis',(0.422618261740694,0.906307787036652,0.));
#7272=DIRECTION('',(0.342020143325667,-0.939692620785909,0.));
#7273=DIRECTION('center_axis',(-0.948087481237819,0.256127427252429,-0.188491031429031));
#7274=DIRECTION('ref_axis',(-0.318009634948589,-0.763597013087178,0.561951486949012));
#7275=DIRECTION('center_axis',(0.419138222838934,-0.907922436200043,1.61279422918888E-14));
#7276=DIRECTION('ref_axis',(-0.907922436200043,-0.419138222838934,0.));
#7277=DIRECTION('center_axis',(0.,0.,1.));
#7278=DIRECTION('ref_axis',(0.342020143325669,-0.939692620785909,0.));
#7279=DIRECTION('center_axis',(-0.939692620785906,-0.342020143325674,0.));
#7280=DIRECTION('ref_axis',(0.,0.,1.));
#7281=DIRECTION('center_axis',(0.,0.,1.));
#7282=DIRECTION('ref_axis',(-0.384454901874824,-0.923143774514252,0.));
#7283=DIRECTION('',(0.,0.,1.));
#7284=DIRECTION('',(0.,0.,-1.));
#7285=DIRECTION('center_axis',(0.939692620785909,0.342020143325667,0.));
#7286=DIRECTION('ref_axis',(0.24184476264798,-0.664463024388676,0.707106781186545));
#7287=DIRECTION('',(0.939692620785909,0.342020143325667,0.));
#7288=DIRECTION('center_axis',(-0.924765861959594,0.302218528607034,0.231240267948141));
#7289=DIRECTION('ref_axis',(0.380536595551772,0.734440212516758,0.561951486949013));
#7290=DIRECTION('center_axis',(-0.342020143325668,0.939692620785909,2.08653676733374E-15));
#7291=DIRECTION('ref_axis',(0.939692620785909,0.342020143325668,0.));
#7292=DIRECTION('center_axis',(0.,0.,1.));
#7293=DIRECTION('ref_axis',(-0.262522786041276,0.96492579342099,0.));
#7294=DIRECTION('center_axis',(0.96492579342099,0.262522786041276,0.));
#7295=DIRECTION('ref_axis',(0.,0.,1.));
#7296=DIRECTION('center_axis',(0.,0.,1.));
#7297=DIRECTION('ref_axis',(0.460046311258094,0.887894921428105,0.));
#7298=DIRECTION('',(0.,0.,1.));
#7299=DIRECTION('',(0.,0.,-1.));
#7300=DIRECTION('center_axis',(-0.94808748123781,-0.256127427252451,0.188491031429047));
#7301=DIRECTION('ref_axis',(0.318009634948607,-0.763597013087173,0.561951486949008));
#7302=DIRECTION('center_axis',(0.939692620785912,-0.342020143325659,0.));
#7303=DIRECTION('ref_axis',(-0.342020143325659,-0.939692620785912,0.));
#7304=DIRECTION('center_axis',(0.,0.,1.));
#7305=DIRECTION('ref_axis',(0.907922436200043,-0.419138222838934,0.));
#7306=DIRECTION('center_axis',(-0.419138222838952,-0.907922436200034,0.));
#7307=DIRECTION('ref_axis',(0.,0.,1.));
#7308=DIRECTION('center_axis',(0.,0.,1.));
#7309=DIRECTION('ref_axis',(0.384454901874859,-0.923143774514237,0.));
#7310=DIRECTION('',(0.,0.,1.));
#7311=DIRECTION('',(0.,0.,-1.));
#7312=DIRECTION('center_axis',(0.,0.,-1.));
#7313=DIRECTION('ref_axis',(-1.,0.,0.));
#7314=DIRECTION('center_axis',(0.,0.,-1.));
#7315=DIRECTION('ref_axis',(0.,1.,0.));
#7316=DIRECTION('center_axis',(-0.924765861959589,-0.302218528607044,-0.231240267948149));
#7317=DIRECTION('ref_axis',(-0.38053659555178,0.734440212516757,0.56195148694901));
#7318=DIRECTION('center_axis',(-0.964925793420989,0.262522786041279,-8.57026266328544E-15));
#7319=DIRECTION('ref_axis',(0.262522786041279,0.964925793420989,0.));
#7320=DIRECTION('center_axis',(0.,0.,1.));
#7321=DIRECTION('ref_axis',(-0.939692620785909,0.342020143325667,0.));
#7322=DIRECTION('center_axis',(0.342020143325666,0.939692620785909,0.));
#7323=DIRECTION('ref_axis',(0.,0.,1.));
#7324=DIRECTION('center_axis',(0.,0.,1.));
#7325=DIRECTION('ref_axis',(-0.460046311258111,0.887894921428096,0.));
#7326=DIRECTION('',(0.,0.,1.));
#7327=DIRECTION('',(0.,0.,-1.));
#7328=DIRECTION('center_axis',(0.939692620785909,-0.342020143325667,0.));
#7329=DIRECTION('ref_axis',(-0.241844762647956,-0.66446302438868,0.707106781186549));
#7330=DIRECTION('',(0.939692620785909,-0.342020143325667,0.));
#7331=DIRECTION('center_axis',(0.90630778703665,0.422618261740699,0.));
#7332=DIRECTION('ref_axis',(-0.422618261740699,0.90630778703665,0.));
#7333=DIRECTION('center_axis',(0.342020143325667,0.939692620785909,0.));
#7334=DIRECTION('ref_axis',(0.664463024388669,-0.241844762647982,0.707106781186551));
#7335=DIRECTION('center_axis',(-0.422618261740701,0.906307787036649,2.03220650843469E-14));
#7336=DIRECTION('ref_axis',(-0.906307787036649,-0.422618261740701,2.03220650843469E-14));
#7337=DIRECTION('',(0.342020143325667,0.939692620785909,0.));
#7338=DIRECTION('center_axis',(0.498953871351008,0.258523708676894,-0.82717019186851));
#7339=DIRECTION('ref_axis',(0.734440212516766,0.380536595551751,0.561951486949016));
#7340=DIRECTION('center_axis',(0.26252278604128,0.964925793420988,-1.16583536620709E-15));
#7341=DIRECTION('ref_axis',(0.964925793420988,-0.26252278604128,0.));
#7342=DIRECTION('center_axis',(0.,0.,1.));
#7343=DIRECTION('ref_axis',(0.342020143325666,0.939692620785909,0.));
#7344=DIRECTION('center_axis',(0.939692620785912,-0.342020143325659,0.));
#7345=DIRECTION('ref_axis',(0.,0.,1.));
#7346=DIRECTION('center_axis',(0.,0.,1.));
#7347=DIRECTION('ref_axis',(0.887894921428104,0.460046311258097,0.));
#7348=DIRECTION('',(0.,0.,1.));
#7349=DIRECTION('',(0.,0.,-1.));
#7350=DIRECTION('center_axis',(-0.939692620785909,0.342020143325667,0.));
#7351=DIRECTION('ref_axis',(0.24184476264798,0.664463024388676,0.707106781186545));
#7352=DIRECTION('',(-0.939692620785909,0.342020143325667,0.));
#7353=DIRECTION('center_axis',(0.518762016756005,0.216045003773412,-0.827170191868511));
#7354=DIRECTION('ref_axis',(0.763597013087164,0.318009634948613,0.561951486949018));
#7355=DIRECTION('center_axis',(0.342020143325669,0.939692620785908,-1.1383896173381E-14));
#7356=DIRECTION('ref_axis',(0.939692620785908,-0.342020143325669,0.));
#7357=DIRECTION('center_axis',(0.,0.,1.));
#7358=DIRECTION('ref_axis',(0.419138222838934,0.907922436200043,0.));
#7359=DIRECTION('center_axis',(0.907922436200036,-0.419138222838948,0.));
#7360=DIRECTION('ref_axis',(0.,0.,1.));
#7361=DIRECTION('center_axis',(0.,0.,1.));
#7362=DIRECTION('ref_axis',(0.923143774514235,0.384454901874864,0.));
#7363=DIRECTION('',(0.,0.,1.));
#7364=DIRECTION('',(0.,0.,-1.));
#7365=DIRECTION('center_axis',(0.,0.,-1.));
#7366=DIRECTION('ref_axis',(-1.,0.,0.));
#7367=DIRECTION('center_axis',(0.,0.,-1.));
#7368=DIRECTION('ref_axis',(-0.90630778703665,-0.422618261740699,0.));
#7369=DIRECTION('center_axis',(0.342020143325668,0.939692620785909,0.));
#7370=DIRECTION('ref_axis',(0.664463024388678,-0.241844762647968,0.707106781186547));
#7371=DIRECTION('',(0.342020143325668,0.939692620785909,0.));
#7372=DIRECTION('center_axis',(-0.422618261740702,0.906307787036649,-6.03722263539097E-15));
#7373=DIRECTION('ref_axis',(-0.906307787036649,-0.422618261740702,-6.03722263539094E-15));
#7374=DIRECTION('center_axis',(-0.939692620785909,0.342020143325669,0.));
#7375=DIRECTION('ref_axis',(0.24184476264798,0.664463024388675,0.707106781186545));
#7376=DIRECTION('',(-0.939692620785909,0.342020143325669,0.));
#7377=DIRECTION('center_axis',(-0.906307787036651,-0.422618261740697,-9.38401049623166E-16));
#7378=DIRECTION('ref_axis',(0.422618261740697,-0.906307787036651,-9.38401049623171E-16));
#7379=DIRECTION('center_axis',(-0.342020143325668,-0.939692620785909,0.));
#7380=DIRECTION('ref_axis',(-0.664463024388676,0.24184476264798,0.707106781186545));
#7381=DIRECTION('',(-0.342020143325668,-0.939692620785909,0.));
#7382=DIRECTION('center_axis',(0.,0.,-1.));
#7383=DIRECTION('ref_axis',(-1.,0.,0.));
#7384=DIRECTION('center_axis',(0.,0.,-1.));
#7385=DIRECTION('ref_axis',(0.,-1.,0.));
#7386=DIRECTION('center_axis',(-0.342020143325668,0.939692620785909,0.));
#7387=DIRECTION('ref_axis',(0.664463024388664,0.241844762647972,0.707106781186559));
#7388=DIRECTION('',(-0.342020143325668,0.939692620785909,0.));
#7389=DIRECTION('center_axis',(-0.906307787036649,0.422618261740701,-9.38401049623175E-16));
#7390=DIRECTION('ref_axis',(-0.422618261740701,-0.906307787036649,-9.38401049623178E-16));
#7391=DIRECTION('center_axis',(-0.939692620785909,-0.342020143325667,0.));
#7392=DIRECTION('ref_axis',(-0.241844762647957,0.664463024388676,0.707106781186552));
#7393=DIRECTION('',(-0.939692620785909,-0.342020143325667,0.));
#7394=DIRECTION('center_axis',(-0.422618261740692,-0.906307787036654,-2.01240754513033E-15));
#7395=DIRECTION('ref_axis',(0.906307787036654,-0.422618261740692,-2.01240754513029E-15));
#7396=DIRECTION('center_axis',(0.342020143325672,-0.939692620785907,0.));
#7397=DIRECTION('ref_axis',(-0.664463024388676,-0.24184476264798,0.707106781186545));
#7398=DIRECTION('',(0.342020143325672,-0.939692620785907,0.));
#7399=DIRECTION('center_axis',(0.,0.,-1.));
#7400=DIRECTION('ref_axis',(0.90630778703665,-0.4226182617407,0.));
#7401=DIRECTION('center_axis',(0.,0.,-1.));
#7402=DIRECTION('ref_axis',(0.90630778703665,-0.4226182617407,0.));
#7403=DIRECTION('center_axis',(-0.342020143325667,0.939692620785909,0.));
#7404=DIRECTION('ref_axis',(-0.939692620785909,-0.342020143325667,0.));
#7405=DIRECTION('',(0.,0.,1.));
#7406=DIRECTION('center_axis',(-0.939692620785909,-0.342020143325667,0.));
#7407=DIRECTION('ref_axis',(0.342020143325667,-0.939692620785909,0.));
#7408=DIRECTION('',(0.,0.,1.));
#7409=DIRECTION('center_axis',(0.342020143325667,-0.939692620785909,0.));
#7410=DIRECTION('ref_axis',(0.939692620785909,0.342020143325667,0.));
#7411=DIRECTION('center_axis',(0.,0.,1.));
#7412=DIRECTION('ref_axis',(1.,0.,0.));
#7413=DIRECTION('center_axis',(-0.342020143325667,-0.939692620785909,0.));
#7414=DIRECTION('ref_axis',(0.939692620785909,-0.342020143325667,0.));
#7415=DIRECTION('',(0.,0.,1.));
#7416=DIRECTION('center_axis',(0.939692620785909,-0.342020143325667,0.));
#7417=DIRECTION('ref_axis',(0.342020143325667,0.939692620785909,0.));
#7418=DIRECTION('',(0.,0.,1.));
#7419=DIRECTION('center_axis',(0.342020143325667,0.939692620785909,0.));
#7420=DIRECTION('ref_axis',(-0.939692620785909,0.342020143325667,0.));
#7421=DIRECTION('center_axis',(0.,0.,1.));
#7422=DIRECTION('ref_axis',(-0.90630778703665,-0.4226182617407,0.));
#7423=DIRECTION('center_axis',(0.,0.,1.));
#7424=DIRECTION('ref_axis',(1.,0.,0.));
#7425=DIRECTION('center_axis',(0.,0.,1.));
#7426=DIRECTION('ref_axis',(1.,0.,0.));
#7427=DIRECTION('',(0.707106781186546,8.65956056235492E-17,-0.707106781186549));
#7428=DIRECTION('center_axis',(0.,0.,-1.));
#7429=DIRECTION('ref_axis',(1.,0.,0.));
#7430=DIRECTION('center_axis',(0.,0.,1.));
#7431=DIRECTION('ref_axis',(1.,0.,0.));
#7432=DIRECTION('',(0.,0.,-1.));
#7433=DIRECTION('center_axis',(0.,0.,1.));
#7434=DIRECTION('ref_axis',(1.,0.,0.));
#7435=DIRECTION('center_axis',(0.,0.,1.));
#7436=DIRECTION('ref_axis',(1.,0.,0.));
#7437=DIRECTION('',(0.894118402329367,0.447830640550622,0.));
#7438=DIRECTION('',(-1.,1.11022302462516E-16,0.));
#7439=DIRECTION('',(0.866025403784439,-0.499999999999999,0.));
#7440=DIRECTION('center_axis',(0.,0.,-1.));
#7441=DIRECTION('ref_axis',(1.,0.,0.));
#7442=DIRECTION('center_axis',(0.353553390593275,0.612372435695798,0.707106781186544));
#7443=DIRECTION('ref_axis',(0.894427190999914,0.,-0.447213595499961));
#7444=DIRECTION('',(-0.894427190999915,9.93013661298908E-17,0.447213595499961));
#7445=DIRECTION('',(-0.866025403784439,0.499999999999999,0.));
#7446=DIRECTION('',(-0.353553390593279,-0.612372435695791,0.707106781186548));
#7447=DIRECTION('center_axis',(0.,0.,-1.));
#7448=DIRECTION('ref_axis',(1.,0.,0.));
#7449=DIRECTION('',(0.316664082756457,-0.632237185470781,0.707106781186545));
#7450=DIRECTION('center_axis',(0.,0.,1.));
#7451=DIRECTION('ref_axis',(1.,0.,0.));
#7452=DIRECTION('center_axis',(-0.316664082756459,0.632237185470774,0.707106781186551));
#7453=DIRECTION('ref_axis',(0.912660933847639,0.,0.408717530610514));
#7454=DIRECTION('',(-0.912660933847639,1.01325718243355E-16,-0.408717530610514));
#7455=DIRECTION('',(-0.894118402329367,-0.447830640550622,0.));
#7456=DIRECTION('center_axis',(-0.316664082756459,0.632237185470774,0.707106781186551));
#7457=DIRECTION('ref_axis',(-0.316664082756462,0.63223718547078,-0.707106781186544));
#7458=DIRECTION('center_axis',(-0.447830640550623,0.894118402329367,0.));
#7459=DIRECTION('ref_axis',(-0.894118402329367,-0.447830640550622,0.));
#7460=DIRECTION('',(0.,0.,1.));
#7461=DIRECTION('',(0.894118402329367,0.447830640550622,0.));
#7462=DIRECTION('',(0.,0.,1.));
#7463=DIRECTION('center_axis',(0.,0.,1.));
#7464=DIRECTION('ref_axis',(1.,0.,0.));
#7465=DIRECTION('',(0.,0.,1.));
#7466=DIRECTION('center_axis',(0.,0.,-1.));
#7467=DIRECTION('ref_axis',(1.,0.,0.));
#7468=DIRECTION('center_axis',(0.,0.,-1.));
#7469=DIRECTION('ref_axis',(1.,0.,0.));
#7470=DIRECTION('center_axis',(0.5,0.866025403784439,0.));
#7471=DIRECTION('ref_axis',(-0.866025403784439,0.499999999999999,0.));
#7472=DIRECTION('',(0.,0.,1.));
#7473=DIRECTION('',(0.866025403784439,-0.499999999999999,0.));
#7474=DIRECTION('center_axis',(0.,0.,1.));
#7475=DIRECTION('ref_axis',(1.,0.,0.));
#7476=DIRECTION('center_axis',(0.,0.,1.));
#7477=DIRECTION('ref_axis',(1.,0.,0.));
#7478=DIRECTION('',(0.707106781186553,8.659560562355E-17,-0.707106781186542));
#7479=DIRECTION('center_axis',(0.,0.,-1.));
#7480=DIRECTION('ref_axis',(1.,0.,0.));
#7481=DIRECTION('center_axis',(0.,0.,1.));
#7482=DIRECTION('ref_axis',(1.,0.,0.));
#7483=DIRECTION('',(0.866025403784439,0.499999999999999,0.));
#7484=DIRECTION('',(-1.,1.11022302462516E-16,0.));
#7485=DIRECTION('',(0.866025403784441,-0.499999999999995,0.));
#7486=DIRECTION('center_axis',(0.,0.,-1.));
#7487=DIRECTION('ref_axis',(1.,0.,0.));
#7488=DIRECTION('',(0.866445299354943,0.499272013261032,0.));
#7489=DIRECTION('center_axis',(0.,0.,1.));
#7490=DIRECTION('ref_axis',(-4.10033233655425E-15,-1.,0.));
#7491=DIRECTION('',(0.866445299354942,-0.499272013261033,0.));
#7492=DIRECTION('center_axis',(0.,0.,-1.));
#7493=DIRECTION('ref_axis',(-1.,0.,0.));
#7494=DIRECTION('center_axis',(0.,0.,1.));
#7495=DIRECTION('ref_axis',(1.,0.,0.));
#7496=DIRECTION('center_axis',(0.,0.,1.));
#7497=DIRECTION('ref_axis',(1.,0.,0.));
#7498=DIRECTION('',(0.,0.,-1.));
#7499=DIRECTION('center_axis',(0.,0.,1.));
#7500=DIRECTION('ref_axis',(1.,0.,0.));
#7501=DIRECTION('center_axis',(0.35355339059327,0.612372435695797,0.707106781186547));
#7502=DIRECTION('ref_axis',(0.894427190999918,0.,-0.447213595499955));
#7503=DIRECTION('',(-0.894427190999918,9.93013661298911E-17,0.447213595499955));
#7504=DIRECTION('',(-0.866025403784441,0.499999999999995,0.));
#7505=DIRECTION('',(-0.35355339059329,-0.612372435695817,0.70710678118652));
#7506=DIRECTION('center_axis',(0.,0.,-1.));
#7507=DIRECTION('ref_axis',(1.,0.,0.));
#7508=DIRECTION('',(0.353038626233538,-0.612669346701073,0.707106781186559));
#7509=DIRECTION('center_axis',(0.,0.,1.));
#7510=DIRECTION('ref_axis',(1.,0.,0.));
#7511=DIRECTION('center_axis',(-0.353038626233541,0.612669346701098,0.707106781186536));
#7512=DIRECTION('ref_axis',(0.894687567500689,0.,0.446692463065699));
#7513=DIRECTION('',(0.353038626233538,-0.612669346701073,0.707106781186559));
#7514=DIRECTION('',(-0.866445299354943,-0.499272013261032,0.));
#7515=DIRECTION('center_axis',(0.,0.,1.));
#7516=DIRECTION('ref_axis',(-4.10033233655425E-15,-1.,0.));
#7517=DIRECTION('center_axis',(0.,0.,-1.));
#7518=DIRECTION('ref_axis',(-4.10033233655425E-15,-1.,0.));
#7519=DIRECTION('',(-0.353038626233538,-0.612669346701073,0.707106781186559));
#7520=DIRECTION('center_axis',(0.353038626233536,0.612669346701088,0.707106781186547));
#7521=DIRECTION('ref_axis',(0.894687567500694,0.,-0.446692463065688));
#7522=DIRECTION('',(-0.353038626233544,-0.612669346701086,0.707106781186545));
#7523=DIRECTION('',(-0.866445299354942,0.499272013261033,0.));
#7524=DIRECTION('center_axis',(0.,0.,-1.));
#7525=DIRECTION('ref_axis',(-1.,0.,0.));
#7526=DIRECTION('',(0.353553390593323,-0.612372435695867,0.70710678118646));
#7527=DIRECTION('center_axis',(0.,0.,1.));
#7528=DIRECTION('ref_axis',(-1.,0.,0.));
#7529=DIRECTION('center_axis',(-0.353553390593275,0.612372435695798,0.707106781186544));
#7530=DIRECTION('ref_axis',(0.894427190999914,0.,0.447213595499961));
#7531=DIRECTION('',(-0.894427190999914,9.93013661298907E-17,-0.447213595499961));
#7532=DIRECTION('',(-0.866025403784439,-0.499999999999999,0.));
#7533=DIRECTION('center_axis',(-0.5,0.866025403784439,0.));
#7534=DIRECTION('ref_axis',(-0.866025403784439,-0.499999999999999,0.));
#7535=DIRECTION('',(0.,0.,1.));
#7536=DIRECTION('',(0.866025403784439,0.499999999999999,0.));
#7537=DIRECTION('',(0.,0.,-1.));
#7538=DIRECTION('center_axis',(0.,0.,1.));
#7539=DIRECTION('ref_axis',(1.,0.,0.));
#7540=DIRECTION('',(0.,0.,1.));
#7541=DIRECTION('center_axis',(0.,0.,-1.));
#7542=DIRECTION('ref_axis',(1.,0.,0.));
#7543=DIRECTION('center_axis',(0.,0.,-1.));
#7544=DIRECTION('ref_axis',(1.,0.,0.));
#7545=DIRECTION('center_axis',(0.499272013261033,0.866445299354942,0.));
#7546=DIRECTION('ref_axis',(-0.866445299354942,0.499272013261033,0.));
#7547=DIRECTION('',(0.,0.,1.));
#7548=DIRECTION('',(0.866445299354942,-0.499272013261033,0.));
#7549=DIRECTION('center_axis',(0.,0.,1.));
#7550=DIRECTION('ref_axis',(-4.10033233655425E-15,-1.,0.));
#7551=DIRECTION('',(0.,0.,-1.));
#7552=DIRECTION('center_axis',(0.,0.,1.));
#7553=DIRECTION('ref_axis',(-4.10033233655425E-15,-1.,0.));
#7554=DIRECTION('center_axis',(-0.499272013261032,0.866445299354942,0.));
#7555=DIRECTION('ref_axis',(-0.866445299354943,-0.499272013261032,0.));
#7556=DIRECTION('',(0.,0.,1.));
#7557=DIRECTION('',(0.866445299354943,0.499272013261032,0.));
#7558=DIRECTION('center_axis',(0.,0.,1.));
#7559=DIRECTION('ref_axis',(1.,0.,0.));
#7560=DIRECTION('',(0.,0.,1.));
#7561=DIRECTION('center_axis',(0.,0.,-1.));
#7562=DIRECTION('ref_axis',(1.,0.,0.));
#7563=DIRECTION('center_axis',(0.,0.,-1.));
#7564=DIRECTION('ref_axis',(1.,0.,0.));
#7565=DIRECTION('center_axis',(0.499999999999995,0.866025403784441,0.));
#7566=DIRECTION('ref_axis',(-0.866025403784441,0.499999999999995,0.));
#7567=DIRECTION('',(0.,0.,1.));
#7568=DIRECTION('',(0.866025403784441,-0.499999999999995,0.));
#7569=DIRECTION('center_axis',(0.,0.,1.));
#7570=DIRECTION('ref_axis',(1.,0.,0.));
#7571=DIRECTION('',(0.707106781186553,8.659560562355E-17,-0.707106781186542));
#7572=DIRECTION('center_axis',(0.,0.,-1.));
#7573=DIRECTION('ref_axis',(1.,0.,0.));
#7574=DIRECTION('center_axis',(0.,0.,1.));
#7575=DIRECTION('ref_axis',(1.,0.,0.));
#7576=DIRECTION('',(0.,0.,-1.));
#7577=DIRECTION('center_axis',(0.,0.,1.));
#7578=DIRECTION('ref_axis',(1.,0.,0.));
#7579=DIRECTION('center_axis',(0.353553390593277,0.612372435695793,0.707106781186547));
#7580=DIRECTION('ref_axis',(0.894427190999914,0.,-0.447213595499961));
#7581=DIRECTION('',(-0.894427190999914,9.93013661298907E-17,0.447213595499961));
#7582=DIRECTION('',(-0.866025403784436,0.500000000000004,0.));
#7583=DIRECTION('',(-0.353553390593279,-0.612372435695791,0.707106781186548));
#7584=DIRECTION('',(0.866025403784436,-0.500000000000004,0.));
#7585=DIRECTION('center_axis',(0.,0.,-1.));
#7586=DIRECTION('ref_axis',(1.,0.,0.));
#7587=DIRECTION('',(0.353553390593273,-0.612372435695807,0.707106781186537));
#7588=DIRECTION('center_axis',(0.,0.,-1.));
#7589=DIRECTION('ref_axis',(1.,0.,0.));
#7590=DIRECTION('center_axis',(0.,0.,1.));
#7591=DIRECTION('ref_axis',(1.,0.,0.));
#7592=DIRECTION('center_axis',(-0.353553390593275,0.612372435695794,0.707106781186547));
#7593=DIRECTION('ref_axis',(0.894427190999915,0.,0.44721359549996));
#7594=DIRECTION('',(-0.894427190999915,9.93013661298908E-17,-0.44721359549996));
#7595=DIRECTION('',(0.866025403784437,0.500000000000002,0.));
#7596=DIRECTION('',(-0.866025403784437,-0.500000000000002,0.));
#7597=DIRECTION('center_axis',(-0.500000000000002,0.866025403784437,0.));
#7598=DIRECTION('ref_axis',(-0.866025403784437,-0.500000000000002,0.));
#7599=DIRECTION('',(0.,0.,1.));
#7600=DIRECTION('',(0.866025403784437,0.500000000000002,0.));
#7601=DIRECTION('',(0.,0.,-1.));
#7602=DIRECTION('center_axis',(0.,0.,1.));
#7603=DIRECTION('ref_axis',(1.,0.,0.));
#7604=DIRECTION('',(0.,0.,1.));
#7605=DIRECTION('center_axis',(0.,0.,-1.));
#7606=DIRECTION('ref_axis',(1.,0.,0.));
#7607=DIRECTION('center_axis',(0.500000000000004,0.866025403784436,0.));
#7608=DIRECTION('ref_axis',(-0.866025403784436,0.500000000000004,0.));
#7609=DIRECTION('',(0.,0.,1.));
#7610=DIRECTION('',(0.866025403784436,-0.500000000000004,0.));
#7611=DIRECTION('center_axis',(0.,0.,1.));
#7612=DIRECTION('ref_axis',(1.,0.,0.));
#7613=DIRECTION('center_axis',(0.,0.,1.));
#7614=DIRECTION('ref_axis',(1.,0.,0.));
#7615=DIRECTION('',(0.707106781186553,8.659560562355E-17,-0.707106781186542));
#7616=DIRECTION('center_axis',(0.,0.,-1.));
#7617=DIRECTION('ref_axis',(1.,0.,0.));
#7618=DIRECTION('center_axis',(0.,0.,1.));
#7619=DIRECTION('ref_axis',(1.,0.,0.));
#7620=DIRECTION('',(0.,0.,-1.));
#7621=DIRECTION('center_axis',(0.,0.,1.));
#7622=DIRECTION('ref_axis',(1.,0.,0.));
#7623=DIRECTION('center_axis',(0.,0.,1.));
#7624=DIRECTION('ref_axis',(1.,0.,0.));
#7625=DIRECTION('',(0.866025403784439,0.499999999999999,0.));
#7626=DIRECTION('',(-1.,1.11022302462516E-16,0.));
#7627=DIRECTION('',(0.894118402329367,-0.447830640550622,0.));
#7628=DIRECTION('center_axis',(0.,0.,-1.));
#7629=DIRECTION('ref_axis',(-1.,0.,0.));
#7630=DIRECTION('center_axis',(0.316664082756465,0.632237185470787,0.707106781186537));
#7631=DIRECTION('ref_axis',(0.912660933847633,0.,-0.408717530610527));
#7632=DIRECTION('center_axis',(0.316664082756465,0.632237185470787,0.707106781186537));
#7633=DIRECTION('ref_axis',(0.316664082756455,0.632237185470767,-0.707106781186558));
#7634=DIRECTION('',(-0.894118402329367,0.447830640550622,0.));
#7635=DIRECTION('',(-0.316664082756454,-0.632237185470768,0.707106781186558));
#7636=DIRECTION('',(-0.912660933847633,1.01325718243354E-16,0.408717530610527));
#7637=DIRECTION('center_axis',(0.,0.,-1.));
#7638=DIRECTION('ref_axis',(-1.,0.,0.));
#7639=DIRECTION('',(0.353553390593279,-0.612372435695791,0.707106781186548));
#7640=DIRECTION('center_axis',(0.,0.,1.));
#7641=DIRECTION('ref_axis',(-1.,0.,0.));
#7642=DIRECTION('center_axis',(-0.353553390593271,0.61237243569579,0.707106781186553));
#7643=DIRECTION('ref_axis',(0.894427190999919,0.,0.447213595499952));
#7644=DIRECTION('',(-0.894427190999919,9.93013661298912E-17,-0.447213595499952));
#7645=DIRECTION('',(-0.866025403784439,-0.499999999999999,0.));
#7646=DIRECTION('center_axis',(-0.5,0.866025403784439,0.));
#7647=DIRECTION('ref_axis',(-0.866025403784439,-0.499999999999999,0.));
#7648=DIRECTION('',(0.,0.,1.));
#7649=DIRECTION('',(0.866025403784439,0.499999999999999,0.));
#7650=DIRECTION('',(0.,0.,-1.));
#7651=DIRECTION('center_axis',(0.,0.,1.));
#7652=DIRECTION('ref_axis',(1.,0.,0.));
#7653=DIRECTION('',(0.,0.,1.));
#7654=DIRECTION('center_axis',(0.,0.,-1.));
#7655=DIRECTION('ref_axis',(1.,0.,0.));
#7656=DIRECTION('center_axis',(0.,0.,-1.));
#7657=DIRECTION('ref_axis',(1.,0.,0.));
#7658=DIRECTION('center_axis',(0.447830640550623,0.894118402329367,0.));
#7659=DIRECTION('ref_axis',(-0.894118402329367,0.447830640550622,0.));
#7660=DIRECTION('',(0.,0.,1.));
#7661=DIRECTION('',(0.894118402329367,-0.447830640550622,0.));
#7662=DIRECTION('center_axis',(0.,0.,1.));
#7663=DIRECTION('ref_axis',(1.,0.,0.));
#7664=DIRECTION('center_axis',(0.,0.,1.));
#7665=DIRECTION('ref_axis',(1.,0.,0.));
#7666=DIRECTION('',(0.707106781186553,8.659560562355E-17,-0.707106781186543));
#7667=DIRECTION('center_axis',(0.,0.,-1.));
#7668=DIRECTION('ref_axis',(1.,0.,0.));
#7669=DIRECTION('center_axis',(0.,0.,1.));
#7670=DIRECTION('ref_axis',(1.,0.,0.));
#7671=DIRECTION('',(0.,0.,-1.));
#7672=DIRECTION('center_axis',(0.,0.,1.));
#7673=DIRECTION('ref_axis',(1.,0.,0.));
#7674=DIRECTION('center_axis',(0.,0.,1.));
#7675=DIRECTION('ref_axis',(1.,0.,0.));
#7676=DIRECTION('',(-0.894118402329367,-0.447830640550622,0.));
#7677=DIRECTION('',(1.,0.,0.));
#7678=DIRECTION('',(-0.866025403784439,0.499999999999999,0.));
#7679=DIRECTION('center_axis',(0.,0.,-1.));
#7680=DIRECTION('ref_axis',(-1.,0.,0.));
#7681=DIRECTION('center_axis',(-0.353553390593273,-0.612372435695795,0.707106781186547));
#7682=DIRECTION('ref_axis',(0.894427190999916,0.,0.447213595499958));
#7683=DIRECTION('',(0.894427190999916,0.,0.447213595499958));
#7684=DIRECTION('',(0.866025403784439,-0.499999999999999,0.));
#7685=DIRECTION('',(0.35355339059326,0.612372435695789,0.707106781186559));
#7686=DIRECTION('center_axis',(0.,0.,-1.));
#7687=DIRECTION('ref_axis',(-1.,0.,0.));
#7688=DIRECTION('',(-0.316664082756472,0.632237185470776,0.707106781186543));
#7689=DIRECTION('center_axis',(0.,0.,1.));
#7690=DIRECTION('ref_axis',(-1.,0.,0.));
#7691=DIRECTION('center_axis',(0.316664082756462,-0.632237185470782,0.707106781186542));
#7692=DIRECTION('ref_axis',(0.912660933847635,0.,-0.408717530610521));
#7693=DIRECTION('',(0.912660933847635,0.,-0.408717530610521));
#7694=DIRECTION('',(0.894118402329367,0.447830640550622,0.));
#7695=DIRECTION('center_axis',(0.316664082756462,-0.632237185470782,0.707106781186542));
#7696=DIRECTION('ref_axis',(0.316664082756458,-0.632237185470772,-0.707106781186553));
#7697=DIRECTION('center_axis',(0.447830640550622,-0.894118402329367,0.));
#7698=DIRECTION('ref_axis',(0.894118402329367,0.447830640550622,0.));
#7699=DIRECTION('',(0.,0.,1.));
#7700=DIRECTION('',(-0.894118402329367,-0.447830640550622,0.));
#7701=DIRECTION('',(0.,0.,1.));
#7702=DIRECTION('center_axis',(0.,0.,1.));
#7703=DIRECTION('ref_axis',(1.,0.,0.));
#7704=DIRECTION('',(0.,0.,1.));
#7705=DIRECTION('center_axis',(0.,0.,-1.));
#7706=DIRECTION('ref_axis',(1.,0.,0.));
#7707=DIRECTION('center_axis',(0.,0.,-1.));
#7708=DIRECTION('ref_axis',(1.,0.,0.));
#7709=DIRECTION('center_axis',(-0.499999999999999,-0.866025403784439,0.));
#7710=DIRECTION('ref_axis',(0.866025403784439,-0.499999999999999,0.));
#7711=DIRECTION('',(0.,0.,1.));
#7712=DIRECTION('',(-0.866025403784439,0.499999999999999,0.));
#7713=DIRECTION('center_axis',(-0.353553390593272,-0.612372435695791,0.707106781186552));
#7714=DIRECTION('ref_axis',(0.894427190999918,0.,0.447213595499954));
#7715=DIRECTION('',(0.894427190999918,0.,0.447213595499954));
#7716=DIRECTION('',(0.866025403784438,-0.500000000000001,0.));
#7717=DIRECTION('',(0.353553390593278,0.612372435695793,0.707106781186547));
#7718=DIRECTION('',(-0.866025403784438,0.500000000000001,0.));
#7719=DIRECTION('center_axis',(0.,0.,-1.));
#7720=DIRECTION('ref_axis',(1.,0.,0.));
#7721=DIRECTION('',(-0.353553390593278,0.612372435695795,0.707106781186545));
#7722=DIRECTION('center_axis',(0.,0.,-1.));
#7723=DIRECTION('ref_axis',(1.,0.,0.));
#7724=DIRECTION('center_axis',(0.,0.,1.));
#7725=DIRECTION('ref_axis',(1.,0.,0.));
#7726=DIRECTION('center_axis',(0.353553390593274,-0.612372435695793,0.707106781186549));
#7727=DIRECTION('ref_axis',(0.894427190999916,0.,-0.447213595499957));
#7728=DIRECTION('',(0.894427190999916,0.,-0.447213595499957));
#7729=DIRECTION('',(-0.866025403784438,-0.500000000000001,0.));
#7730=DIRECTION('',(0.866025403784438,0.500000000000001,0.));
#7731=DIRECTION('center_axis',(0.500000000000001,-0.866025403784438,0.));
#7732=DIRECTION('ref_axis',(0.866025403784438,0.500000000000001,0.));
#7733=DIRECTION('',(0.,0.,1.));
#7734=DIRECTION('',(-0.866025403784438,-0.500000000000001,0.));
#7735=DIRECTION('',(0.,0.,-1.));
#7736=DIRECTION('center_axis',(0.,0.,1.));
#7737=DIRECTION('ref_axis',(1.,0.,0.));
#7738=DIRECTION('',(0.,0.,1.));
#7739=DIRECTION('center_axis',(0.,0.,-1.));
#7740=DIRECTION('ref_axis',(1.,0.,0.));
#7741=DIRECTION('center_axis',(-0.500000000000001,-0.866025403784438,0.));
#7742=DIRECTION('ref_axis',(0.866025403784438,-0.500000000000001,0.));
#7743=DIRECTION('',(0.,0.,1.));
#7744=DIRECTION('',(-0.866025403784438,0.500000000000001,0.));
#7745=DIRECTION('center_axis',(0.,0.,1.));
#7746=DIRECTION('ref_axis',(1.,0.,0.));
#7747=DIRECTION('center_axis',(0.,0.,1.));
#7748=DIRECTION('ref_axis',(1.,0.,0.));
#7749=DIRECTION('',(0.707106781186546,8.65956056235492E-17,-0.707106781186549));
#7750=DIRECTION('center_axis',(0.,0.,-1.));
#7751=DIRECTION('ref_axis',(1.,0.,0.));
#7752=DIRECTION('center_axis',(0.,0.,1.));
#7753=DIRECTION('ref_axis',(1.,0.,0.));
#7754=DIRECTION('',(0.,0.,-1.));
#7755=DIRECTION('center_axis',(0.,0.,1.));
#7756=DIRECTION('ref_axis',(1.,0.,0.));
#7757=DIRECTION('center_axis',(0.,0.,1.));
#7758=DIRECTION('ref_axis',(1.,0.,0.));
#7759=DIRECTION('',(-0.866025403784439,-0.499999999999999,0.));
#7760=DIRECTION('',(1.,0.,0.));
#7761=DIRECTION('',(-0.894118402329367,0.447830640550622,0.));
#7762=DIRECTION('center_axis',(0.,0.,-1.));
#7763=DIRECTION('ref_axis',(1.,0.,0.));
#7764=DIRECTION('center_axis',(-0.31666408275646,-0.632237185470775,0.707106781186549));
#7765=DIRECTION('ref_axis',(0.912660933847638,0.,0.408717530610515));
#7766=DIRECTION('center_axis',(-0.31666408275646,-0.632237185470775,0.707106781186549));
#7767=DIRECTION('ref_axis',(-0.316664082756461,-0.632237185470778,-0.707106781186546));
#7768=DIRECTION('',(0.894118402329367,-0.447830640550622,0.));
#7769=DIRECTION('',(0.316664082756463,0.632237185470781,0.707106781186543));
#7770=DIRECTION('',(0.912660933847638,0.,0.408717530610515));
#7771=DIRECTION('center_axis',(0.,0.,-1.));
#7772=DIRECTION('ref_axis',(1.,0.,0.));
#7773=DIRECTION('',(-0.353553390593273,0.612372435695795,0.707106781186548));
#7774=DIRECTION('center_axis',(0.,0.,1.));
#7775=DIRECTION('ref_axis',(1.,0.,0.));
#7776=DIRECTION('center_axis',(0.353553390593273,-0.612372435695794,0.707106781186549));
#7777=DIRECTION('ref_axis',(0.894427190999917,0.,-0.447213595499956));
#7778=DIRECTION('',(0.894427190999917,0.,-0.447213595499956));
#7779=DIRECTION('',(0.866025403784439,0.499999999999999,0.));
#7780=DIRECTION('center_axis',(0.499999999999999,-0.866025403784439,0.));
#7781=DIRECTION('ref_axis',(0.866025403784439,0.499999999999999,0.));
#7782=DIRECTION('',(0.,0.,1.));
#7783=DIRECTION('',(-0.866025403784439,-0.499999999999999,0.));
#7784=DIRECTION('',(0.,0.,-1.));
#7785=DIRECTION('center_axis',(0.,0.,1.));
#7786=DIRECTION('ref_axis',(1.,0.,0.));
#7787=DIRECTION('',(0.,0.,1.));
#7788=DIRECTION('center_axis',(0.,0.,-1.));
#7789=DIRECTION('ref_axis',(1.,0.,0.));
#7790=DIRECTION('center_axis',(0.,0.,-1.));
#7791=DIRECTION('ref_axis',(1.,0.,0.));
#7792=DIRECTION('center_axis',(-0.447830640550622,-0.894118402329367,0.));
#7793=DIRECTION('ref_axis',(0.894118402329367,-0.447830640550622,0.));
#7794=DIRECTION('',(0.,0.,1.));
#7795=DIRECTION('',(-0.894118402329367,0.447830640550622,0.));
#7796=DIRECTION('center_axis',(-0.353553390593271,-0.612372435695789,0.707106781186553));
#7797=DIRECTION('ref_axis',(0.894427190999919,0.,0.447213595499952));
#7798=DIRECTION('',(0.894427190999919,0.,0.447213595499952));
#7799=DIRECTION('',(0.866025403784439,-0.5,0.));
#7800=DIRECTION('',(0.353553390593275,0.612372435695802,0.70710678118654));
#7801=DIRECTION('',(-0.866025403784439,0.5,0.));
#7802=DIRECTION('center_axis',(0.,0.,-1.));
#7803=DIRECTION('ref_axis',(-1.,0.,0.));
#7804=DIRECTION('',(-0.353038626233731,0.612669346701444,0.707106781186141));
#7805=DIRECTION('center_axis',(0.,0.,-1.));
#7806=DIRECTION('ref_axis',(-1.,0.,0.));
#7807=DIRECTION('center_axis',(0.,0.,1.));
#7808=DIRECTION('ref_axis',(-1.,0.,0.));
#7809=DIRECTION('center_axis',(0.353038626233572,-0.612669346701057,0.707106781186556));
#7810=DIRECTION('ref_axis',(0.894687567500678,0.,-0.44669246306572));
#7811=DIRECTION('',(-0.353038626233579,0.61266934670107,0.707106781186541));
#7812=DIRECTION('',(-0.866445299354909,-0.49927201326109,0.));
#7813=DIRECTION('',(0.866445299354909,0.49927201326109,0.));
#7814=DIRECTION('center_axis',(0.,0.,1.));
#7815=DIRECTION('ref_axis',(-3.28026586924346E-14,1.,0.));
#7816=DIRECTION('center_axis',(0.,0.,-1.));
#7817=DIRECTION('ref_axis',(-3.28026586924346E-14,1.,0.));
#7818=DIRECTION('',(0.353038626233534,0.612669346701086,0.70710678118655));
#7819=DIRECTION('center_axis',(0.,0.,1.));
#7820=DIRECTION('ref_axis',(-3.28026586924346E-14,1.,0.));
#7821=DIRECTION('center_axis',(-0.353038626233538,-0.612669346701091,0.707106781186544));
#7822=DIRECTION('ref_axis',(0.894687567500692,0.,0.446692463065692));
#7823=DIRECTION('',(0.353038626233536,0.612669346701079,0.707106781186555));
#7824=DIRECTION('',(-0.866445299354942,0.499272013261033,0.));
#7825=DIRECTION('',(0.866445299354942,-0.499272013261033,0.));
#7826=DIRECTION('center_axis',(0.,0.,-1.));
#7827=DIRECTION('ref_axis',(1.,0.,0.));
#7828=DIRECTION('',(-0.353553390593267,0.612372435695766,0.707106781186575));
#7829=DIRECTION('center_axis',(0.,0.,-1.));
#7830=DIRECTION('ref_axis',(1.,0.,0.));
#7831=DIRECTION('center_axis',(0.,0.,1.));
#7832=DIRECTION('ref_axis',(1.,0.,0.));
#7833=DIRECTION('center_axis',(0.353553390593266,-0.612372435695789,0.707106781186556));
#7834=DIRECTION('ref_axis',(0.894427190999922,0.,-0.447213595499946));
#7835=DIRECTION('',(0.894427190999922,0.,-0.447213595499946));
#7836=DIRECTION('',(-0.866025403784441,-0.499999999999995,0.));
#7837=DIRECTION('',(0.866025403784441,0.499999999999995,0.));
#7838=DIRECTION('center_axis',(0.499999999999995,-0.866025403784441,0.));
#7839=DIRECTION('ref_axis',(0.866025403784441,0.499999999999995,0.));
#7840=DIRECTION('',(0.,0.,1.));
#7841=DIRECTION('',(-0.866025403784441,-0.499999999999995,0.));
#7842=DIRECTION('',(0.,0.,-1.));
#7843=DIRECTION('center_axis',(0.,0.,1.));
#7844=DIRECTION('ref_axis',(1.,0.,0.));
#7845=DIRECTION('',(0.,0.,1.));
#7846=DIRECTION('center_axis',(0.,0.,-1.));
#7847=DIRECTION('ref_axis',(1.,0.,0.));
#7848=DIRECTION('center_axis',(0.,0.,-1.));
#7849=DIRECTION('ref_axis',(1.,0.,0.));
#7850=DIRECTION('center_axis',(-0.499272013261033,-0.866445299354942,0.));
#7851=DIRECTION('ref_axis',(0.866445299354942,-0.499272013261033,0.));
#7852=DIRECTION('',(0.,0.,1.));
#7853=DIRECTION('',(-0.866445299354942,0.499272013261033,0.));
#7854=DIRECTION('center_axis',(0.,0.,1.));
#7855=DIRECTION('ref_axis',(-3.28026586924346E-14,1.,0.));
#7856=DIRECTION('',(0.,0.,-1.));
#7857=DIRECTION('center_axis',(0.,0.,1.));
#7858=DIRECTION('ref_axis',(-3.28026586924346E-14,1.,0.));
#7859=DIRECTION('center_axis',(0.49927201326109,-0.866445299354909,0.));
#7860=DIRECTION('ref_axis',(0.866445299354909,0.49927201326109,0.));
#7861=DIRECTION('',(0.,0.,1.));
#7862=DIRECTION('',(-0.866445299354909,-0.49927201326109,0.));
#7863=DIRECTION('center_axis',(0.,0.,1.));
#7864=DIRECTION('ref_axis',(1.,0.,0.));
#7865=DIRECTION('',(0.,0.,1.));
#7866=DIRECTION('center_axis',(0.,0.,-1.));
#7867=DIRECTION('ref_axis',(1.,0.,0.));
#7868=DIRECTION('center_axis',(0.,0.,-1.));
#7869=DIRECTION('ref_axis',(1.,0.,0.));
#7870=DIRECTION('center_axis',(-0.5,-0.866025403784439,0.));
#7871=DIRECTION('ref_axis',(0.866025403784439,-0.5,0.));
#7872=DIRECTION('',(0.,0.,1.));
#7873=DIRECTION('',(-0.866025403784439,0.5,0.));
#7874=DIRECTION('center_axis',(0.,0.,1.));
#7875=DIRECTION('ref_axis',(1.,0.,0.));
#7876=DIRECTION('center_axis',(0.,0.,1.));
#7877=DIRECTION('ref_axis',(1.,0.,0.));
#7878=DIRECTION('',(0.707106781186553,8.659560562355E-17,-0.707106781186542));
#7879=DIRECTION('center_axis',(0.,0.,-1.));
#7880=DIRECTION('ref_axis',(1.,0.,0.));
#7881=DIRECTION('center_axis',(0.,0.,1.));
#7882=DIRECTION('ref_axis',(1.,0.,0.));
#7883=DIRECTION('',(1.,0.,0.));
#7884=DIRECTION('center_axis',(0.,0.,1.));
#7885=DIRECTION('ref_axis',(1.,0.,0.));
#7886=DIRECTION('center_axis',(0.,0.,1.));
#7887=DIRECTION('ref_axis',(1.,0.,0.));
#7888=DIRECTION('',(0.,0.,-1.));
#7889=DIRECTION('center_axis',(0.,0.,1.));
#7890=DIRECTION('ref_axis',(1.,0.,0.));
#7891=DIRECTION('center_axis',(0.,0.,1.));
#7892=DIRECTION('ref_axis',(1.,0.,0.));
#7893=DIRECTION('',(0.707106781186553,8.65956056235499E-17,-0.707106781186542));
#7894=DIRECTION('center_axis',(0.,0.,-1.));
#7895=DIRECTION('ref_axis',(1.,0.,0.));
#7896=DIRECTION('center_axis',(0.,0.,1.));
#7897=DIRECTION('ref_axis',(1.,0.,0.));
#7898=DIRECTION('',(0.,0.,-1.));
#7899=DIRECTION('center_axis',(0.,0.,1.));
#7900=DIRECTION('ref_axis',(1.,0.,0.));
#7901=DIRECTION('center_axis',(0.,0.,1.));
#7902=DIRECTION('ref_axis',(1.,0.,0.));
#7903=DIRECTION('',(1.,-4.13837161557339E-17,0.));
#7904=DIRECTION('center_axis',(7.85046229341868E-17,0.70710678118653,0.707106781186565));
#7905=DIRECTION('ref_axis',(1.,0.,-1.1102230246251E-16));
#7906=DIRECTION('',(-0.377964473009236,-0.654653670707991,0.654653670707958));
#7907=DIRECTION('',(-1.,1.11022302462516E-16,0.));
#7908=DIRECTION('',(0.,-0.70710678118659,0.707106781186505));
#7909=DIRECTION('',(1.,-1.11022302462516E-16,0.));
#7910=DIRECTION('center_axis',(0.,0.,-1.));
#7911=DIRECTION('ref_axis',(0.,1.,0.));
#7912=DIRECTION('',(0.707106781186555,0.,0.70710678118654));
#7913=DIRECTION('center_axis',(0.,0.,-1.));
#7914=DIRECTION('ref_axis',(0.,1.,0.));
#7915=DIRECTION('center_axis',(0.,0.,1.));
#7916=DIRECTION('ref_axis',(0.,1.,0.));
#7917=DIRECTION('center_axis',(-0.707106781186542,-2.02592575314033E-16,
0.707106781186553));
#7918=DIRECTION('ref_axis',(0.707106781186553,0.,0.707106781186542));
#7919=DIRECTION('',(0.707106781186572,0.,0.707106781186523));
#7920=DIRECTION('',(-2.86509167645201E-16,1.,0.));
#7921=DIRECTION('',(2.86509167645201E-16,-1.,0.));
#7922=DIRECTION('center_axis',(0.,0.,-1.));
#7923=DIRECTION('ref_axis',(-1.,0.,0.));
#7924=DIRECTION('',(9.8130778667736E-17,0.707106781186547,0.707106781186547));
#7925=DIRECTION('center_axis',(0.,0.,-1.));
#7926=DIRECTION('ref_axis',(-1.,0.,0.));
#7927=DIRECTION('center_axis',(0.,0.,1.));
#7928=DIRECTION('ref_axis',(-1.,0.,0.));
#7929=DIRECTION('center_axis',(0.,-0.707106781186549,0.707106781186546));
#7930=DIRECTION('ref_axis',(1.,0.,0.));
#7931=DIRECTION('',(0.377964473009228,-0.654653670707976,-0.654653670707978));
#7932=DIRECTION('',(-1.,0.,0.));
#7933=DIRECTION('',(1.,0.,0.));
#7934=DIRECTION('center_axis',(0.,-1.,0.));
#7935=DIRECTION('ref_axis',(1.,0.,0.));
#7936=DIRECTION('',(0.,0.,1.));
#7937=DIRECTION('',(-1.,0.,0.));
#7938=DIRECTION('',(-1.,0.,0.));
#7939=DIRECTION('',(1.,0.,0.));
#7940=DIRECTION('',(0.,0.,1.));
#7941=DIRECTION('center_axis',(0.,0.,1.));
#7942=DIRECTION('ref_axis',(-1.,0.,0.));
#7943=DIRECTION('',(0.,0.,1.));
#7944=DIRECTION('center_axis',(0.,0.,-1.));
#7945=DIRECTION('ref_axis',(-1.,0.,0.));
#7946=DIRECTION('center_axis',(-1.,-2.86509167645201E-16,0.));
#7947=DIRECTION('ref_axis',(2.86509167645201E-16,-1.,0.));
#7948=DIRECTION('',(0.,0.,1.));
#7949=DIRECTION('',(-2.86509167645201E-16,1.,0.));
#7950=DIRECTION('center_axis',(0.,0.,1.));
#7951=DIRECTION('ref_axis',(0.,1.,0.));
#7952=DIRECTION('',(0.,0.,1.));
#7953=DIRECTION('center_axis',(0.,0.,-1.));
#7954=DIRECTION('ref_axis',(0.,1.,0.));
#7955=DIRECTION('center_axis',(1.11022302462516E-16,1.,0.));
#7956=DIRECTION('ref_axis',(-1.,1.11022302462516E-16,0.));
#7957=DIRECTION('',(0.,0.,-1.));
#7958=DIRECTION('',(-1.,1.11022302462516E-16,0.));
#7959=DIRECTION('',(1.,-1.11022302462516E-16,0.));
#7960=DIRECTION('',(1.,-1.11022302462516E-16,0.));
#7961=DIRECTION('',(0.,0.,1.));
#7962=DIRECTION('center_axis',(0.,0.,1.));
#7963=DIRECTION('ref_axis',(1.,0.,0.));
#7964=DIRECTION('',(-0.500000000000001,0.866025403784438,0.));
#7965=DIRECTION('center_axis',(0.,0.,-1.));
#7966=DIRECTION('ref_axis',(1.,0.,0.));
#7967=DIRECTION('',(-0.500000000000007,-0.866025403784434,0.));
#7968=DIRECTION('',(1.,0.,0.));
#7969=DIRECTION('center_axis',(0.,0.,1.));
#7970=DIRECTION('ref_axis',(0.,-1.,0.));
#7971=DIRECTION('',(0.,1.,0.));
#7972=DIRECTION('center_axis',(0.,0.,1.));
#7973=DIRECTION('ref_axis',(1.,0.,0.));
#7974=DIRECTION('',(-1.,1.11022302462516E-16,0.));
#7975=DIRECTION('',(0.500000000000008,-0.866025403784434,0.));
#7976=DIRECTION('center_axis',(0.,0.,-1.));
#7977=DIRECTION('ref_axis',(1.,0.,0.));
#7978=DIRECTION('',(0.500000000000001,0.866025403784438,0.));
#7979=DIRECTION('',(-0.99982698360991,0.0186011517253274,0.));
#7980=DIRECTION('center_axis',(0.,0.,-1.));
#7981=DIRECTION('ref_axis',(0.980975287177073,0.194132650391066,0.));
#7982=DIRECTION('',(0.999826983609921,0.0186011517247723,0.));
#7983=DIRECTION('',(0.999826983609789,-0.0186011517318573,0.));
#7984=DIRECTION('',(0.,-1.,0.));
#7985=DIRECTION('',(-0.999826983609802,-0.0186011517311517,0.));
#7986=DIRECTION('center_axis',(0.,0.,-1.));
#7987=DIRECTION('ref_axis',(1.,0.,0.));
#7988=DIRECTION('center_axis',(0.,0.,1.));
#7989=DIRECTION('ref_axis',(0.568183458478632,0.822901912448416,0.));
#7990=DIRECTION('center_axis',(0.,0.,-1.));
#7991=DIRECTION('ref_axis',(1.,0.,0.));
#7992=DIRECTION('center_axis',(0.,0.,-1.));
#7993=DIRECTION('ref_axis',(1.,0.,0.));
#7994=DIRECTION('center_axis',(0.,0.,-1.));
#7995=DIRECTION('ref_axis',(1.,0.,0.));
#7996=DIRECTION('center_axis',(0.,0.,-1.));
#7997=DIRECTION('ref_axis',(1.,0.,0.));
#7998=DIRECTION('center_axis',(0.,0.,-1.));
#7999=DIRECTION('ref_axis',(1.,0.,0.));
#8000=DIRECTION('center_axis',(0.,0.,-1.));
#8001=DIRECTION('ref_axis',(1.,0.,0.));
#8002=DIRECTION('center_axis',(0.,0.,-1.));
#8003=DIRECTION('ref_axis',(1.,0.,0.));
#8004=DIRECTION('center_axis',(0.,0.,-1.));
#8005=DIRECTION('ref_axis',(1.,0.,0.));
#8006=DIRECTION('center_axis',(0.,0.,-1.));
#8007=DIRECTION('ref_axis',(1.,0.,0.));
#8008=DIRECTION('center_axis',(0.,0.,-1.));
#8009=DIRECTION('ref_axis',(1.,0.,0.));
#8010=DIRECTION('center_axis',(0.,0.,-1.));
#8011=DIRECTION('ref_axis',(1.,0.,0.));
#8012=DIRECTION('center_axis',(0.,0.,-1.));
#8013=DIRECTION('ref_axis',(1.,0.,0.));
#8014=DIRECTION('center_axis',(0.,0.,-1.));
#8015=DIRECTION('ref_axis',(1.,0.,0.));
#8016=DIRECTION('center_axis',(0.,0.,-1.));
#8017=DIRECTION('ref_axis',(1.,0.,0.));
#8018=DIRECTION('center_axis',(0.,0.,1.));
#8019=DIRECTION('ref_axis',(-1.,-8.96213436718985E-16,0.));
#8020=DIRECTION('center_axis',(0.866025403784434,-0.500000000000007,0.));
#8021=DIRECTION('ref_axis',(0.500000000000007,0.866025403784434,0.));
#8022=DIRECTION('',(0.,0.,-1.));
#8023=DIRECTION('',(0.,0.,1.));
#8024=DIRECTION('',(-0.500000000000007,-0.866025403784434,0.));
#8025=DIRECTION('center_axis',(0.,0.,1.));
#8026=DIRECTION('ref_axis',(1.,0.,0.));
#8027=DIRECTION('',(0.,0.,1.));
#8028=DIRECTION('center_axis',(0.,0.,-1.));
#8029=DIRECTION('ref_axis',(1.,0.,0.));
#8030=DIRECTION('center_axis',(-0.866025403784438,-0.500000000000001,0.));
#8031=DIRECTION('ref_axis',(0.500000000000001,-0.866025403784438,0.));
#8032=DIRECTION('',(-0.500000000000001,0.866025403784438,0.));
#8033=DIRECTION('center_axis',(0.,0.,1.));
#8034=DIRECTION('ref_axis',(1.,0.,0.));
#8035=DIRECTION('',(1.,0.,0.));
#8036=DIRECTION('center_axis',(-0.866025403784438,0.500000000000001,0.));
#8037=DIRECTION('ref_axis',(-0.500000000000001,-0.866025403784438,0.));
#8038=DIRECTION('',(0.,0.,1.));
#8039=DIRECTION('',(0.500000000000001,0.866025403784438,0.));
#8040=DIRECTION('center_axis',(0.,0.,1.));
#8041=DIRECTION('ref_axis',(1.,0.,0.));
#8042=DIRECTION('',(0.,0.,1.));
#8043=DIRECTION('center_axis',(0.,0.,-1.));
#8044=DIRECTION('ref_axis',(1.,0.,0.));
#8045=DIRECTION('center_axis',(0.866025403784434,0.500000000000008,0.));
#8046=DIRECTION('ref_axis',(-0.500000000000008,0.866025403784434,0.));
#8047=DIRECTION('',(0.,0.,1.));
#8048=DIRECTION('',(0.500000000000008,-0.866025403784434,0.));
#8049=DIRECTION('center_axis',(0.,0.,1.));
#8050=DIRECTION('ref_axis',(1.,0.,0.));
#8051=DIRECTION('',(-1.,1.11022302462516E-16,0.));
#8052=DIRECTION('center_axis',(1.11022302462516E-16,1.,0.));
#8053=DIRECTION('ref_axis',(-1.,1.11022302462516E-16,0.));
#8054=DIRECTION('',(0.,0.,1.));
#8055=DIRECTION('',(1.,-1.11022302462516E-16,0.));
#8056=DIRECTION('center_axis',(0.,0.,1.));
#8057=DIRECTION('ref_axis',(1.,0.,0.));
#8058=DIRECTION('center_axis',(0.,0.,-1.));
#8059=DIRECTION('ref_axis',(1.,0.,0.));
#8060=DIRECTION('center_axis',(0.,0.,1.));
#8061=DIRECTION('ref_axis',(1.,0.,0.));
#8062=DIRECTION('center_axis',(0.,0.,-1.));
#8063=DIRECTION('ref_axis',(1.,0.,0.));
#8064=DIRECTION('center_axis',(0.,0.,-1.));
#8065=DIRECTION('ref_axis',(1.,0.,0.));
#8066=DIRECTION('',(0.,0.,-1.));
#8067=DIRECTION('center_axis',(0.,0.,-1.));
#8068=DIRECTION('ref_axis',(1.,0.,0.));
#8069=DIRECTION('center_axis',(0.,0.,1.));
#8070=DIRECTION('ref_axis',(1.,0.,0.));
#8071=DIRECTION('center_axis',(0.,0.,-1.));
#8072=DIRECTION('ref_axis',(1.,0.,0.));
#8073=DIRECTION('',(0.,0.,-1.));
#8074=DIRECTION('center_axis',(0.,0.,-1.));
#8075=DIRECTION('ref_axis',(1.,0.,0.));
#8076=DIRECTION('center_axis',(0.,0.,1.));
#8077=DIRECTION('ref_axis',(1.,0.,0.));
#8078=DIRECTION('center_axis',(0.,0.,-1.));
#8079=DIRECTION('ref_axis',(1.,0.,0.));
#8080=DIRECTION('',(0.,0.,-1.));
#8081=DIRECTION('center_axis',(0.,0.,-1.));
#8082=DIRECTION('ref_axis',(1.,0.,0.));
#8083=DIRECTION('center_axis',(0.,0.,1.));
#8084=DIRECTION('ref_axis',(1.,0.,0.));
#8085=DIRECTION('center_axis',(0.,0.,-1.));
#8086=DIRECTION('ref_axis',(1.,0.,0.));
#8087=DIRECTION('',(0.,0.,-1.));
#8088=DIRECTION('center_axis',(0.,0.,-1.));
#8089=DIRECTION('ref_axis',(1.,0.,0.));
#8090=DIRECTION('center_axis',(0.,0.,1.));
#8091=DIRECTION('ref_axis',(1.,0.,0.));
#8092=DIRECTION('center_axis',(0.,0.,-1.));
#8093=DIRECTION('ref_axis',(1.,0.,0.));
#8094=DIRECTION('',(0.,0.,-1.));
#8095=DIRECTION('center_axis',(0.,0.,-1.));
#8096=DIRECTION('ref_axis',(1.,0.,0.));
#8097=DIRECTION('center_axis',(0.,0.,1.));
#8098=DIRECTION('ref_axis',(1.,0.,0.));
#8099=DIRECTION('center_axis',(0.,0.,-1.));
#8100=DIRECTION('ref_axis',(1.,0.,0.));
#8101=DIRECTION('',(0.,0.,-1.));
#8102=DIRECTION('center_axis',(0.,0.,-1.));
#8103=DIRECTION('ref_axis',(1.,0.,0.));
#8104=DIRECTION('center_axis',(0.,0.,1.));
#8105=DIRECTION('ref_axis',(1.,0.,0.));
#8106=DIRECTION('center_axis',(0.,0.,-1.));
#8107=DIRECTION('ref_axis',(1.,0.,0.));
#8108=DIRECTION('',(0.,0.,-1.));
#8109=DIRECTION('center_axis',(0.,0.,-1.));
#8110=DIRECTION('ref_axis',(1.,0.,0.));
#8111=DIRECTION('center_axis',(0.,0.,1.));
#8112=DIRECTION('ref_axis',(1.,0.,0.));
#8113=DIRECTION('center_axis',(0.,0.,-1.));
#8114=DIRECTION('ref_axis',(1.,0.,0.));
#8115=DIRECTION('',(0.,0.,-1.));
#8116=DIRECTION('center_axis',(0.,0.,-1.));
#8117=DIRECTION('ref_axis',(1.,0.,0.));
#8118=DIRECTION('center_axis',(0.,0.,1.));
#8119=DIRECTION('ref_axis',(1.,0.,0.));
#8120=DIRECTION('center_axis',(0.,0.,-1.));
#8121=DIRECTION('ref_axis',(1.,0.,0.));
#8122=DIRECTION('',(0.,0.,-1.));
#8123=DIRECTION('center_axis',(0.,0.,-1.));
#8124=DIRECTION('ref_axis',(1.,0.,0.));
#8125=DIRECTION('center_axis',(0.,0.,1.));
#8126=DIRECTION('ref_axis',(1.,0.,0.));
#8127=DIRECTION('center_axis',(0.,0.,-1.));
#8128=DIRECTION('ref_axis',(1.,0.,0.));
#8129=DIRECTION('',(0.,0.,-1.));
#8130=DIRECTION('center_axis',(0.,0.,-1.));
#8131=DIRECTION('ref_axis',(1.,0.,0.));
#8132=DIRECTION('center_axis',(0.,0.,1.));
#8133=DIRECTION('ref_axis',(1.,0.,0.));
#8134=DIRECTION('center_axis',(0.,0.,-1.));
#8135=DIRECTION('ref_axis',(1.,0.,0.));
#8136=DIRECTION('',(0.,0.,-1.));
#8137=DIRECTION('center_axis',(0.,0.,-1.));
#8138=DIRECTION('ref_axis',(1.,0.,0.));
#8139=DIRECTION('center_axis',(0.,0.,1.));
#8140=DIRECTION('ref_axis',(1.,0.,0.));
#8141=DIRECTION('center_axis',(0.,0.,-1.));
#8142=DIRECTION('ref_axis',(1.,0.,0.));
#8143=DIRECTION('',(0.,0.,-1.));
#8144=DIRECTION('center_axis',(0.,0.,-1.));
#8145=DIRECTION('ref_axis',(1.,0.,0.));
#8146=DIRECTION('center_axis',(0.,0.,1.));
#8147=DIRECTION('ref_axis',(1.,0.,0.));
#8148=DIRECTION('center_axis',(0.,0.,-1.));
#8149=DIRECTION('ref_axis',(1.,0.,0.));
#8150=DIRECTION('',(0.,0.,-1.));
#8151=DIRECTION('center_axis',(0.,0.,-1.));
#8152=DIRECTION('ref_axis',(1.,0.,0.));
#8153=DIRECTION('center_axis',(0.,0.,1.));
#8154=DIRECTION('ref_axis',(1.,0.,0.));
#8155=DIRECTION('center_axis',(0.,-1.,0.));
#8156=DIRECTION('ref_axis',(1.,0.,0.));
#8157=DIRECTION('',(-1.,0.,0.));
#8158=DIRECTION('',(0.,0.,1.));
#8159=DIRECTION('center_axis',(0.,0.,1.));
#8160=DIRECTION('ref_axis',(1.,0.,0.));
#8161=DIRECTION('',(-1.,-1.1035657641529E-16,0.));
#8162=DIRECTION('center_axis',(0.,0.,1.));
#8163=DIRECTION('ref_axis',(1.,0.,0.));
#8164=DIRECTION('center_axis',(0.,0.,-1.));
#8165=DIRECTION('ref_axis',(-1.,0.,0.));
#8166=DIRECTION('center_axis',(0.,0.,1.));
#8167=DIRECTION('ref_axis',(1.,0.,0.));
#8168=DIRECTION('',(-1.,-1.1035657641529E-16,0.));
#8169=DIRECTION('center_axis',(0.,0.,1.));
#8170=DIRECTION('ref_axis',(1.,0.,0.));
#8171=DIRECTION('center_axis',(0.,0.,-1.));
#8172=DIRECTION('ref_axis',(-1.,0.,0.));
#8173=DIRECTION('center_axis',(0.,0.,1.));
#8174=DIRECTION('ref_axis',(1.,0.,0.));
#8175=DIRECTION('',(-1.,-1.1035657641529E-16,0.));
#8176=DIRECTION('center_axis',(0.,0.,1.));
#8177=DIRECTION('ref_axis',(-0.0301624999999991,0.999545008288146,0.));
#8178=DIRECTION('',(-9.79608551139844E-17,-1.,0.));
#8179=DIRECTION('center_axis',(0.,0.,1.));
#8180=DIRECTION('ref_axis',(-1.,1.38777878078145E-16,0.));
#8181=DIRECTION('',(1.,-4.13837161557339E-17,0.));
#8182=DIRECTION('center_axis',(0.,0.,1.));
#8183=DIRECTION('ref_axis',(1.,0.,0.));
#8184=DIRECTION('center_axis',(0.,0.,-1.));
#8185=DIRECTION('ref_axis',(-1.,0.,0.));
#8186=DIRECTION('center_axis',(0.,0.,1.));
#8187=DIRECTION('ref_axis',(1.,0.,0.));
#8188=DIRECTION('',(1.,-4.13837161557339E-17,0.));
#8189=DIRECTION('center_axis',(0.,0.,1.));
#8190=DIRECTION('ref_axis',(1.,0.,0.));
#8191=DIRECTION('center_axis',(0.,0.,-1.));
#8192=DIRECTION('ref_axis',(-1.,0.,0.));
#8193=DIRECTION('center_axis',(0.,0.,1.));
#8194=DIRECTION('ref_axis',(1.,0.,0.));
#8195=DIRECTION('',(0.,0.,1.));
#8196=DIRECTION('center_axis',(0.,0.,-1.));
#8197=DIRECTION('ref_axis',(1.,0.,0.));
#8198=DIRECTION('center_axis',(0.,0.,1.));
#8199=DIRECTION('ref_axis',(1.,0.,0.));
#8200=DIRECTION('',(1.,-4.13837161557339E-17,0.));
#8201=DIRECTION('center_axis',(0.,0.,1.));
#8202=DIRECTION('ref_axis',(0.0301624999999972,-0.999545008288146,0.));
#8203=DIRECTION('',(0.,1.,0.));
#8204=DIRECTION('center_axis',(0.,0.,1.));
#8205=DIRECTION('ref_axis',(1.,-5.55111512312579E-16,0.));
#8206=DIRECTION('',(-1.,-1.1035657641529E-16,0.));
#8207=DIRECTION('',(0.,-1.,0.));
#8208=DIRECTION('center_axis',(0.,0.,-1.));
#8209=DIRECTION('ref_axis',(0.,-1.,0.));
#8210=DIRECTION('center_axis',(0.,0.,1.));
#8211=DIRECTION('ref_axis',(1.,0.,0.));
#8212=DIRECTION('center_axis',(0.,0.,-1.));
#8213=DIRECTION('ref_axis',(-1.,0.,0.));
#8214=DIRECTION('center_axis',(0.,0.,1.));
#8215=DIRECTION('ref_axis',(1.,0.,0.));
#8216=DIRECTION('',(-1.,-1.1035657641529E-16,0.));
#8217=DIRECTION('center_axis',(0.,0.,1.));
#8218=DIRECTION('ref_axis',(1.,0.,0.));
#8219=DIRECTION('center_axis',(0.,0.,-1.));
#8220=DIRECTION('ref_axis',(-1.,0.,0.));
#8221=DIRECTION('center_axis',(0.,0.,1.));
#8222=DIRECTION('ref_axis',(1.,0.,0.));
#8223=DIRECTION('center_axis',(0.,0.,-1.));
#8224=DIRECTION('ref_axis',(-1.,0.,0.));
#8225=DIRECTION('center_axis',(0.,0.,1.));
#8226=DIRECTION('ref_axis',(1.,0.,0.));
#8227=DIRECTION('center_axis',(0.,0.,-1.));
#8228=DIRECTION('ref_axis',(-1.,0.,0.));
#8229=DIRECTION('center_axis',(0.,0.,1.));
#8230=DIRECTION('ref_axis',(-1.,0.,0.));
#8231=DIRECTION('',(0.,0.,1.));
#8232=DIRECTION('center_axis',(0.,0.,1.));
#8233=DIRECTION('ref_axis',(-1.,0.,0.));
#8234=DIRECTION('',(0.,0.,1.));
#8235=DIRECTION('center_axis',(0.,0.,1.));
#8236=DIRECTION('ref_axis',(-1.,0.,0.));
#8237=DIRECTION('',(0.,0.,1.));
#8238=DIRECTION('center_axis',(0.,0.,1.));
#8239=DIRECTION('ref_axis',(-1.,0.,0.));
#8240=DIRECTION('',(0.,0.,1.));
#8241=DIRECTION('center_axis',(0.,0.,1.));
#8242=DIRECTION('ref_axis',(-1.,0.,0.));
#8243=DIRECTION('',(0.,0.,1.));
#8244=DIRECTION('center_axis',(0.,0.,1.));
#8245=DIRECTION('ref_axis',(-1.,0.,0.));
#8246=DIRECTION('',(0.,0.,1.));
#8247=DIRECTION('center_axis',(0.,0.,1.));
#8248=DIRECTION('ref_axis',(-1.,0.,0.));
#8249=DIRECTION('',(0.,0.,1.));
#8250=DIRECTION('center_axis',(0.,0.,1.));
#8251=DIRECTION('ref_axis',(-1.,0.,0.));
#8252=DIRECTION('',(0.,0.,1.));
#8253=DIRECTION('center_axis',(0.,0.,1.));
#8254=DIRECTION('ref_axis',(1.,0.,0.));
#8255=DIRECTION('',(0.,0.,-1.));
#8256=DIRECTION('center_axis',(0.,0.,1.));
#8257=DIRECTION('ref_axis',(1.,0.,0.));
#8258=DIRECTION('',(0.,0.,-1.));
#8259=DIRECTION('center_axis',(0.0186011517247723,-0.99982698360992,0.));
#8260=DIRECTION('ref_axis',(0.999826983609921,0.0186011517247723,0.));
#8261=DIRECTION('',(0.,0.,1.));
#8262=DIRECTION('',(0.,0.,1.));
#8263=DIRECTION('',(0.,0.,1.));
#8264=DIRECTION('',(0.,0.,1.));
#8265=DIRECTION('center_axis',(0.0186011517253274,0.99982698360991,0.));
#8266=DIRECTION('ref_axis',(-0.99982698360991,0.0186011517253274,0.));
#8267=DIRECTION('',(0.,0.,1.));
#8268=DIRECTION('center_axis',(-0.0186011517311517,0.999826983609802,0.));
#8269=DIRECTION('ref_axis',(-0.999826983609802,-0.0186011517311517,0.));
#8270=DIRECTION('',(0.,0.,1.));
#8271=DIRECTION('',(0.,0.,1.));
#8272=DIRECTION('center_axis',(-1.,0.,0.));
#8273=DIRECTION('ref_axis',(0.,-1.,0.));
#8274=DIRECTION('',(0.,0.,1.));
#8275=DIRECTION('',(0.,0.,1.));
#8276=DIRECTION('center_axis',(-0.0186011517318573,-0.999826983609789,0.));
#8277=DIRECTION('ref_axis',(0.999826983609789,-0.0186011517318573,0.));
#8278=DIRECTION('center_axis',(1.,0.,0.));
#8279=DIRECTION('ref_axis',(0.,1.,0.));
#8280=DIRECTION('',(0.,0.,1.));
#8281=DIRECTION('center_axis',(0.,0.,1.));
#8282=DIRECTION('ref_axis',(0.,-1.,0.));
#8283=DIRECTION('center_axis',(0.,0.,1.));
#8284=DIRECTION('ref_axis',(1.,0.,0.));
#8285=DIRECTION('',(1.,-4.13837161557339E-17,0.));
#8286=DIRECTION('center_axis',(0.0241506196355681,0.999708331250279,0.));
#8287=DIRECTION('ref_axis',(-0.999708331250279,0.0241506196355681,0.));
#8288=DIRECTION('',(0.,0.,1.));
#8289=DIRECTION('center_axis',(0.,0.,1.));
#8290=DIRECTION('ref_axis',(0.0200029892266132,-0.999799920195036,0.));
#8291=DIRECTION('',(0.,0.,1.));
#8292=DIRECTION('center_axis',(1.29380803131845E-14,-1.,0.));
#8293=DIRECTION('ref_axis',(1.,1.29380803131845E-14,0.));
#8294=DIRECTION('center_axis',(0.00779077129600829,0.99996965148079,0.));
#8295=DIRECTION('ref_axis',(-0.99996965148079,0.00779077129600829,0.));
#8296=DIRECTION('',(0.,0.,1.));
#8297=DIRECTION('center_axis',(0.,0.,1.));
#8298=DIRECTION('ref_axis',(0.999992412841415,-0.00389541520313753,0.));
#8299=DIRECTION('',(0.,0.,1.));
#8300=DIRECTION('center_axis',(0.,-1.,0.));
#8301=DIRECTION('ref_axis',(1.,0.,0.));
#8302=DIRECTION('center_axis',(0.,1.,0.));
#8303=DIRECTION('ref_axis',(-1.,0.,0.));
#8304=DIRECTION('',(0.,0.,1.));
#8305=DIRECTION('center_axis',(0.,0.,1.));
#8306=DIRECTION('ref_axis',(0.0505471217096918,-0.998721677188828,0.));
#8307=DIRECTION('',(0.,0.,1.));
#8308=DIRECTION('center_axis',(0.0241506196355529,-0.99970833125028,0.));
#8309=DIRECTION('ref_axis',(0.99970833125028,0.0241506196355529,0.));
#8310=DIRECTION('center_axis',(0.578504117206884,-0.815679463009021,0.));
#8311=DIRECTION('ref_axis',(0.815679463009021,0.578504117206884,0.));
#8312=DIRECTION('center_axis',(-0.496467502110259,-0.868055308922421,0.));
#8313=DIRECTION('ref_axis',(0.868055308922421,-0.496467502110259,0.));
#8314=DIRECTION('',(0.,0.,1.));
#8315=DIRECTION('',(0.,0.,1.));
#8316=DIRECTION('',(0.,0.,1.));
#8317=DIRECTION('center_axis',(0.496467502110269,-0.868055308922416,0.));
#8318=DIRECTION('ref_axis',(0.868055308922416,0.496467502110269,0.));
#8319=DIRECTION('center_axis',(-0.578504117206882,-0.815679463009022,0.));
#8320=DIRECTION('ref_axis',(0.815679463009022,-0.578504117206882,0.));
#8321=DIRECTION('center_axis',(0.939692620785909,-0.342020143325668,0.));
#8322=DIRECTION('ref_axis',(0.342020143325668,0.939692620785909,0.));
#8323=DIRECTION('',(0.,0.,1.));
#8324=DIRECTION('center_axis',(0.342020143325669,0.939692620785909,0.));
#8325=DIRECTION('ref_axis',(-0.939692620785909,0.342020143325669,0.));
#8326=DIRECTION('',(0.,0.,1.));
#8327=DIRECTION('center_axis',(-0.939692620785909,0.342020143325668,0.));
#8328=DIRECTION('ref_axis',(-0.342020143325668,-0.939692620785909,0.));
#8329=DIRECTION('center_axis',(0.,0.,1.));
#8330=DIRECTION('ref_axis',(1.,0.,0.));
#8331=DIRECTION('center_axis',(0.939692620785909,0.342020143325668,0.));
#8332=DIRECTION('ref_axis',(-0.342020143325668,0.939692620785909,0.));
#8333=DIRECTION('',(0.,0.,1.));
#8334=DIRECTION('center_axis',(-0.342020143325667,0.939692620785909,0.));
#8335=DIRECTION('ref_axis',(-0.939692620785909,-0.342020143325667,0.));
#8336=DIRECTION('',(0.,0.,1.));
#8337=DIRECTION('center_axis',(-0.939692620785907,-0.342020143325672,0.));
#8338=DIRECTION('ref_axis',(0.342020143325672,-0.939692620785907,0.));
#8339=DIRECTION('center_axis',(0.,0.,1.));
#8340=DIRECTION('ref_axis',(1.,0.,0.));
#8341=DIRECTION('center_axis',(-1.1035657641529E-16,1.,0.));
#8342=DIRECTION('ref_axis',(-1.,-1.1035657641529E-16,0.));
#8343=DIRECTION('',(0.,0.,1.));
#8344=DIRECTION('',(0.,0.,1.));
#8345=DIRECTION('center_axis',(0.,0.,1.));
#8346=DIRECTION('ref_axis',(1.,-5.55111512312579E-16,0.));
#8347=DIRECTION('',(0.,0.,1.));
#8348=DIRECTION('center_axis',(1.,0.,0.));
#8349=DIRECTION('ref_axis',(0.,1.,0.));
#8350=DIRECTION('',(0.,0.,1.));
#8351=DIRECTION('center_axis',(0.,0.,1.));
#8352=DIRECTION('ref_axis',(0.0301624999999972,-0.999545008288146,0.));
#8353=DIRECTION('',(0.,0.,1.));
#8354=DIRECTION('center_axis',(-4.13837161557339E-17,-1.,0.));
#8355=DIRECTION('ref_axis',(1.,-4.13837161557339E-17,0.));
#8356=DIRECTION('',(0.,0.,1.));
#8357=DIRECTION('center_axis',(0.,0.,1.));
#8358=DIRECTION('ref_axis',(-1.,1.38777878078145E-16,0.));
#8359=DIRECTION('',(0.,0.,1.));
#8360=DIRECTION('center_axis',(-1.,9.79608551139844E-17,0.));
#8361=DIRECTION('ref_axis',(-9.79608551139844E-17,-1.,0.));
#8362=DIRECTION('',(0.,0.,1.));
#8363=DIRECTION('center_axis',(0.,0.,1.));
#8364=DIRECTION('ref_axis',(-0.0301624999999991,0.999545008288146,0.));
#8365=DIRECTION('center_axis',(0.,0.,1.));
#8366=DIRECTION('ref_axis',(1.,0.,0.));
#8367=DIRECTION('center_axis',(0.,0.,-1.));
#8368=DIRECTION('ref_axis',(1.,0.,0.));
#8369=DIRECTION('center_axis',(0.,0.,-1.));
#8370=DIRECTION('ref_axis',(1.,0.,0.));
#8371=DIRECTION('',(0.,0.,-1.));
#8372=DIRECTION('',(0.,0.,1.));
#8373=DIRECTION('',(1.,0.,0.));
#8374=DIRECTION('center_axis',(0.,0.,1.));
#8375=DIRECTION('ref_axis',(1.,0.,0.));
#8376=CARTESIAN_POINT('',(0.,0.,0.));
#8377=CARTESIAN_POINT('',(0.,0.,0.));
#8378=CARTESIAN_POINT('Origin',(327.910048218235,130.803785232247,3.));
#8379=CARTESIAN_POINT('',(327.139293628499,130.166653093362,3.));
#8380=CARTESIAN_POINT('',(327.331544101028,131.619464695256,3.));
#8381=CARTESIAN_POINT('Origin',(327.910048218235,130.803785232247,3.));
#8382=CARTESIAN_POINT('',(327.910048218235,130.803785232247,4.));
#8383=CARTESIAN_POINT('Origin',(327.910048218235,130.803785232247,3.));
#8384=CARTESIAN_POINT('Origin',(327.910048218235,130.803785232247,3.));
#8385=CARTESIAN_POINT('Origin',(336.923456156373,110.618525431861,3.));
#8386=CARTESIAN_POINT('',(335.932375586521,110.485261392972,3.));
#8387=CARTESIAN_POINT('',(336.923456156373,110.618525431861,4.));
#8388=CARTESIAN_POINT('Origin',(336.923456156373,110.618525431861,3.));
#8389=CARTESIAN_POINT('',(336.947606776009,109.618817100611,3.));
#8390=CARTESIAN_POINT('Origin',(336.923456156373,110.618525431861,3.));
#8391=CARTESIAN_POINT('Origin',(336.923456156373,110.618525431861,3.));
#8392=CARTESIAN_POINT('Ctrl Pts',(336.947606776009,109.618817100611,-2.77555756156289E-16));
#8393=CARTESIAN_POINT('Ctrl Pts',(336.947606776009,109.618817100611,1.));
#8394=CARTESIAN_POINT('Ctrl Pts',(336.947606776009,109.618817100611,2.));
#8395=CARTESIAN_POINT('Ctrl Pts',(336.947606776009,109.618817100611,3.));
#8396=CARTESIAN_POINT('Ctrl Pts',(336.669347459484,109.612095005072,-2.77555756156289E-16));
#8397=CARTESIAN_POINT('Ctrl Pts',(336.669347459484,109.612095005072,1.));
#8398=CARTESIAN_POINT('Ctrl Pts',(336.669347459484,109.612095005072,2.));
#8399=CARTESIAN_POINT('Ctrl Pts',(336.669347459484,109.612095005072,3.));
#8400=CARTESIAN_POINT('Ctrl Pts',(336.181259431816,109.816081848443,-2.77555756156289E-16));
#8401=CARTESIAN_POINT('Ctrl Pts',(336.181259431816,109.816081848443,1.));
#8402=CARTESIAN_POINT('Ctrl Pts',(336.181259431816,109.816081848443,2.));
#8403=CARTESIAN_POINT('Ctrl Pts',(336.181259431816,109.816081848443,3.));
#8404=CARTESIAN_POINT('Ctrl Pts',(335.960195170908,110.278367997143,-2.77555756156289E-16));
#8405=CARTESIAN_POINT('Ctrl Pts',(335.960195170908,110.278367997143,0.999999999999999));
#8406=CARTESIAN_POINT('Ctrl Pts',(335.960195170908,110.278367997143,2.));
#8407=CARTESIAN_POINT('Ctrl Pts',(335.960195170908,110.278367997143,3.));
#8408=CARTESIAN_POINT('Ctrl Pts',(335.932375586521,110.485261392972,-2.77555756156289E-16));
#8409=CARTESIAN_POINT('Ctrl Pts',(335.932375586521,110.485261392972,1.));
#8410=CARTESIAN_POINT('Ctrl Pts',(335.932375586521,110.485261392972,2.));
#8411=CARTESIAN_POINT('Ctrl Pts',(335.932375586521,110.485261392972,3.));
#8412=CARTESIAN_POINT('',(335.93237558652,110.485261392972,6.93889390390723E-17));
#8413=CARTESIAN_POINT('',(336.947606776009,109.618817100611,2.08166817117217E-16));
#8414=CARTESIAN_POINT('Ctrl Pts',(335.932375586521,110.485261392972,-2.77555756156289E-16));
#8415=CARTESIAN_POINT('Ctrl Pts',(335.960195170908,110.278367997143,-2.77555756156289E-16));
#8416=CARTESIAN_POINT('Ctrl Pts',(336.054936997011,110.080245361986,-2.77555756156289E-16));
#8417=CARTESIAN_POINT('Ctrl Pts',(336.198724004764,109.929565456379,-2.77555756156289E-16));
#8418=CARTESIAN_POINT('Ctrl Pts',(336.390440015102,109.72865891557,-2.77555756156289E-16));
#8419=CARTESIAN_POINT('Ctrl Pts',(336.669347459484,109.612095005072,-2.77555756156289E-16));
#8420=CARTESIAN_POINT('Ctrl Pts',(336.947606776009,109.618817100611,-2.77555756156289E-16));
#8421=CARTESIAN_POINT('Ctrl Pts',(336.947606776009,109.618817100611,-2.77555756156289E-16));
#8422=CARTESIAN_POINT('Ctrl Pts',(336.947606776009,109.618817100611,1.));
#8423=CARTESIAN_POINT('Ctrl Pts',(336.947606776009,109.618817100611,2.));
#8424=CARTESIAN_POINT('Ctrl Pts',(336.947606776009,109.618817100611,3.));
#8425=CARTESIAN_POINT('Ctrl Pts',(335.932375586521,110.485261392972,3.));
#8426=CARTESIAN_POINT('Ctrl Pts',(335.932375586521,110.485261392972,2.));
#8427=CARTESIAN_POINT('Ctrl Pts',(335.932375586521,110.485261392972,1.));
#8428=CARTESIAN_POINT('Ctrl Pts',(335.932375586521,110.485261392972,-2.77555756156289E-16));
#8429=CARTESIAN_POINT('Origin',(327.960930483883,140.043019081283,3.));
#8430=CARTESIAN_POINT('',(323.876889903911,145.108518975644,3.));
#8431=CARTESIAN_POINT('',(331.725151315808,134.735541510239,3.));
#8432=CARTESIAN_POINT('Origin',(327.960930483883,140.043019081283,3.));
#8433=CARTESIAN_POINT('',(332.303655433015,133.91986204723,4.));
#8434=CARTESIAN_POINT('Origin',(332.303655433015,133.91986204723,3.));
#8435=CARTESIAN_POINT('',(323.274135995407,145.90699976596,4.));
#8436=CARTESIAN_POINT('Origin',(327.960930483883,140.043019081283,4.));
#8437=CARTESIAN_POINT('Ctrl Pts',(323.274135995407,145.906999765961,4.));
#8438=CARTESIAN_POINT('Ctrl Pts',(323.275654734401,145.904983564146,4.));
#8439=CARTESIAN_POINT('Ctrl Pts',(323.277173482558,145.902967380512,3.99999045041083));
#8440=CARTESIAN_POINT('Ctrl Pts',(323.358255250458,145.795330530313,3.99897079386637));
#8441=CARTESIAN_POINT('Ctrl Pts',(323.436959211205,145.690936943134,3.97177191527281));
#8442=CARTESIAN_POINT('Ctrl Pts',(323.582410986853,145.498155611012,3.86890171503868));
#8443=CARTESIAN_POINT('Ctrl Pts',(323.647932562369,145.411389494698,3.79494407567051));
#8444=CARTESIAN_POINT('Ctrl Pts',(323.758213375276,145.265432037903,3.60956049828445));
#8445=CARTESIAN_POINT('Ctrl Pts',(323.801928016079,145.207620757424,3.49992354780327));
#8446=CARTESIAN_POINT('Ctrl Pts',(323.861548719213,145.12879182169,3.25906573902398));
#8447=CARTESIAN_POINT('Ctrl Pts',(323.876889903912,145.108518975645,3.13015690760381));
#8448=CARTESIAN_POINT('Ctrl Pts',(323.876889903913,145.108518975646,3.));
#8449=CARTESIAN_POINT('Origin',(316.539599314805,141.130666201257,3.));
#8450=CARTESIAN_POINT('',(316.043131812695,140.262610892335,3.));
#8451=CARTESIAN_POINT('',(316.539599314805,141.130666201257,4.));
#8452=CARTESIAN_POINT('Origin',(316.539599314805,141.130666201257,3.));
#8453=CARTESIAN_POINT('',(317.118103432012,140.314986738248,3.));
#8454=CARTESIAN_POINT('Origin',(316.539599314805,141.130666201257,3.));
#8455=CARTESIAN_POINT('Origin',(316.539599314805,141.130666201257,3.));
#8456=CARTESIAN_POINT('Origin',(316.539599314805,141.130666201257,0.));
#8457=CARTESIAN_POINT('',(316.043131812695,140.262610892335,0.));
#8458=CARTESIAN_POINT('',(317.118103432012,140.314986738248,0.));
#8459=CARTESIAN_POINT('Origin',(316.539599314805,141.130666201257,0.));
#8460=CARTESIAN_POINT('',(317.118103432012,140.314986738248,0.));
#8461=CARTESIAN_POINT('',(316.043131812695,140.262610892335,0.));
#8462=CARTESIAN_POINT('Origin',(255.478561140409,97.8243631903841,3.));
#8463=CARTESIAN_POINT('',(255.478561140409,97.8243631903841,4.));
#8464=CARTESIAN_POINT('',(256.057065257616,97.008683727375,3.));
#8465=CARTESIAN_POINT('Origin',(338.216857483603,99.7390403167031,3.));
#8466=CARTESIAN_POINT('',(338.216857483603,100.739040316703,3.));
#8467=CARTESIAN_POINT('',(338.216857483603,99.7390403167031,4.));
#8468=CARTESIAN_POINT('Origin',(338.216857483603,99.7390403167031,3.));
#8469=CARTESIAN_POINT('',(337.218953937816,99.6743215921563,3.));
#8470=CARTESIAN_POINT('Origin',(338.216857483603,99.7390403167031,3.));
#8471=CARTESIAN_POINT('Origin',(338.216857483603,99.7390403167031,3.));
#8472=CARTESIAN_POINT('Ctrl Pts',(337.218953937816,99.6743215921563,-4.16333634234434E-16));
#8473=CARTESIAN_POINT('Ctrl Pts',(337.218953937816,99.6743215921563,1.));
#8474=CARTESIAN_POINT('Ctrl Pts',(337.218953937816,99.6743215921563,2.));
#8475=CARTESIAN_POINT('Ctrl Pts',(337.218953937816,99.6743215921563,3.));
#8476=CARTESIAN_POINT('Ctrl Pts',(337.198791770661,99.9852037709373,-4.16333634234434E-16));
#8477=CARTESIAN_POINT('Ctrl Pts',(337.198791770661,99.9852037709373,1.));
#8478=CARTESIAN_POINT('Ctrl Pts',(337.198791770661,99.9852037709373,2.));
#8479=CARTESIAN_POINT('Ctrl Pts',(337.198791770661,99.9852037709373,3.));
#8480=CARTESIAN_POINT('Ctrl Pts',(337.437262777135,100.539847343872,-4.16333634234434E-16));
#8481=CARTESIAN_POINT('Ctrl Pts',(337.437262777135,100.539847343872,1.));
#8482=CARTESIAN_POINT('Ctrl Pts',(337.437262777135,100.539847343872,2.));
#8483=CARTESIAN_POINT('Ctrl Pts',(337.437262777135,100.539847343872,3.));
#8484=CARTESIAN_POINT('Ctrl Pts',(337.9832060099,100.739040316703,-4.16333634234434E-16));
#8485=CARTESIAN_POINT('Ctrl Pts',(337.9832060099,100.739040316703,0.999999999999999));
#8486=CARTESIAN_POINT('Ctrl Pts',(337.9832060099,100.739040316703,2.));
#8487=CARTESIAN_POINT('Ctrl Pts',(337.9832060099,100.739040316703,3.));
#8488=CARTESIAN_POINT('Ctrl Pts',(338.216857483603,100.739040316703,-4.16333634234434E-16));
#8489=CARTESIAN_POINT('Ctrl Pts',(338.216857483603,100.739040316703,1.));
#8490=CARTESIAN_POINT('Ctrl Pts',(338.216857483603,100.739040316703,2.));
#8491=CARTESIAN_POINT('Ctrl Pts',(338.216857483603,100.739040316703,3.));
#8492=CARTESIAN_POINT('',(338.216857483603,100.739040316703,-2.08166817117217E-16));
#8493=CARTESIAN_POINT('',(337.218953937816,99.6743215921563,-2.08166817117217E-16));
#8494=CARTESIAN_POINT('Ctrl Pts',(338.216857483603,100.739040316703,-4.16333634234434E-16));
#8495=CARTESIAN_POINT('Ctrl Pts',(337.9832060099,100.739040316703,-4.16333634234434E-16));
#8496=CARTESIAN_POINT('Ctrl Pts',(337.749230338715,100.653671899775,-4.16333634234434E-16));
#8497=CARTESIAN_POINT('Ctrl Pts',(337.571729158073,100.503016637931,-4.16333634234434E-16));
#8498=CARTESIAN_POINT('Ctrl Pts',(337.335060917218,100.302142955471,-4.16333634234434E-16));
#8499=CARTESIAN_POINT('Ctrl Pts',(337.198791770661,99.9852037709373,-4.16333634234434E-16));
#8500=CARTESIAN_POINT('Ctrl Pts',(337.218953937816,99.6743215921563,-4.16333634234434E-16));
#8501=CARTESIAN_POINT('Ctrl Pts',(337.218953937816,99.6743215921563,-4.16333634234434E-16));
#8502=CARTESIAN_POINT('Ctrl Pts',(337.218953937816,99.6743215921563,1.));
#8503=CARTESIAN_POINT('Ctrl Pts',(337.218953937816,99.6743215921563,2.));
#8504=CARTESIAN_POINT('Ctrl Pts',(337.218953937816,99.6743215921563,3.));
#8505=CARTESIAN_POINT('Ctrl Pts',(338.216857483603,100.739040316703,3.));
#8506=CARTESIAN_POINT('Ctrl Pts',(338.216857483603,100.739040316703,2.));
#8507=CARTESIAN_POINT('Ctrl Pts',(338.216857483603,100.739040316703,1.));
#8508=CARTESIAN_POINT('Ctrl Pts',(338.216857483603,100.739040316703,-4.16333634234434E-16));
#8509=CARTESIAN_POINT('Origin',(178.460405095938,141.130666201257,3.));
#8510=CARTESIAN_POINT('',(177.881900978732,140.314986738248,3.));
#8511=CARTESIAN_POINT('',(178.460405095938,141.130666201257,4.));
#8512=CARTESIAN_POINT('Origin',(178.460405095938,141.130666201257,3.));
#8513=CARTESIAN_POINT('',(178.956872598049,140.262610892335,3.));
#8514=CARTESIAN_POINT('Origin',(178.460405095938,141.130666201257,3.));
#8515=CARTESIAN_POINT('Origin',(178.460405095938,141.130666201257,3.));
#8516=CARTESIAN_POINT('Origin',(178.460405095938,141.130666201257,0.));
#8517=CARTESIAN_POINT('',(177.881900978732,140.314986738248,0.));
#8518=CARTESIAN_POINT('',(178.956872598049,140.262610892335,0.));
#8519=CARTESIAN_POINT('Origin',(178.460405095938,141.130666201257,0.));
#8520=CARTESIAN_POINT('',(178.956872598049,140.262610892335,0.));
#8521=CARTESIAN_POINT('',(177.881900978732,140.314986738248,0.));
#8522=CARTESIAN_POINT('Origin',(164.353527851486,133.062509672356,3.));
#8523=CARTESIAN_POINT('',(184.564142271512,143.46958070155,3.));
#8524=CARTESIAN_POINT('',(184.067674769402,144.337636010472,4.));
#8525=CARTESIAN_POINT('Origin',(184.067674769402,144.337636010472,3.));
#8526=CARTESIAN_POINT('',(164.353527851486,133.062509672356,4.));
#8527=CARTESIAN_POINT('',(164.849995353596,132.194454363434,3.));
#8528=CARTESIAN_POINT('Ctrl Pts',(184.564142271533,143.469580701565,3.));
#8529=CARTESIAN_POINT('Ctrl Pts',(185.826433689492,144.19152394731,3.));
#8530=CARTESIAN_POINT('Ctrl Pts',(188.505688966412,145.367934716586,3.));
#8531=CARTESIAN_POINT('Ctrl Pts',(194.275942320876,146.75667342695,3.));
#8532=CARTESIAN_POINT('Ctrl Pts',(201.811498266083,147.303211872478,3.));
#8533=CARTESIAN_POINT('Ctrl Pts',(210.946858339992,147.659229165105,3.));
#8534=CARTESIAN_POINT('Ctrl Pts',(220.075992849277,148.014039805163,3.));
#8535=CARTESIAN_POINT('Ctrl Pts',(229.208948709171,148.167281382834,3.));
#8536=CARTESIAN_POINT('Ctrl Pts',(238.355684866523,148.261761232981,3.));
#8537=CARTESIAN_POINT('Ctrl Pts',(244.44660771047,148.282339987711,3.));
#8538=CARTESIAN_POINT('Ctrl Pts',(247.50188019103,148.288077641859,3.));
#8539=CARTESIAN_POINT('Ctrl Pts',(184.564142271533,143.469580701565,3.29919930034189));
#8540=CARTESIAN_POINT('Ctrl Pts',(185.826236664212,144.191411262499,3.29919930034189));
#8541=CARTESIAN_POINT('Ctrl Pts',(188.505426411796,145.367766787222,3.29919930034189));
#8542=CARTESIAN_POINT('Ctrl Pts',(194.275356275539,146.756459649225,3.29919930034189));
#8543=CARTESIAN_POINT('Ctrl Pts',(201.811096695605,147.303117235275,3.29919930034188));
#8544=CARTESIAN_POINT('Ctrl Pts',(210.946693861836,147.659176169755,3.29919930034189));
#8545=CARTESIAN_POINT('Ctrl Pts',(220.075930653541,148.014024905283,3.29919930034189));
#8546=CARTESIAN_POINT('Ctrl Pts',(229.208881467854,148.167267611436,3.29919930034189));
#8547=CARTESIAN_POINT('Ctrl Pts',(238.355668099613,148.261758842085,3.29919930034188));
#8548=CARTESIAN_POINT('Ctrl Pts',(244.446591920086,148.282339958057,3.29919930034189));
#8549=CARTESIAN_POINT('Ctrl Pts',(247.50188019103,148.288077641859,3.29919930034189));
#8550=CARTESIAN_POINT('Ctrl Pts',(184.439365803118,143.687747802888,3.81696068713575));
#8551=CARTESIAN_POINT('Ctrl Pts',(185.717196692701,144.418578549903,3.81696068713575));
#8552=CARTESIAN_POINT('Ctrl Pts',(188.428302877023,145.608528323036,3.81696068713575));
#8553=CARTESIAN_POINT('Ctrl Pts',(194.245006988212,147.007314103212,3.81696068713575));
#8554=CARTESIAN_POINT('Ctrl Pts',(201.80304265946,147.554193836469,3.81696068713575));
#8555=CARTESIAN_POINT('Ctrl Pts',(210.935191824869,147.910400968142,3.81696068713575));
#8556=CARTESIAN_POINT('Ctrl Pts',(220.06964771963,148.265275716144,3.81696068713575));
#8557=CARTESIAN_POINT('Ctrl Pts',(229.206175706114,148.418615900338,3.81696068713575));
#8558=CARTESIAN_POINT('Ctrl Pts',(238.353849456689,148.513079231253,3.81696068713575));
#8559=CARTESIAN_POINT('Ctrl Pts',(244.447381122975,148.533670455454,3.81696068713575));
#8560=CARTESIAN_POINT('Ctrl Pts',(247.501408208943,148.539405770811,3.81696068713575));
#8561=CARTESIAN_POINT('Ctrl Pts',(184.179081816378,144.142844854672,4.));
#8562=CARTESIAN_POINT('Ctrl Pts',(185.489217685091,144.89215181182,4.));
#8563=CARTESIAN_POINT('Ctrl Pts',(188.266728216185,146.110313023308,4.));
#8564=CARTESIAN_POINT('Ctrl Pts',(194.180147456753,147.530031324429,4.));
#8565=CARTESIAN_POINT('Ctrl Pts',(201.785179246605,148.077689738761,4.));
#8566=CARTESIAN_POINT('Ctrl Pts',(210.910763292052,148.434316206925,4.));
#8567=CARTESIAN_POINT('Ctrl Pts',(220.056376917163,148.789346029031,4.));
#8568=CARTESIAN_POINT('Ctrl Pts',(229.200353540523,148.942892538931,4.));
#8569=CARTESIAN_POINT('Ctrl Pts',(238.350011393295,149.037327787158,4.));
#8570=CARTESIAN_POINT('Ctrl Pts',(244.448985615845,149.057946345701,4.));
#8571=CARTESIAN_POINT('Ctrl Pts',(247.500423653275,149.06367679895,4.));
#8572=CARTESIAN_POINT('Ctrl Pts',(184.067674769422,144.337636010487,4.));
#8573=CARTESIAN_POINT('Ctrl Pts',(185.391616676433,145.094839065128,4.));
#8574=CARTESIAN_POINT('Ctrl Pts',(188.197542628455,146.325069430969,4.));
#8575=CARTESIAN_POINT('Ctrl Pts',(194.152323220826,147.75374236583,4.));
#8576=CARTESIAN_POINT('Ctrl Pts',(201.777490169227,148.301746876857,4.));
#8577=CARTESIAN_POINT('Ctrl Pts',(210.900289686309,148.658557305398,4.));
#8578=CARTESIAN_POINT('Ctrl Pts',(220.050690048707,149.013657596845,4.));
#8579=CARTESIAN_POINT('Ctrl Pts',(229.197854303785,149.167292539792,4.));
#8580=CARTESIAN_POINT('Ctrl Pts',(238.348366819012,149.261716991166,4.));
#8581=CARTESIAN_POINT('Ctrl Pts',(244.449670675615,149.282347503161,4.));
#8582=CARTESIAN_POINT('Ctrl Pts',(247.500002242642,149.288075878513,4.));
#8583=CARTESIAN_POINT('',(247.500002249624,148.288074118003,3.));
#8584=CARTESIAN_POINT('',(247.500002242642,149.288075878513,4.));
#8585=CARTESIAN_POINT('Ctrl Pts',(247.500002249631,148.2880741146,3.));
#8586=CARTESIAN_POINT('Ctrl Pts',(247.500359942816,148.28807478655,3.29919930034189));
#8587=CARTESIAN_POINT('Ctrl Pts',(247.500448354729,148.431691532918,3.59506294993838));
#8588=CARTESIAN_POINT('Ctrl Pts',(247.500369069292,148.66443249059,3.78162959580276));
#8589=CARTESIAN_POINT('Ctrl Pts',(247.500309605214,148.838988208844,3.92155458020104));
#8590=CARTESIAN_POINT('Ctrl Pts',(247.500155809608,149.063676295953,4.));
#8591=CARTESIAN_POINT('Ctrl Pts',(247.500002242642,149.288075878513,4.));
#8592=CARTESIAN_POINT('Ctrl Pts',(247.500002242642,149.288075878513,4.));
#8593=CARTESIAN_POINT('Ctrl Pts',(244.449670675615,149.282347503161,4.));
#8594=CARTESIAN_POINT('Ctrl Pts',(238.348366819012,149.261716991166,4.));
#8595=CARTESIAN_POINT('Ctrl Pts',(229.197854303785,149.167292539792,4.));
#8596=CARTESIAN_POINT('Ctrl Pts',(220.050690048707,149.013657596845,4.));
#8597=CARTESIAN_POINT('Ctrl Pts',(210.900289686309,148.658557305398,4.));
#8598=CARTESIAN_POINT('Ctrl Pts',(201.777490169227,148.301746876857,4.));
#8599=CARTESIAN_POINT('Ctrl Pts',(194.152323220826,147.75374236583,4.));
#8600=CARTESIAN_POINT('Ctrl Pts',(188.197542628455,146.325069430969,4.));
#8601=CARTESIAN_POINT('Ctrl Pts',(185.391616676433,145.094839065128,4.));
#8602=CARTESIAN_POINT('Ctrl Pts',(184.067674769422,144.337636010487,4.));
#8603=CARTESIAN_POINT('Ctrl Pts',(184.564142271533,143.469580701565,3.));
#8604=CARTESIAN_POINT('Ctrl Pts',(185.826433689492,144.19152394731,3.));
#8605=CARTESIAN_POINT('Ctrl Pts',(188.505688966412,145.367934716586,3.));
#8606=CARTESIAN_POINT('Ctrl Pts',(194.275942320876,146.75667342695,3.));
#8607=CARTESIAN_POINT('Ctrl Pts',(201.811498266083,147.303211872478,3.));
#8608=CARTESIAN_POINT('Ctrl Pts',(210.946858339992,147.659229165105,3.));
#8609=CARTESIAN_POINT('Ctrl Pts',(220.075992849277,148.014039805163,3.));
#8610=CARTESIAN_POINT('Ctrl Pts',(229.208948709171,148.167281382834,3.));
#8611=CARTESIAN_POINT('Ctrl Pts',(238.355060188804,148.261754780466,3.));
#8612=CARTESIAN_POINT('Ctrl Pts',(244.445359768927,148.282335770979,3.));
#8613=CARTESIAN_POINT('Ctrl Pts',(247.500002249631,148.2880741146,3.));
#8614=CARTESIAN_POINT('Origin',(338.751425131126,88.5,3.));
#8615=CARTESIAN_POINT('',(337.75183164676,88.4714891947948,3.));
#8616=CARTESIAN_POINT('',(338.751425131126,88.4999999999999,4.));
#8617=CARTESIAN_POINT('Origin',(338.751425131126,88.5000000000001,3.));
#8618=CARTESIAN_POINT('',(338.751425131126,87.5,3.));
#8619=CARTESIAN_POINT('Origin',(338.751425131126,88.5,3.));
#8620=CARTESIAN_POINT('Origin',(338.751425131126,88.5,3.));
#8621=CARTESIAN_POINT('Ctrl Pts',(338.751425131126,87.5,-4.16333634234434E-16));
#8622=CARTESIAN_POINT('Ctrl Pts',(338.751425131126,87.5,1.));
#8623=CARTESIAN_POINT('Ctrl Pts',(338.751425131126,87.5,2.));
#8624=CARTESIAN_POINT('Ctrl Pts',(338.751425131126,87.5,3.));
#8625=CARTESIAN_POINT('Ctrl Pts',(338.457657196345,87.5,-4.16333634234434E-16));
#8626=CARTESIAN_POINT('Ctrl Pts',(338.457657196345,87.5,0.999999999999999));
#8627=CARTESIAN_POINT('Ctrl Pts',(338.457657196345,87.5,2.));
#8628=CARTESIAN_POINT('Ctrl Pts',(338.457657196345,87.5,3.));
#8629=CARTESIAN_POINT('Ctrl Pts',(337.948894084381,87.7417576046578,-4.16333634234434E-16));
#8630=CARTESIAN_POINT('Ctrl Pts',(337.948894084381,87.7417576046578,1.));
#8631=CARTESIAN_POINT('Ctrl Pts',(337.948894084381,87.7417576046579,2.));
#8632=CARTESIAN_POINT('Ctrl Pts',(337.948894084381,87.7417576046579,3.));
#8633=CARTESIAN_POINT('Ctrl Pts',(337.758113317033,88.251252809653,-4.16333634234434E-16));
#8634=CARTESIAN_POINT('Ctrl Pts',(337.758113317033,88.251252809653,0.999999999999999));
#8635=CARTESIAN_POINT('Ctrl Pts',(337.758113317033,88.251252809653,2.));
#8636=CARTESIAN_POINT('Ctrl Pts',(337.758113317033,88.251252809653,3.));
#8637=CARTESIAN_POINT('Ctrl Pts',(337.75183164676,88.4714891947948,-4.16333634234434E-16));
#8638=CARTESIAN_POINT('Ctrl Pts',(337.75183164676,88.4714891947948,1.));
#8639=CARTESIAN_POINT('Ctrl Pts',(337.75183164676,88.4714891947948,2.));
#8640=CARTESIAN_POINT('Ctrl Pts',(337.75183164676,88.4714891947948,3.));
#8641=CARTESIAN_POINT('',(337.75183164676,88.4714891947948,1.38777878078145E-16));
#8642=CARTESIAN_POINT('',(338.751425131126,87.5,-2.08166817117217E-16));
#8643=CARTESIAN_POINT('Ctrl Pts',(337.75183164676,88.4714891947948,6.93889390390724E-17));
#8644=CARTESIAN_POINT('Ctrl Pts',(337.758113317033,88.251252809653,6.93889390390716E-17));
#8645=CARTESIAN_POINT('Ctrl Pts',(337.839876503039,88.0328977217979,6.93889390390723E-17));
#8646=CARTESIAN_POINT('Ctrl Pts',(337.980044609485,87.8637189278824,6.93889390390725E-17));
#8647=CARTESIAN_POINT('Ctrl Pts',(338.16693541808,87.6381472026616,6.93889390390726E-17));
#8648=CARTESIAN_POINT('Ctrl Pts',(338.457657196345,87.5,6.93889390390716E-17));
#8649=CARTESIAN_POINT('Ctrl Pts',(338.751425131126,87.5,6.93889390390724E-17));
#8650=CARTESIAN_POINT('Ctrl Pts',(338.751425131126,87.5,-4.16333634234434E-16));
#8651=CARTESIAN_POINT('Ctrl Pts',(338.751425131126,87.5,1.));
#8652=CARTESIAN_POINT('Ctrl Pts',(338.751425131126,87.5,2.));
#8653=CARTESIAN_POINT('Ctrl Pts',(338.751425131126,87.5,3.));
#8654=CARTESIAN_POINT('Ctrl Pts',(337.75183164676,88.4714891947948,3.));
#8655=CARTESIAN_POINT('Ctrl Pts',(337.75183164676,88.4714891947948,2.));
#8656=CARTESIAN_POINT('Ctrl Pts',(337.75183164676,88.4714891947948,1.));
#8657=CARTESIAN_POINT('Ctrl Pts',(337.75183164676,88.4714891947948,-4.16333634234434E-16));
#8658=CARTESIAN_POINT('Origin',(187.645023920999,134.616661563121,3.));
#8659=CARTESIAN_POINT('',(171.123114506833,145.108518975644,3.));
#8660=CARTESIAN_POINT('',(187.066519803792,133.800982100112,3.));
#8661=CARTESIAN_POINT('',(171.725868415339,145.906999765959,4.));
#8662=CARTESIAN_POINT('',(187.645023920999,134.616661563121,4.));
#8663=CARTESIAN_POINT('Ctrl Pts',(171.725868415339,145.906999765959,4.));
#8664=CARTESIAN_POINT('Ctrl Pts',(171.724349676344,145.904983564143,4.));
#8665=CARTESIAN_POINT('Ctrl Pts',(171.722830928191,145.90296738051,3.99999045041084));
#8666=CARTESIAN_POINT('Ctrl Pts',(171.641749160037,145.795330530394,3.99897079386557));
#8667=CARTESIAN_POINT('Ctrl Pts',(171.563045199533,145.69093694312,3.97177191526651));
#8668=CARTESIAN_POINT('Ctrl Pts',(171.417593423889,145.498155611013,3.86890171503904));
#8669=CARTESIAN_POINT('Ctrl Pts',(171.352071848377,145.411389494697,3.79494407567088));
#8670=CARTESIAN_POINT('Ctrl Pts',(171.241791035468,145.265432037902,3.60956049828438));
#8671=CARTESIAN_POINT('Ctrl Pts',(171.198076394665,145.207620757424,3.49992354780324));
#8672=CARTESIAN_POINT('Ctrl Pts',(171.138455691532,145.128791821689,3.25906573902357));
#8673=CARTESIAN_POINT('Ctrl Pts',(171.123114506833,145.108518975644,3.13015690760359));
#8674=CARTESIAN_POINT('Ctrl Pts',(171.123114506833,145.108518975644,3.));
#8675=CARTESIAN_POINT('Origin',(338.751605305729,77.5063198111174,3.));
#8676=CARTESIAN_POINT('',(338.759396077025,78.5062894625983,3.));
#8677=CARTESIAN_POINT('',(338.751605305729,77.5063198111175,4.));
#8678=CARTESIAN_POINT('Origin',(338.751605305729,77.5063198111175,3.));
#8679=CARTESIAN_POINT('',(337.752011086181,77.5348048290181,3.));
#8680=CARTESIAN_POINT('Origin',(338.751605305729,77.5063198111174,3.));
#8681=CARTESIAN_POINT('Origin',(338.751605305729,77.5063198111174,3.));
#8682=CARTESIAN_POINT('Ctrl Pts',(337.752011086181,77.5348048290182,-2.77555756156289E-16));
#8683=CARTESIAN_POINT('Ctrl Pts',(337.752011086181,77.5348048290182,1.));
#8684=CARTESIAN_POINT('Ctrl Pts',(337.752011086181,77.5348048290182,2.));
#8685=CARTESIAN_POINT('Ctrl Pts',(337.752011086181,77.5348048290182,3.));
#8686=CARTESIAN_POINT('Ctrl Pts',(337.760421481986,77.8299418396659,-2.77555756156289E-16));
#8687=CARTESIAN_POINT('Ctrl Pts',(337.760421481986,77.8299418396659,0.999999999999999));
#8688=CARTESIAN_POINT('Ctrl Pts',(337.760421481986,77.8299418396659,2.));
#8689=CARTESIAN_POINT('Ctrl Pts',(337.760421481986,77.8299418396659,3.));
#8690=CARTESIAN_POINT('Ctrl Pts',(338.019244963145,78.3340072479478,-2.77555756156289E-16));
#8691=CARTESIAN_POINT('Ctrl Pts',(338.019244963145,78.3340072479478,1.));
#8692=CARTESIAN_POINT('Ctrl Pts',(338.019244963145,78.3340072479477,2.));
#8693=CARTESIAN_POINT('Ctrl Pts',(338.019244963145,78.3340072479477,3.));
#8694=CARTESIAN_POINT('Ctrl Pts',(338.537960182411,78.5080146713674,-2.77555756156289E-16));
#8695=CARTESIAN_POINT('Ctrl Pts',(338.537960182411,78.5080146713674,0.999999999999998));
#8696=CARTESIAN_POINT('Ctrl Pts',(338.537960182411,78.5080146713674,2.));
#8697=CARTESIAN_POINT('Ctrl Pts',(338.537960182411,78.5080146713674,3.));
#8698=CARTESIAN_POINT('Ctrl Pts',(338.759396077025,78.5062894625982,-2.77555756156289E-16));
#8699=CARTESIAN_POINT('Ctrl Pts',(338.759396077025,78.5062894625982,1.));
#8700=CARTESIAN_POINT('Ctrl Pts',(338.759396077025,78.5062894625982,2.));
#8701=CARTESIAN_POINT('Ctrl Pts',(338.759396077025,78.5062894625982,3.));
#8702=CARTESIAN_POINT('',(338.759396077025,78.5062894625983,2.08166817117217E-16));
#8703=CARTESIAN_POINT('',(337.75201108618,77.5348048290182,6.93889390390723E-17));
#8704=CARTESIAN_POINT('Ctrl Pts',(338.759396077025,78.5062894625982,-2.02492763700242E-16));
#8705=CARTESIAN_POINT('Ctrl Pts',(338.537960182411,78.5080146713674,-2.02492763700242E-16));
#8706=CARTESIAN_POINT('Ctrl Pts',(338.315653659868,78.4334400613304,-2.02492763700242E-16));
#8707=CARTESIAN_POINT('Ctrl Pts',(338.141082354529,78.2982425561147,-2.02492763700242E-16));
#8708=CARTESIAN_POINT('Ctrl Pts',(337.908320614077,78.117979215827,-2.02492763700242E-16));
#8709=CARTESIAN_POINT('Ctrl Pts',(337.760421481986,77.8299418396659,-2.02492763700242E-16));
#8710=CARTESIAN_POINT('Ctrl Pts',(337.752011086181,77.5348048290182,-2.02492763700242E-16));
#8711=CARTESIAN_POINT('Ctrl Pts',(337.752011086181,77.5348048290182,-2.77555756156289E-16));
#8712=CARTESIAN_POINT('Ctrl Pts',(337.752011086181,77.5348048290182,1.));
#8713=CARTESIAN_POINT('Ctrl Pts',(337.752011086181,77.5348048290182,2.));
#8714=CARTESIAN_POINT('Ctrl Pts',(337.752011086181,77.5348048290182,3.));
#8715=CARTESIAN_POINT('Ctrl Pts',(338.759396077025,78.5062894625982,3.));
#8716=CARTESIAN_POINT('Ctrl Pts',(338.759396077025,78.5062894625982,2.));
#8717=CARTESIAN_POINT('Ctrl Pts',(338.759396077025,78.5062894625982,1.));
#8718=CARTESIAN_POINT('Ctrl Pts',(338.759396077025,78.5062894625982,-2.77555756156289E-16));
#8719=CARTESIAN_POINT('Origin',(167.089956192508,130.803785232247,3.));
#8720=CARTESIAN_POINT('',(167.668460309715,131.619464695256,3.));
#8721=CARTESIAN_POINT('',(167.860710782244,130.166653093362,3.));
#8722=CARTESIAN_POINT('Origin',(167.089956192509,130.803785232247,3.));
#8723=CARTESIAN_POINT('',(167.089956192508,130.803785232247,4.));
#8724=CARTESIAN_POINT('Origin',(167.089956192508,130.803785232247,3.));
#8725=CARTESIAN_POINT('Origin',(167.089956192508,130.803785232247,3.));
#8726=CARTESIAN_POINT('Origin',(181.443080734006,120.624122731724,3.));
#8727=CARTESIAN_POINT('',(163.274853094936,134.735541510239,3.));
#8728=CARTESIAN_POINT('',(162.696348977729,133.91986204723,4.));
#8729=CARTESIAN_POINT('Origin',(162.696348977729,133.91986204723,3.));
#8730=CARTESIAN_POINT('',(181.443080734006,120.624122731724,4.));
#8731=CARTESIAN_POINT('',(182.021584851213,121.439802194733,3.));
#8732=CARTESIAN_POINT('Origin',(167.039073926861,140.043019081283,3.));
#8733=CARTESIAN_POINT('Origin',(167.039073926861,140.043019081283,4.));
#8734=CARTESIAN_POINT('Origin',(167.039073926861,140.043019081283,3.));
#8735=CARTESIAN_POINT('Origin',(338.216857483603,66.260959683297,3.));
#8736=CARTESIAN_POINT('',(337.218953937816,66.3256784078438,3.));
#8737=CARTESIAN_POINT('',(338.216857483603,66.260959683297,4.));
#8738=CARTESIAN_POINT('Origin',(338.216857483603,66.260959683297,3.));
#8739=CARTESIAN_POINT('',(338.216857483603,65.260959683297,3.));
#8740=CARTESIAN_POINT('Origin',(338.216857483603,66.260959683297,3.));
#8741=CARTESIAN_POINT('Origin',(338.216857483603,66.260959683297,3.));
#8742=CARTESIAN_POINT('Ctrl Pts',(338.216857483603,65.260959683297,-2.77555756156289E-16));
#8743=CARTESIAN_POINT('Ctrl Pts',(338.216857483603,65.260959683297,1.));
#8744=CARTESIAN_POINT('Ctrl Pts',(338.216857483603,65.260959683297,2.));
#8745=CARTESIAN_POINT('Ctrl Pts',(338.216857483603,65.260959683297,3.));
#8746=CARTESIAN_POINT('Ctrl Pts',(337.905322185333,65.260959683297,-2.77555756156289E-16));
#8747=CARTESIAN_POINT('Ctrl Pts',(337.905322185333,65.260959683297,1.));
#8748=CARTESIAN_POINT('Ctrl Pts',(337.905322185333,65.260959683297,2.));
#8749=CARTESIAN_POINT('Ctrl Pts',(337.905322185333,65.260959683297,3.));
#8750=CARTESIAN_POINT('Ctrl Pts',(337.36727210695,65.5348243829028,-2.77555756156289E-16));
#8751=CARTESIAN_POINT('Ctrl Pts',(337.36727210695,65.5348243829028,1.));
#8752=CARTESIAN_POINT('Ctrl Pts',(337.36727210695,65.5348243829028,2.));
#8753=CARTESIAN_POINT('Ctrl Pts',(337.36727210695,65.5348243829028,3.));
#8754=CARTESIAN_POINT('Ctrl Pts',(337.20383231245,66.0925167737581,-2.77555756156289E-16));
#8755=CARTESIAN_POINT('Ctrl Pts',(337.20383231245,66.0925167737581,0.999999999999999));
#8756=CARTESIAN_POINT('Ctrl Pts',(337.20383231245,66.0925167737581,2.));
#8757=CARTESIAN_POINT('Ctrl Pts',(337.20383231245,66.0925167737581,3.));
#8758=CARTESIAN_POINT('Ctrl Pts',(337.218953937816,66.3256784078438,-2.77555756156289E-16));
#8759=CARTESIAN_POINT('Ctrl Pts',(337.218953937816,66.3256784078438,1.));
#8760=CARTESIAN_POINT('Ctrl Pts',(337.218953937816,66.3256784078438,2.));
#8761=CARTESIAN_POINT('Ctrl Pts',(337.218953937816,66.3256784078438,3.));
#8762=CARTESIAN_POINT('',(337.218953937816,66.3256784078438,6.93889390390723E-17));
#8763=CARTESIAN_POINT('',(338.216857483603,65.260959683297,-6.93889390390723E-17));
#8764=CARTESIAN_POINT('Ctrl Pts',(337.218953937816,66.3256784078438,1.38777878078145E-16));
#8765=CARTESIAN_POINT('Ctrl Pts',(337.20383231245,66.0925167737581,1.38777878078144E-16));
#8766=CARTESIAN_POINT('Ctrl Pts',(337.273877938664,65.8535057491058,1.38777878078145E-16));
#8767=CARTESIAN_POINT('Ctrl Pts',(337.412729535388,65.6666263412137,1.38777878078145E-16));
#8768=CARTESIAN_POINT('Ctrl Pts',(337.597864997685,65.4174537973575,1.38777878078145E-16));
#8769=CARTESIAN_POINT('Ctrl Pts',(337.905322185333,65.260959683297,1.38777878078144E-16));
#8770=CARTESIAN_POINT('Ctrl Pts',(338.216857483603,65.260959683297,1.38777878078145E-16));
#8771=CARTESIAN_POINT('Ctrl Pts',(338.216857483603,65.260959683297,-2.77555756156289E-16));
#8772=CARTESIAN_POINT('Ctrl Pts',(338.216857483603,65.260959683297,1.));
#8773=CARTESIAN_POINT('Ctrl Pts',(338.216857483603,65.260959683297,2.));
#8774=CARTESIAN_POINT('Ctrl Pts',(338.216857483603,65.260959683297,3.));
#8775=CARTESIAN_POINT('Ctrl Pts',(337.218953937816,66.3256784078438,3.));
#8776=CARTESIAN_POINT('Ctrl Pts',(337.218953937816,66.3256784078438,2.));
#8777=CARTESIAN_POINT('Ctrl Pts',(337.218953937816,66.3256784078438,1.));
#8778=CARTESIAN_POINT('Ctrl Pts',(337.218953937816,66.3256784078438,-2.77555756156289E-16));
#8779=CARTESIAN_POINT('Origin',(158.076548254371,110.618525431861,3.));
#8780=CARTESIAN_POINT('',(158.052397634735,109.618817100611,3.));
#8781=CARTESIAN_POINT('',(158.076548254371,110.618525431861,4.));
#8782=CARTESIAN_POINT('Origin',(158.076548254371,110.618525431861,3.));
#8783=CARTESIAN_POINT('',(159.067628824223,110.485261392972,3.));
#8784=CARTESIAN_POINT('Origin',(158.076548254371,110.618525431861,3.));
#8785=CARTESIAN_POINT('Origin',(158.076548254371,110.618525431861,3.));
#8786=CARTESIAN_POINT('Ctrl Pts',(159.067628824223,110.485261392972,-4.16333634234434E-16));
#8787=CARTESIAN_POINT('Ctrl Pts',(159.067628824223,110.485261392972,1.));
#8788=CARTESIAN_POINT('Ctrl Pts',(159.067628824223,110.485261392972,2.));
#8789=CARTESIAN_POINT('Ctrl Pts',(159.067628824223,110.485261392972,3.));
#8790=CARTESIAN_POINT('Ctrl Pts',(159.03053604504,110.209403531866,-4.16333634234434E-16));
#8791=CARTESIAN_POINT('Ctrl Pts',(159.03053604504,110.209403531866,1.));
#8792=CARTESIAN_POINT('Ctrl Pts',(159.03053604504,110.209403531866,2.));
#8793=CARTESIAN_POINT('Ctrl Pts',(159.03053604504,110.209403531866,3.));
#8794=CARTESIAN_POINT('Ctrl Pts',(158.752385869374,109.759425876016,-4.46268493655599E-16));
#8795=CARTESIAN_POINT('Ctrl Pts',(158.752385869374,109.759425876016,1.));
#8796=CARTESIAN_POINT('Ctrl Pts',(158.752385869374,109.759425876016,2.));
#8797=CARTESIAN_POINT('Ctrl Pts',(158.752385869374,109.759425876016,3.));
#8798=CARTESIAN_POINT('Ctrl Pts',(158.261092122129,109.613775528957,-5.11147392224398E-16));
#8799=CARTESIAN_POINT('Ctrl Pts',(158.261092122129,109.613775528957,0.999999999999999));
#8800=CARTESIAN_POINT('Ctrl Pts',(158.261092122129,109.613775528957,2.));
#8801=CARTESIAN_POINT('Ctrl Pts',(158.261092122129,109.613775528957,3.));
#8802=CARTESIAN_POINT('Ctrl Pts',(158.052397634735,109.618817100611,-5.3994448355984E-16));
#8803=CARTESIAN_POINT('Ctrl Pts',(158.052397634735,109.618817100611,1.));
#8804=CARTESIAN_POINT('Ctrl Pts',(158.052397634735,109.618817100611,2.));
#8805=CARTESIAN_POINT('Ctrl Pts',(158.052397634735,109.618817100611,3.));
#8806=CARTESIAN_POINT('',(158.052397634735,109.618817100611,-6.93889390390723E-17));
#8807=CARTESIAN_POINT('',(159.067628824223,110.485261392972,-2.08166817117217E-16));
#8808=CARTESIAN_POINT('Ctrl Pts',(158.052397634735,109.618817100611,-5.21981793034485E-16));
#8809=CARTESIAN_POINT('Ctrl Pts',(158.261092122129,109.613775528957,-4.93184701699042E-16));
#8810=CARTESIAN_POINT('Ctrl Pts',(158.471646585234,109.676197106268,-4.65379459455271E-16));
#8811=CARTESIAN_POINT('Ctrl Pts',(158.643052229069,109.794515536214,-4.43992510116167E-16));
#8812=CARTESIAN_POINT('Ctrl Pts',(158.871593087517,109.952273442809,-4.15476577664029E-16));
#8813=CARTESIAN_POINT('Ctrl Pts',(159.03053604504,110.209403531866,-3.98370943709078E-16));
#8814=CARTESIAN_POINT('Ctrl Pts',(159.067628824223,110.485261392972,-3.98370943709078E-16));
#8815=CARTESIAN_POINT('Ctrl Pts',(159.067628824223,110.485261392972,-4.16333634234434E-16));
#8816=CARTESIAN_POINT('Ctrl Pts',(159.067628824223,110.485261392972,1.));
#8817=CARTESIAN_POINT('Ctrl Pts',(159.067628824223,110.485261392972,2.));
#8818=CARTESIAN_POINT('Ctrl Pts',(159.067628824223,110.485261392972,3.));
#8819=CARTESIAN_POINT('Ctrl Pts',(158.052397634735,109.618817100611,3.));
#8820=CARTESIAN_POINT('Ctrl Pts',(158.052397634735,109.618817100611,2.));
#8821=CARTESIAN_POINT('Ctrl Pts',(158.052397634735,109.618817100611,1.));
#8822=CARTESIAN_POINT('Ctrl Pts',(158.052397634735,109.618817100611,-5.3994448355984E-16));
#8823=CARTESIAN_POINT('Ctrl Pts',(159.067628824223,110.485261392972,3.));
#8824=CARTESIAN_POINT('Ctrl Pts',(159.483325523584,113.576784996212,3.));
#8825=CARTESIAN_POINT('Ctrl Pts',(160.722351293844,118.677639943204,3.));
#8826=CARTESIAN_POINT('Ctrl Pts',(164.005560184948,125.153895723414,3.));
#8827=CARTESIAN_POINT('Ctrl Pts',(166.524140364754,128.549770627523,3.));
#8828=CARTESIAN_POINT('Ctrl Pts',(167.860710782244,130.166653093362,3.));
#8829=CARTESIAN_POINT('Ctrl Pts',(159.067628824223,110.485261392972,3.29919930034189));
#8830=CARTESIAN_POINT('Ctrl Pts',(159.483293317031,113.576545477067,3.29919930034189));
#8831=CARTESIAN_POINT('Ctrl Pts',(160.722599911192,118.677936463216,3.29919930034188));
#8832=CARTESIAN_POINT('Ctrl Pts',(164.005531196555,125.153626009748,3.29919930034189));
#8833=CARTESIAN_POINT('Ctrl Pts',(166.524212646412,128.549858068443,3.29919930034189));
#8834=CARTESIAN_POINT('Ctrl Pts',(167.860710782244,130.166653093362,3.29919930034189));
#8835=CARTESIAN_POINT('Ctrl Pts',(158.818549942594,110.51875338018,3.81697035164266));
#8836=CARTESIAN_POINT('Ctrl Pts',(159.236786787117,113.629167965085,3.81697035164266));
#8837=CARTESIAN_POINT('Ctrl Pts',(160.482937541459,118.761835222273,3.81697035164265));
#8838=CARTESIAN_POINT('Ctrl Pts',(163.792132677839,125.289642422598,3.81697035164265));
#8839=CARTESIAN_POINT('Ctrl Pts',(166.324733035838,128.702998502059,3.81697035164265));
#8840=CARTESIAN_POINT('Ctrl Pts',(167.667004339941,130.326777472177,3.81697035164265));
#8841=CARTESIAN_POINT('Ctrl Pts',(158.298946214182,110.588621051464,4.00000000000001));
#8842=CARTESIAN_POINT('Ctrl Pts',(158.722463761838,113.738308063593,4.00000000000001));
#8843=CARTESIAN_POINT('Ctrl Pts',(159.983637488813,118.937643538818,4.));
#8844=CARTESIAN_POINT('Ctrl Pts',(163.346884852705,125.572670536976,4.));
#8845=CARTESIAN_POINT('Ctrl Pts',(165.908790251143,129.022697014364,4.));
#8846=CARTESIAN_POINT('Ctrl Pts',(167.262913117997,130.660813114613,4.));
#8847=CARTESIAN_POINT('Ctrl Pts',(158.076548254371,110.618525431861,4.00000000000001));
#8848=CARTESIAN_POINT('Ctrl Pts',(158.502322593135,113.784996130249,4.00000000000001));
#8849=CARTESIAN_POINT('Ctrl Pts',(159.769956250121,119.012923606662,4.));
#8850=CARTESIAN_POINT('Ctrl Pts',(163.15630921762,125.693781993143,4.));
#8851=CARTESIAN_POINT('Ctrl Pts',(165.730768374875,129.159541935109,4.));
#8852=CARTESIAN_POINT('Ctrl Pts',(167.089956192508,130.803785232247,4.));
#8853=CARTESIAN_POINT('Ctrl Pts',(167.089956192508,130.803785232247,4.));
#8854=CARTESIAN_POINT('Ctrl Pts',(165.730768374875,129.159541935109,4.));
#8855=CARTESIAN_POINT('Ctrl Pts',(163.15630921762,125.693781993143,4.));
#8856=CARTESIAN_POINT('Ctrl Pts',(159.769956250121,119.012923606662,4.));
#8857=CARTESIAN_POINT('Ctrl Pts',(158.502322593135,113.784996130249,4.00000000000001));
#8858=CARTESIAN_POINT('Ctrl Pts',(158.076548254371,110.618525431861,4.00000000000001));
#8859=CARTESIAN_POINT('Ctrl Pts',(159.067628824223,110.485261392972,3.));
#8860=CARTESIAN_POINT('Ctrl Pts',(159.483325523584,113.576784996212,3.));
#8861=CARTESIAN_POINT('Ctrl Pts',(160.722351293844,118.677639943204,3.));
#8862=CARTESIAN_POINT('Ctrl Pts',(164.005560184948,125.153895723414,3.));
#8863=CARTESIAN_POINT('Ctrl Pts',(166.524140364754,128.549770627523,3.));
#8864=CARTESIAN_POINT('Ctrl Pts',(167.860710782244,130.166653093362,3.));
#8865=CARTESIAN_POINT('Origin',(166.273281947652,110.420511479699,3.));
#8866=CARTESIAN_POINT('',(156.865473961772,109.64749040588,3.));
#8867=CARTESIAN_POINT('',(166.249131328017,109.420803148449,3.));
#8868=CARTESIAN_POINT('',(156.868665373363,110.647705062671,4.));
#8869=CARTESIAN_POINT('',(166.273281947652,110.420511479699,4.));
#8870=CARTESIAN_POINT('Ctrl Pts',(156.868665373363,110.647705062671,4.));
#8871=CARTESIAN_POINT('Ctrl Pts',(156.868651230644,110.644337494361,4.));
#8872=CARTESIAN_POINT('Ctrl Pts',(156.868637119115,110.640969947357,3.99998299569726));
#8873=CARTESIAN_POINT('Ctrl Pts',(156.868078406379,110.507344666886,3.99863349032906));
#8874=CARTESIAN_POINT('Ctrl Pts',(156.86758850811,110.378587410901,3.97188830005956));
#8875=CARTESIAN_POINT('Ctrl Pts',(156.866760992877,110.138584217475,3.87055194445323));
#8876=CARTESIAN_POINT('Ctrl Pts',(156.8664307016,110.029629263109,3.79693224072919));
#8877=CARTESIAN_POINT('Ctrl Pts',(156.865924147474,109.846099103996,3.61208803064085));
#8878=CARTESIAN_POINT('Ctrl Pts',(156.865751211667,109.773270864769,3.50263855297315));
#8879=CARTESIAN_POINT('Ctrl Pts',(156.865526144513,109.673688828866,3.26200745401654));
#8880=CARTESIAN_POINT('Ctrl Pts',(156.865474764459,109.647877366726,3.13313367618473));
#8881=CARTESIAN_POINT('Ctrl Pts',(156.865473964757,109.64749184493,3.00195877794165));
#8882=CARTESIAN_POINT('Ctrl Pts',(156.865473961772,109.64749040588,3.00097935425714));
#8883=CARTESIAN_POINT('Ctrl Pts',(156.865473961772,109.64749040588,3.));
#8884=CARTESIAN_POINT('Origin',(156.954637687295,105.190862216383,3.));
#8885=CARTESIAN_POINT('',(156.705312473912,99.7390403167031,4.));
#8886=CARTESIAN_POINT('Origin',(156.954637687295,105.190862216383,4.));
#8887=CARTESIAN_POINT('',(156.729322878842,100.739040316703,3.));
#8888=CARTESIAN_POINT('Ctrl Pts',(156.705312473912,99.7390403167004,4.));
#8889=CARTESIAN_POINT('Ctrl Pts',(156.705384929816,99.7422106588574,4.00000000000001));
#8890=CARTESIAN_POINT('Ctrl Pts',(156.705457416879,99.7453809824028,3.99998492339594));
#8891=CARTESIAN_POINT('Ctrl Pts',(156.708509108564,99.878792723871,3.99871600519543));
#8892=CARTESIAN_POINT('Ctrl Pts',(156.711509797652,100.007547824298,3.97204363908896));
#8893=CARTESIAN_POINT('Ctrl Pts',(156.717201814924,100.247570975736,3.87083771568397));
#8894=CARTESIAN_POINT('Ctrl Pts',(156.719838178334,100.35654897954,3.79727517875926));
#8895=CARTESIAN_POINT('Ctrl Pts',(156.724336786561,100.540143813553,3.61252606317814));
#8896=CARTESIAN_POINT('Ctrl Pts',(156.726154553934,100.61301549071,3.50311603509809));
#8897=CARTESIAN_POINT('Ctrl Pts',(156.728654338346,100.71270287692,3.26254368348599));
#8898=CARTESIAN_POINT('Ctrl Pts',(156.729311194985,100.738578316196,3.13369091481086));
#8899=CARTESIAN_POINT('Ctrl Pts',(156.729322827171,100.739038273542,3.00233428561631));
#8900=CARTESIAN_POINT('Ctrl Pts',(156.729322878842,100.739040316703,3.00116709363476));
#8901=CARTESIAN_POINT('Ctrl Pts',(156.729322878842,100.739040316703,3.));
#8902=CARTESIAN_POINT('Origin',(156.954637687295,105.190862216383,3.));
#8903=CARTESIAN_POINT('Origin',(336.923456156373,55.3814745681389,3.));
#8904=CARTESIAN_POINT('',(336.947606776009,56.3811828993892,3.));
#8905=CARTESIAN_POINT('',(336.923456156373,55.3814745681389,4.));
#8906=CARTESIAN_POINT('Origin',(336.923456156373,55.3814745681389,3.));
#8907=CARTESIAN_POINT('',(335.932375586521,55.5147386070279,3.));
#8908=CARTESIAN_POINT('Origin',(336.923456156373,55.3814745681389,3.));
#8909=CARTESIAN_POINT('Origin',(336.923456156373,55.3814745681391,3.));
#8910=CARTESIAN_POINT('Ctrl Pts',(335.932375586521,55.5147386070279,0.));
#8911=CARTESIAN_POINT('Ctrl Pts',(335.932375586521,55.5147386070279,1.));
#8912=CARTESIAN_POINT('Ctrl Pts',(335.932375586521,55.5147386070279,2.));
#8913=CARTESIAN_POINT('Ctrl Pts',(335.932375586521,55.5147386070279,3.));
#8914=CARTESIAN_POINT('Ctrl Pts',(335.969468365704,55.7905964681337,0.));
#8915=CARTESIAN_POINT('Ctrl Pts',(335.969468365704,55.7905964681337,0.999999999999999));
#8916=CARTESIAN_POINT('Ctrl Pts',(335.969468365704,55.7905964681337,2.));
#8917=CARTESIAN_POINT('Ctrl Pts',(335.969468365704,55.7905964681337,3.));
#8918=CARTESIAN_POINT('Ctrl Pts',(336.247626322682,56.2405632907656,0.));
#8919=CARTESIAN_POINT('Ctrl Pts',(336.247626322682,56.2405632907656,1.));
#8920=CARTESIAN_POINT('Ctrl Pts',(336.247626322683,56.2405632907656,2.));
#8921=CARTESIAN_POINT('Ctrl Pts',(336.247626322683,56.2405632907656,3.));
#8922=CARTESIAN_POINT('Ctrl Pts',(336.738912288615,56.3862244710432,0.));
#8923=CARTESIAN_POINT('Ctrl Pts',(336.738912288615,56.3862244710432,0.999999999999998));
#8924=CARTESIAN_POINT('Ctrl Pts',(336.738912288615,56.3862244710432,2.));
#8925=CARTESIAN_POINT('Ctrl Pts',(336.738912288615,56.3862244710432,3.));
#8926=CARTESIAN_POINT('Ctrl Pts',(336.947606776009,56.3811828993892,0.));
#8927=CARTESIAN_POINT('Ctrl Pts',(336.947606776009,56.3811828993892,1.));
#8928=CARTESIAN_POINT('Ctrl Pts',(336.947606776009,56.3811828993892,2.));
#8929=CARTESIAN_POINT('Ctrl Pts',(336.947606776009,56.3811828993892,3.));
#8930=CARTESIAN_POINT('',(336.947606776009,56.3811828993892,-6.93889390390723E-17));
#8931=CARTESIAN_POINT('',(335.93237558652,55.5147386070279,-6.93889390390723E-17));
#8932=CARTESIAN_POINT('Ctrl Pts',(336.947606776009,56.3811828993892,2.08166817117217E-16));
#8933=CARTESIAN_POINT('Ctrl Pts',(336.738912288615,56.3862244710432,2.08166817117216E-16));
#8934=CARTESIAN_POINT('Ctrl Pts',(336.528361160358,56.3237982509242,2.08166817117217E-16));
#8935=CARTESIAN_POINT('Ctrl Pts',(336.35695599293,56.2054791577198,2.08166817117217E-16));
#8936=CARTESIAN_POINT('Ctrl Pts',(336.128415769692,56.0477203667805,2.08166817117217E-16));
#8937=CARTESIAN_POINT('Ctrl Pts',(335.969468365704,55.7905964681337,2.08166817117217E-16));
#8938=CARTESIAN_POINT('Ctrl Pts',(335.932375586521,55.5147386070279,2.08166817117217E-16));
#8939=CARTESIAN_POINT('Ctrl Pts',(335.932375586521,55.5147386070279,0.));
#8940=CARTESIAN_POINT('Ctrl Pts',(335.932375586521,55.5147386070279,1.));
#8941=CARTESIAN_POINT('Ctrl Pts',(335.932375586521,55.5147386070279,2.));
#8942=CARTESIAN_POINT('Ctrl Pts',(335.932375586521,55.5147386070279,3.));
#8943=CARTESIAN_POINT('Ctrl Pts',(336.947606776009,56.3811828993892,3.));
#8944=CARTESIAN_POINT('Ctrl Pts',(336.947606776009,56.3811828993892,2.));
#8945=CARTESIAN_POINT('Ctrl Pts',(336.947606776009,56.3811828993892,1.));
#8946=CARTESIAN_POINT('Ctrl Pts',(336.947606776009,56.3811828993892,0.));
#8947=CARTESIAN_POINT('Origin',(156.783146927184,99.7390403167031,3.));
#8948=CARTESIAN_POINT('',(157.78105047297,99.6743215921563,3.));
#8949=CARTESIAN_POINT('',(156.783146927184,99.7390403167031,4.));
#8950=CARTESIAN_POINT('Origin',(156.783146927184,99.7390403167031,3.));
#8951=CARTESIAN_POINT('',(156.783146927184,100.739040316703,3.));
#8952=CARTESIAN_POINT('Origin',(156.783146927184,99.7390403167031,3.));
#8953=CARTESIAN_POINT('Origin',(156.783146927184,99.7390403167031,3.));
#8954=CARTESIAN_POINT('Ctrl Pts',(156.783146927184,100.739040316703,-2.77555756156289E-16));
#8955=CARTESIAN_POINT('Ctrl Pts',(156.783146927184,100.739040316703,1.));
#8956=CARTESIAN_POINT('Ctrl Pts',(156.783146927184,100.739040316703,2.));
#8957=CARTESIAN_POINT('Ctrl Pts',(156.783146927184,100.739040316703,3.));
#8958=CARTESIAN_POINT('Ctrl Pts',(157.094682225454,100.739040316703,-2.77555756156289E-16));
#8959=CARTESIAN_POINT('Ctrl Pts',(157.094682225454,100.739040316703,1.));
#8960=CARTESIAN_POINT('Ctrl Pts',(157.094682225454,100.739040316703,2.));
#8961=CARTESIAN_POINT('Ctrl Pts',(157.094682225454,100.739040316703,3.));
#8962=CARTESIAN_POINT('Ctrl Pts',(157.632751682242,100.465190600671,-2.77555756156289E-16));
#8963=CARTESIAN_POINT('Ctrl Pts',(157.632751682242,100.465190600671,1.));
#8964=CARTESIAN_POINT('Ctrl Pts',(157.632751682242,100.465190600671,2.));
#8965=CARTESIAN_POINT('Ctrl Pts',(157.632751682242,100.465190600671,3.));
#8966=CARTESIAN_POINT('Ctrl Pts',(157.796172098337,99.9074832262421,-2.77555756156289E-16));
#8967=CARTESIAN_POINT('Ctrl Pts',(157.796172098337,99.9074832262421,0.999999999999999));
#8968=CARTESIAN_POINT('Ctrl Pts',(157.796172098337,99.9074832262421,2.));
#8969=CARTESIAN_POINT('Ctrl Pts',(157.796172098337,99.9074832262421,3.));
#8970=CARTESIAN_POINT('Ctrl Pts',(157.78105047297,99.6743215921563,-2.77555756156289E-16));
#8971=CARTESIAN_POINT('Ctrl Pts',(157.78105047297,99.6743215921563,1.));
#8972=CARTESIAN_POINT('Ctrl Pts',(157.78105047297,99.6743215921563,2.));
#8973=CARTESIAN_POINT('Ctrl Pts',(157.78105047297,99.6743215921563,3.));
#8974=CARTESIAN_POINT('',(157.78105047297,99.6743215921563,-1.38777878078145E-16));
#8975=CARTESIAN_POINT('',(156.783146927184,100.739040316703,2.08166817117217E-16));
#8976=CARTESIAN_POINT('Ctrl Pts',(157.78105047297,99.6743215921563,-2.77555756156289E-16));
#8977=CARTESIAN_POINT('Ctrl Pts',(157.796172098337,99.9074832262421,-2.77555756156289E-16));
#8978=CARTESIAN_POINT('Ctrl Pts',(157.726134777153,100.146500672426,-2.77555756156289E-16));
#8979=CARTESIAN_POINT('Ctrl Pts',(157.587284366863,100.33338099768,-2.77555756156289E-16));
#8980=CARTESIAN_POINT('Ctrl Pts',(157.402150486476,100.582554764685,-2.77555756156289E-16));
#8981=CARTESIAN_POINT('Ctrl Pts',(157.094682225454,100.739040316703,-2.77555756156289E-16));
#8982=CARTESIAN_POINT('Ctrl Pts',(156.783146927184,100.739040316703,-2.77555756156289E-16));
#8983=CARTESIAN_POINT('Ctrl Pts',(156.783146927184,100.739040316703,-2.77555756156289E-16));
#8984=CARTESIAN_POINT('Ctrl Pts',(156.783146927184,100.739040316703,1.));
#8985=CARTESIAN_POINT('Ctrl Pts',(156.783146927184,100.739040316703,2.));
#8986=CARTESIAN_POINT('Ctrl Pts',(156.783146927184,100.739040316703,3.));
#8987=CARTESIAN_POINT('Ctrl Pts',(157.78105047297,99.6743215921563,3.));
#8988=CARTESIAN_POINT('Ctrl Pts',(157.78105047297,99.6743215921563,2.));
#8989=CARTESIAN_POINT('Ctrl Pts',(157.78105047297,99.6743215921563,1.));
#8990=CARTESIAN_POINT('Ctrl Pts',(157.78105047297,99.6743215921563,-2.77555756156289E-16));
#8991=CARTESIAN_POINT('Origin',(166.551145367661,99.7390403167036,3.));
#8992=CARTESIAN_POINT('',(166.551145367661,99.7390403167036,4.));
#8993=CARTESIAN_POINT('',(166.551145367661,100.739040316704,3.));
#8994=CARTESIAN_POINT('Origin',(327.910048218235,35.1962147677526,3.));
#8995=CARTESIAN_POINT('',(327.331544101028,34.3805353047436,3.));
#8996=CARTESIAN_POINT('',(327.139293628499,35.8333469066382,3.));
#8997=CARTESIAN_POINT('Origin',(327.910048218235,35.1962147677526,3.));
#8998=CARTESIAN_POINT('',(327.910048218235,35.1962147677525,4.));
#8999=CARTESIAN_POINT('Origin',(327.910048218235,35.1962147677526,3.));
#9000=CARTESIAN_POINT('Origin',(327.910048218235,35.1962147677526,3.));
#9001=CARTESIAN_POINT('Origin',(156.248579279661,88.5000000000004,3.));
#9002=CARTESIAN_POINT('',(156.248579279661,87.5000000000004,3.));
#9003=CARTESIAN_POINT('',(156.248579279661,88.5000000000004,4.));
#9004=CARTESIAN_POINT('Origin',(156.248579279661,88.5000000000004,3.));
#9005=CARTESIAN_POINT('',(157.248172764027,88.4714891947951,3.));
#9006=CARTESIAN_POINT('Origin',(156.248579279661,88.5000000000004,3.));
#9007=CARTESIAN_POINT('Origin',(156.248579279661,88.5000000000003,3.));
#9008=CARTESIAN_POINT('Ctrl Pts',(157.248172764027,88.4714891947951,-4.16333634234434E-16));
#9009=CARTESIAN_POINT('Ctrl Pts',(157.248172764027,88.4714891947951,1.));
#9010=CARTESIAN_POINT('Ctrl Pts',(157.248172764027,88.4714891947951,2.));
#9011=CARTESIAN_POINT('Ctrl Pts',(157.248172764027,88.4714891947951,3.));
#9012=CARTESIAN_POINT('Ctrl Pts',(157.239797203663,88.1778406812727,-4.16333634234434E-16));
#9013=CARTESIAN_POINT('Ctrl Pts',(157.239797203663,88.1778406812727,0.999999999999999));
#9014=CARTESIAN_POINT('Ctrl Pts',(157.239797203663,88.1778406812727,2.));
#9015=CARTESIAN_POINT('Ctrl Pts',(157.239797203663,88.1778406812727,3.));
#9016=CARTESIAN_POINT('Ctrl Pts',(156.983647855011,87.6761583588958,-4.16333634234434E-16));
#9017=CARTESIAN_POINT('Ctrl Pts',(156.983647855011,87.6761583588958,1.));
#9018=CARTESIAN_POINT('Ctrl Pts',(156.983647855011,87.6761583588959,2.));
#9019=CARTESIAN_POINT('Ctrl Pts',(156.983647855011,87.6761583588959,3.));
#9020=CARTESIAN_POINT('Ctrl Pts',(156.468905230746,87.5000000000004,-4.16333634234434E-16));
#9021=CARTESIAN_POINT('Ctrl Pts',(156.468905230746,87.5000000000004,0.999999999999998));
#9022=CARTESIAN_POINT('Ctrl Pts',(156.468905230746,87.5000000000004,2.));
#9023=CARTESIAN_POINT('Ctrl Pts',(156.468905230746,87.5000000000004,3.));
#9024=CARTESIAN_POINT('Ctrl Pts',(156.248579279661,87.5000000000004,-4.16333634234434E-16));
#9025=CARTESIAN_POINT('Ctrl Pts',(156.248579279661,87.5000000000004,1.));
#9026=CARTESIAN_POINT('Ctrl Pts',(156.248579279661,87.5000000000004,2.));
#9027=CARTESIAN_POINT('Ctrl Pts',(156.248579279661,87.5000000000004,3.));
#9028=CARTESIAN_POINT('',(156.248579279661,87.5000000000004,-2.08166817117217E-16));
#9029=CARTESIAN_POINT('',(157.248172764027,88.4714891947951,1.38777878078145E-16));
#9030=CARTESIAN_POINT('Ctrl Pts',(156.248579279661,87.5000000000004,-4.16333634234434E-16));
#9031=CARTESIAN_POINT('Ctrl Pts',(156.468905230746,87.5000000000004,-4.16333634234434E-16));
#9032=CARTESIAN_POINT('Ctrl Pts',(156.689509212574,87.575496439527,-4.16333634234434E-16));
#9033=CARTESIAN_POINT('Ctrl Pts',(156.86261647031,87.7107829947951,-4.16333634234434E-16));
#9034=CARTESIAN_POINT('Ctrl Pts',(157.09342614729,87.8911650684859,-4.16333634234434E-16));
#9035=CARTESIAN_POINT('Ctrl Pts',(157.239797203663,88.1778406812727,-4.16333634234434E-16));
#9036=CARTESIAN_POINT('Ctrl Pts',(157.248172764027,88.4714891947951,-4.16333634234434E-16));
#9037=CARTESIAN_POINT('Ctrl Pts',(157.248172764027,88.4714891947951,-4.16333634234434E-16));
#9038=CARTESIAN_POINT('Ctrl Pts',(157.248172764027,88.4714891947951,1.));
#9039=CARTESIAN_POINT('Ctrl Pts',(157.248172764027,88.4714891947951,2.));
#9040=CARTESIAN_POINT('Ctrl Pts',(157.248172764027,88.4714891947951,3.));
#9041=CARTESIAN_POINT('Ctrl Pts',(156.248579279661,87.5000000000004,3.));
#9042=CARTESIAN_POINT('Ctrl Pts',(156.248579279661,87.5000000000004,2.));
#9043=CARTESIAN_POINT('Ctrl Pts',(156.248579279661,87.5000000000004,1.));
#9044=CARTESIAN_POINT('Ctrl Pts',(156.248579279661,87.5000000000004,-4.16333634234434E-16));
#9045=CARTESIAN_POINT('Ctrl Pts',(157.248172764027,88.471489194795,3.));
#9046=CARTESIAN_POINT('Ctrl Pts',(157.354674358202,92.2054524710105,3.));
#9047=CARTESIAN_POINT('Ctrl Pts',(157.538997937344,95.9420928552756,3.));
#9048=CARTESIAN_POINT('Ctrl Pts',(157.78105047297,99.6743215921563,3.));
#9049=CARTESIAN_POINT('Ctrl Pts',(157.248172764027,88.471489194795,3.29919930034189));
#9050=CARTESIAN_POINT('Ctrl Pts',(157.354672964087,92.2054035931227,3.29919930034189));
#9051=CARTESIAN_POINT('Ctrl Pts',(157.539000153197,95.9421270216993,3.29919930034188));
#9052=CARTESIAN_POINT('Ctrl Pts',(157.78105047297,99.6743215921563,3.29919930034188));
#9053=CARTESIAN_POINT('Ctrl Pts',(156.996959468673,88.4786544008921,3.81697642102375));
#9054=CARTESIAN_POINT('Ctrl Pts',(157.103571017293,92.2164726978925,3.81697642102375));
#9055=CARTESIAN_POINT('Ctrl Pts',(157.288034584383,95.9556629501812,3.81697642102374));
#9056=CARTESIAN_POINT('Ctrl Pts',(157.530261885306,99.6905864081228,3.81697642102374));
#9057=CARTESIAN_POINT('Ctrl Pts',(156.472887533022,88.4936021902731,4.));
#9058=CARTESIAN_POINT('Ctrl Pts',(156.579727665736,92.2394346829305,4.));
#9059=CARTESIAN_POINT('Ctrl Pts',(156.764485339034,95.9839919602503,3.99999999999999));
#9060=CARTESIAN_POINT('Ctrl Pts',(157.007075959215,99.7245174688755,3.99999999999999));
#9061=CARTESIAN_POINT('Ctrl Pts',(156.248579279661,88.5000000000003,4.));
#9062=CARTESIAN_POINT('Ctrl Pts',(156.355517101364,92.2492574845675,4.));
#9063=CARTESIAN_POINT('Ctrl Pts',(156.540401036834,95.9961206840646,3.99999999999999));
#9064=CARTESIAN_POINT('Ctrl Pts',(156.783146927184,99.7390403167031,3.99999999999999));
#9065=CARTESIAN_POINT('Ctrl Pts',(156.783146927184,99.7390403167031,3.99999999999999));
#9066=CARTESIAN_POINT('Ctrl Pts',(156.540401036834,95.9961206840646,3.99999999999999));
#9067=CARTESIAN_POINT('Ctrl Pts',(156.355517101364,92.2492574845675,4.));
#9068=CARTESIAN_POINT('Ctrl Pts',(156.248579279661,88.5000000000003,4.));
#9069=CARTESIAN_POINT('Ctrl Pts',(157.248172764027,88.471489194795,3.));
#9070=CARTESIAN_POINT('Ctrl Pts',(157.354674358202,92.2054524710105,3.));
#9071=CARTESIAN_POINT('Ctrl Pts',(157.538997937344,95.9420928552756,3.));
#9072=CARTESIAN_POINT('Ctrl Pts',(157.78105047297,99.6743215921563,3.));
#9073=CARTESIAN_POINT('Origin',(156.248579279661,77.4999999999998,3.));
#9074=CARTESIAN_POINT('',(157.248172764027,77.528510805205,3.));
#9075=CARTESIAN_POINT('',(156.248579279661,77.4999999999997,4.));
#9076=CARTESIAN_POINT('Origin',(156.248579279661,77.4999999999998,3.));
#9077=CARTESIAN_POINT('',(156.248579279661,78.4999999999997,3.));
#9078=CARTESIAN_POINT('Origin',(156.248579279661,77.4999999999998,3.));
#9079=CARTESIAN_POINT('Origin',(156.248579279661,77.4999999999997,3.));
#9080=CARTESIAN_POINT('Ctrl Pts',(156.248579279661,78.4999999999997,-4.16333634234434E-16));
#9081=CARTESIAN_POINT('Ctrl Pts',(156.248579279661,78.4999999999997,1.));
#9082=CARTESIAN_POINT('Ctrl Pts',(156.248579279661,78.4999999999997,2.));
#9083=CARTESIAN_POINT('Ctrl Pts',(156.248579279661,78.4999999999997,3.));
#9084=CARTESIAN_POINT('Ctrl Pts',(156.542347214442,78.4999999999997,-4.16333634234434E-16));
#9085=CARTESIAN_POINT('Ctrl Pts',(156.542347214442,78.4999999999997,0.999999999999999));
#9086=CARTESIAN_POINT('Ctrl Pts',(156.542347214442,78.4999999999997,2.));
#9087=CARTESIAN_POINT('Ctrl Pts',(156.542347214442,78.4999999999997,3.));
#9088=CARTESIAN_POINT('Ctrl Pts',(157.051130509114,78.2582597743229,-4.16333634234434E-16));
#9089=CARTESIAN_POINT('Ctrl Pts',(157.051130509114,78.2582597743229,1.));
#9090=CARTESIAN_POINT('Ctrl Pts',(157.051130509114,78.2582597743229,2.));
#9091=CARTESIAN_POINT('Ctrl Pts',(157.051130509114,78.2582597743229,3.));
#9092=CARTESIAN_POINT('Ctrl Pts',(157.241891093754,77.7487471903468,-4.16333634234434E-16));
#9093=CARTESIAN_POINT('Ctrl Pts',(157.241891093754,77.7487471903468,0.999999999999999));
#9094=CARTESIAN_POINT('Ctrl Pts',(157.241891093754,77.7487471903468,2.));
#9095=CARTESIAN_POINT('Ctrl Pts',(157.241891093754,77.7487471903468,3.));
#9096=CARTESIAN_POINT('Ctrl Pts',(157.248172764027,77.528510805205,-4.16333634234434E-16));
#9097=CARTESIAN_POINT('Ctrl Pts',(157.248172764027,77.528510805205,1.));
#9098=CARTESIAN_POINT('Ctrl Pts',(157.248172764027,77.528510805205,2.));
#9099=CARTESIAN_POINT('Ctrl Pts',(157.248172764027,77.528510805205,3.));
#9100=CARTESIAN_POINT('',(157.248172764027,77.528510805205,1.38777878078145E-16));
#9101=CARTESIAN_POINT('',(156.248579279661,78.4999999999997,-2.08166817117217E-16));
#9102=CARTESIAN_POINT('Ctrl Pts',(157.248172764027,77.528510805205,6.93889390390724E-17));
#9103=CARTESIAN_POINT('Ctrl Pts',(157.241891093754,77.7487471903468,6.93889390390716E-17));
#9104=CARTESIAN_POINT('Ctrl Pts',(157.16013655748,77.9671097263365,6.93889390390724E-17));
#9105=CARTESIAN_POINT('Ctrl Pts',(157.01996968671,78.1362895842713,6.93889390390725E-17));
#9106=CARTESIAN_POINT('Ctrl Pts',(156.833080525683,78.3618627281844,6.93889390390727E-17));
#9107=CARTESIAN_POINT('Ctrl Pts',(156.542347214442,78.4999999999997,6.93889390390716E-17));
#9108=CARTESIAN_POINT('Ctrl Pts',(156.248579279661,78.4999999999997,6.93889390390724E-17));
#9109=CARTESIAN_POINT('Ctrl Pts',(156.248579279661,78.4999999999997,-4.16333634234434E-16));
#9110=CARTESIAN_POINT('Ctrl Pts',(156.248579279661,78.4999999999997,1.));
#9111=CARTESIAN_POINT('Ctrl Pts',(156.248579279661,78.4999999999997,2.));
#9112=CARTESIAN_POINT('Ctrl Pts',(156.248579279661,78.4999999999997,3.));
#9113=CARTESIAN_POINT('Ctrl Pts',(157.248172764027,77.528510805205,3.));
#9114=CARTESIAN_POINT('Ctrl Pts',(157.248172764027,77.528510805205,2.));
#9115=CARTESIAN_POINT('Ctrl Pts',(157.248172764027,77.528510805205,1.));
#9116=CARTESIAN_POINT('Ctrl Pts',(157.248172764027,77.528510805205,-4.16333634234434E-16));
#9117=CARTESIAN_POINT('Origin',(166.23626544679,77.4999999999997,3.));
#9118=CARTESIAN_POINT('',(155.415806807104,78.4999999999997,3.));
#9119=CARTESIAN_POINT('',(155.415806807104,77.4999999999997,4.));
#9120=CARTESIAN_POINT('Origin',(155.415806807104,77.4999999999997,3.));
#9121=CARTESIAN_POINT('',(166.23626544679,77.4999999999997,4.));
#9122=CARTESIAN_POINT('',(166.23626544679,78.4999999999997,3.));
#9123=CARTESIAN_POINT('Origin',(155.415806807104,83.0000000000004,3.));
#9124=CARTESIAN_POINT('',(155.415806807104,87.5000000000004,3.));
#9125=CARTESIAN_POINT('',(155.415806807104,88.5000000000004,4.));
#9126=CARTESIAN_POINT('Origin',(155.415806807104,88.5000000000004,3.));
#9127=CARTESIAN_POINT('Origin',(155.415806807104,83.0000000000004,4.));
#9128=CARTESIAN_POINT('Origin',(155.415806807104,83.0000000000004,3.));
#9129=CARTESIAN_POINT('Origin',(165.207903403552,88.5000000000004,3.));
#9130=CARTESIAN_POINT('',(165.207903403552,88.5000000000004,4.));
#9131=CARTESIAN_POINT('',(165.207903403552,87.5000000000004,3.));
#9132=CARTESIAN_POINT('Origin',(316.539599314805,24.869333798743,3.));
#9133=CARTESIAN_POINT('',(317.118103432012,25.685013261752,3.));
#9134=CARTESIAN_POINT('',(316.539599314805,24.869333798743,4.));
#9135=CARTESIAN_POINT('Origin',(316.539599314805,24.869333798743,3.));
#9136=CARTESIAN_POINT('',(316.043131812695,25.7373891076654,3.));
#9137=CARTESIAN_POINT('Origin',(316.539599314805,24.869333798743,3.));
#9138=CARTESIAN_POINT('Origin',(316.539599314805,24.869333798743,3.));
#9139=CARTESIAN_POINT('Origin',(316.539599314805,24.869333798743,0.));
#9140=CARTESIAN_POINT('',(317.118103432012,25.685013261752,0.));
#9141=CARTESIAN_POINT('',(316.043131812695,25.7373891076654,0.));
#9142=CARTESIAN_POINT('Origin',(316.539599314805,24.869333798743,0.));
#9143=CARTESIAN_POINT('',(316.043131812695,25.7373891076654,0.));
#9144=CARTESIAN_POINT('',(317.118103432012,25.685013261752,0.));
#9145=CARTESIAN_POINT('Origin',(156.783146927184,66.260959683297,3.));
#9146=CARTESIAN_POINT('',(156.783146927184,65.260959683297,3.));
#9147=CARTESIAN_POINT('',(156.783146927184,66.260959683297,4.));
#9148=CARTESIAN_POINT('Origin',(156.783146927184,66.260959683297,3.));
#9149=CARTESIAN_POINT('',(157.78105047297,66.3256784078438,3.));
#9150=CARTESIAN_POINT('Origin',(156.783146927184,66.260959683297,3.));
#9151=CARTESIAN_POINT('Origin',(156.783146927184,66.260959683297,3.));
#9152=CARTESIAN_POINT('Ctrl Pts',(157.78105047297,66.3256784078438,1.38777878078145E-16));
#9153=CARTESIAN_POINT('Ctrl Pts',(157.78105047297,66.3256784078438,1.));
#9154=CARTESIAN_POINT('Ctrl Pts',(157.78105047297,66.3256784078438,2.));
#9155=CARTESIAN_POINT('Ctrl Pts',(157.78105047297,66.3256784078438,3.));
#9156=CARTESIAN_POINT('Ctrl Pts',(157.801212640126,66.0147962290628,1.38777878078145E-16));
#9157=CARTESIAN_POINT('Ctrl Pts',(157.801212640126,66.0147962290628,0.999999999999998));
#9158=CARTESIAN_POINT('Ctrl Pts',(157.801212640126,66.0147962290628,2.));
#9159=CARTESIAN_POINT('Ctrl Pts',(157.801212640126,66.0147962290628,3.));
#9160=CARTESIAN_POINT('Ctrl Pts',(157.562766807997,65.4601241237836,1.38777878078145E-16));
#9161=CARTESIAN_POINT('Ctrl Pts',(157.562766807997,65.4601241237836,1.));
#9162=CARTESIAN_POINT('Ctrl Pts',(157.562766807997,65.4601241237836,2.));
#9163=CARTESIAN_POINT('Ctrl Pts',(157.562766807997,65.4601241237836,3.));
#9164=CARTESIAN_POINT('Ctrl Pts',(157.016798400886,65.260959683297,1.38777878078145E-16));
#9165=CARTESIAN_POINT('Ctrl Pts',(157.016798400886,65.260959683297,0.999999999999999));
#9166=CARTESIAN_POINT('Ctrl Pts',(157.016798400886,65.260959683297,2.));
#9167=CARTESIAN_POINT('Ctrl Pts',(157.016798400886,65.260959683297,3.));
#9168=CARTESIAN_POINT('Ctrl Pts',(156.783146927184,65.260959683297,1.38777878078145E-16));
#9169=CARTESIAN_POINT('Ctrl Pts',(156.783146927184,65.260959683297,1.));
#9170=CARTESIAN_POINT('Ctrl Pts',(156.783146927184,65.260959683297,2.));
#9171=CARTESIAN_POINT('Ctrl Pts',(156.783146927184,65.260959683297,3.));
#9172=CARTESIAN_POINT('',(156.783146927184,65.260959683297,6.93889390390723E-17));
#9173=CARTESIAN_POINT('',(157.78105047297,66.3256784078438,6.93889390390723E-17));
#9174=CARTESIAN_POINT('Ctrl Pts',(156.783146927184,65.260959683297,3.46944695195361E-16));
#9175=CARTESIAN_POINT('Ctrl Pts',(157.016798400886,65.260959683297,3.46944695195361E-16));
#9176=CARTESIAN_POINT('Ctrl Pts',(157.250784861077,65.346315872077,3.46944695195361E-16));
#9177=CARTESIAN_POINT('Ctrl Pts',(157.428287583005,65.4969693870433,3.46944695195361E-16));
#9178=CARTESIAN_POINT('Ctrl Pts',(157.66495787891,65.6978407403318,3.46944695195361E-16));
#9179=CARTESIAN_POINT('Ctrl Pts',(157.801212640126,66.0147962290628,3.46944695195361E-16));
#9180=CARTESIAN_POINT('Ctrl Pts',(157.78105047297,66.3256784078438,3.46944695195361E-16));
#9181=CARTESIAN_POINT('Ctrl Pts',(157.78105047297,66.3256784078438,1.38777878078145E-16));
#9182=CARTESIAN_POINT('Ctrl Pts',(157.78105047297,66.3256784078438,1.));
#9183=CARTESIAN_POINT('Ctrl Pts',(157.78105047297,66.3256784078438,2.));
#9184=CARTESIAN_POINT('Ctrl Pts',(157.78105047297,66.3256784078438,3.));
#9185=CARTESIAN_POINT('Ctrl Pts',(156.783146927184,65.260959683297,3.));
#9186=CARTESIAN_POINT('Ctrl Pts',(156.783146927184,65.260959683297,2.));
#9187=CARTESIAN_POINT('Ctrl Pts',(156.783146927184,65.260959683297,1.));
#9188=CARTESIAN_POINT('Ctrl Pts',(156.783146927184,65.260959683297,1.38777878078145E-16));
#9189=CARTESIAN_POINT('Ctrl Pts',(157.78105047297,66.3256784078438,3.));
#9190=CARTESIAN_POINT('Ctrl Pts',(157.538997937344,70.0579071447248,3.));
#9191=CARTESIAN_POINT('Ctrl Pts',(157.354674358201,73.7945475289894,3.));
#9192=CARTESIAN_POINT('Ctrl Pts',(157.248172764027,77.528510805205,3.));
#9193=CARTESIAN_POINT('Ctrl Pts',(157.78105047297,66.3256784078438,3.29919930034188));
#9194=CARTESIAN_POINT('Ctrl Pts',(157.539000153197,70.0578729783011,3.29919930034188));
#9195=CARTESIAN_POINT('Ctrl Pts',(157.354672964087,73.7945964068772,3.29919930034189));
#9196=CARTESIAN_POINT('Ctrl Pts',(157.248172764027,77.528510805205,3.29919930034189));
#9197=CARTESIAN_POINT('Ctrl Pts',(157.530265394643,66.3094138194743,3.81698064057936));
#9198=CARTESIAN_POINT('Ctrl Pts',(157.28803809372,70.0443372774161,3.81698064057936));
#9199=CARTESIAN_POINT('Ctrl Pts',(157.103574532572,73.7835274023718,3.81698064057936));
#9200=CARTESIAN_POINT('Ctrl Pts',(156.996962983953,77.5213456993721,3.81698064057936));
#9201=CARTESIAN_POINT('Ctrl Pts',(157.007075959215,66.2754825311246,3.99999999999999));
#9202=CARTESIAN_POINT('Ctrl Pts',(156.764485339034,70.0160080397498,3.99999999999999));
#9203=CARTESIAN_POINT('Ctrl Pts',(156.579727665736,73.7605653170697,4.));
#9204=CARTESIAN_POINT('Ctrl Pts',(156.472887533022,77.506397809727,4.));
#9205=CARTESIAN_POINT('Ctrl Pts',(156.783146927184,66.260959683297,3.99999999999999));
#9206=CARTESIAN_POINT('Ctrl Pts',(156.540401036834,70.0038793159354,3.99999999999999));
#9207=CARTESIAN_POINT('Ctrl Pts',(156.355517101364,73.7507425154328,4.));
#9208=CARTESIAN_POINT('Ctrl Pts',(156.248579279661,77.4999999999998,4.));
#9209=CARTESIAN_POINT('Ctrl Pts',(156.248579279661,77.4999999999998,4.));
#9210=CARTESIAN_POINT('Ctrl Pts',(156.355517101364,73.7507425154328,4.));
#9211=CARTESIAN_POINT('Ctrl Pts',(156.540401036834,70.0038793159354,3.99999999999999));
#9212=CARTESIAN_POINT('Ctrl Pts',(156.783146927184,66.260959683297,3.99999999999999));
#9213=CARTESIAN_POINT('Ctrl Pts',(157.78105047297,66.3256784078438,3.));
#9214=CARTESIAN_POINT('Ctrl Pts',(157.538997937344,70.0579071447248,3.));
#9215=CARTESIAN_POINT('Ctrl Pts',(157.354674358201,73.7945475289894,3.));
#9216=CARTESIAN_POINT('Ctrl Pts',(157.248172764027,77.528510805205,3.));
#9217=CARTESIAN_POINT('Origin',(276.016273494707,1.69279868592983,3.));
#9218=CARTESIAN_POINT('',(310.435862139231,22.5304192984502,3.));
#9219=CARTESIAN_POINT('',(310.932329641342,21.6623639895279,4.));
#9220=CARTESIAN_POINT('Origin',(310.932329641342,21.6623639895279,3.));
#9221=CARTESIAN_POINT('',(276.016273494707,1.69279868592983,4.));
#9222=CARTESIAN_POINT('',(275.519805992597,2.56085399485225,3.));
#9223=CARTESIAN_POINT('Ctrl Pts',(310.435862139231,22.5304192984502,3.));
#9224=CARTESIAN_POINT('Ctrl Pts',(309.173570785667,21.8084760895349,3.));
#9225=CARTESIAN_POINT('Ctrl Pts',(306.49418031818,20.6318910746188,3.));
#9226=CARTESIAN_POINT('Ctrl Pts',(300.723307886423,19.2440379444546,3.));
#9227=CARTESIAN_POINT('Ctrl Pts',(293.189726350337,18.6960312658486,3.));
#9228=CARTESIAN_POINT('Ctrl Pts',(284.05290868891,18.3405073119018,3.));
#9229=CARTESIAN_POINT('Ctrl Pts',(274.924876020616,17.9855681319677,3.));
#9230=CARTESIAN_POINT('Ctrl Pts',(265.790081435896,17.8327567071315,3.));
#9231=CARTESIAN_POINT('Ctrl Pts',(258.173518948984,17.7536757975228,3.));
#9232=CARTESIAN_POINT('Ctrl Pts',(252.074522335643,17.7230803325295,3.));
#9233=CARTESIAN_POINT('Ctrl Pts',(249.036017142526,17.7148104454278,3.));
#9234=CARTESIAN_POINT('Ctrl Pts',(247.498124312706,17.7119223581443,3.));
#9235=CARTESIAN_POINT('Ctrl Pts',(310.435862139231,22.5304192984502,3.29919930034189));
#9236=CARTESIAN_POINT('Ctrl Pts',(309.173767810937,21.8085887743403,3.29919930034189));
#9237=CARTESIAN_POINT('Ctrl Pts',(306.49445844523,20.6320591463583,3.29919930034189));
#9238=CARTESIAN_POINT('Ctrl Pts',(300.72381625317,19.2442296166693,3.29919930034189));
#9239=CARTESIAN_POINT('Ctrl Pts',(293.189997001011,18.6960893670899,3.29919930034189));
#9240=CARTESIAN_POINT('Ctrl Pts',(284.053063389904,18.3405573687343,3.29919930034189));
#9241=CARTESIAN_POINT('Ctrl Pts',(274.924900607385,17.9855730820147,3.29919930034189));
#9242=CARTESIAN_POINT('Ctrl Pts',(265.790141575187,17.8327694468597,3.29919930034188));
#9243=CARTESIAN_POINT('Ctrl Pts',(258.173519713544,17.7536757676985,3.29919930034189));
#9244=CARTESIAN_POINT('Ctrl Pts',(252.074535518391,17.723082434631,3.29919930034189));
#9245=CARTESIAN_POINT('Ctrl Pts',(249.036025090711,17.7148104603541,3.29919930034189));
#9246=CARTESIAN_POINT('Ctrl Pts',(247.498124312706,17.7119223581443,3.29919930034189));
#9247=CARTESIAN_POINT('Ctrl Pts',(310.560636273525,22.3122562782539,3.81696632822327));
#9248=CARTESIAN_POINT('Ctrl Pts',(309.282805449156,21.5814255685362,3.81696632822327));
#9249=CARTESIAN_POINT('Ctrl Pts',(306.571531419524,20.3913187091043,3.81696632822327));
#9250=CARTESIAN_POINT('Ctrl Pts',(300.754191766403,18.9934929829829,3.81696632822327));
#9251=CARTESIAN_POINT('Ctrl Pts',(293.198419070621,18.44492972478,3.81696632822327));
#9252=CARTESIAN_POINT('Ctrl Pts',(284.06466323403,18.089338566591,3.81696632822327));
#9253=CARTESIAN_POINT('Ctrl Pts',(274.931201929951,17.73432448541,3.81696632822327));
#9254=CARTESIAN_POINT('Ctrl Pts',(265.793233661649,17.5814258183663,3.81696632822327));
#9255=CARTESIAN_POINT('Ctrl Pts',(258.17518687349,17.5023608743479,3.81696632822327));
#9256=CARTESIAN_POINT('Ctrl Pts',(252.075376328596,17.4717537665676,3.81696632822327));
#9257=CARTESIAN_POINT('Ctrl Pts',(249.035862238708,17.4634858406818,3.81696632822327));
#9258=CARTESIAN_POINT('Ctrl Pts',(247.498596285773,17.4605989306424,3.81696632822327));
#9259=CARTESIAN_POINT('Ctrl Pts',(310.820922594386,21.8571551453435,4.));
#9260=CARTESIAN_POINT('Ctrl Pts',(309.51078679259,21.1078482264669,4.));
#9261=CARTESIAN_POINT('Ctrl Pts',(306.733047552178,19.889565274457,4.));
#9262=CARTESIAN_POINT('Ctrl Pts',(300.818904541895,18.4709494463313,4.));
#9263=CARTESIAN_POINT('Ctrl Pts',(293.216705483197,17.9211496821024,4.));
#9264=CARTESIAN_POINT('Ctrl Pts',(284.089271302445,17.5654137879489,4.));
#9265=CARTESIAN_POINT('Ctrl Pts',(274.944412043733,17.210217979687,4.));
#9266=CARTESIAN_POINT('Ctrl Pts',(265.799843363166,17.0571417201759,4.));
#9267=CARTESIAN_POINT('Ctrl Pts',(258.178666695817,16.978102868447,4.));
#9268=CARTESIAN_POINT('Ctrl Pts',(252.077165255349,16.9474726773348,4.));
#9269=CARTESIAN_POINT('Ctrl Pts',(249.035543589599,16.9392076637212,4.));
#9270=CARTESIAN_POINT('Ctrl Pts',(247.499580849871,16.9363232010522,4.));
#9271=CARTESIAN_POINT('Ctrl Pts',(310.932329641342,21.6623639895278,4.));
#9272=CARTESIAN_POINT('Ctrl Pts',(309.608387801975,20.9051609735753,4.));
#9273=CARTESIAN_POINT('Ctrl Pts',(306.80220896729,19.674824084545,4.));
#9274=CARTESIAN_POINT('Ctrl Pts',(300.846657046266,18.2473122548292,4.));
#9275=CARTESIAN_POINT('Ctrl Pts',(293.224561302146,17.6969689730314,4.));
#9276=CARTESIAN_POINT('Ctrl Pts',(284.099820510596,17.3411702698641,4.));
#9277=CARTESIAN_POINT('Ctrl Pts',(274.950068827912,16.9858918597618,4.));
#9278=CARTESIAN_POINT('Ctrl Pts',(265.802678855408,16.8327404199043,4.));
#9279=CARTESIAN_POINT('Ctrl Pts',(258.180156201647,16.7537113717432,4.));
#9280=CARTESIAN_POINT('Ctrl Pts',(252.077932355471,16.7230715283549,4.));
#9281=CARTESIAN_POINT('Ctrl Pts',(249.035408051505,16.7148075382364,4.));
#9282=CARTESIAN_POINT('Ctrl Pts',(247.500002260333,16.7119241214895,4.));
#9283=CARTESIAN_POINT('',(247.500002254108,17.7119258819996,3.));
#9284=CARTESIAN_POINT('',(247.500002260333,16.7119241214895,4.));
#9285=CARTESIAN_POINT('Ctrl Pts',(247.500002254101,17.7119258854633,3.));
#9286=CARTESIAN_POINT('Ctrl Pts',(247.499645163969,17.7119252146238,3.29919930124669));
#9287=CARTESIAN_POINT('Ctrl Pts',(247.499557687065,17.568311156125,3.59506617375548));
#9288=CARTESIAN_POINT('Ctrl Pts',(247.499637081032,17.3355698152761,3.7816323587844));
#9289=CARTESIAN_POINT('Ctrl Pts',(247.499696626506,17.1610138093623,3.92155699777824));
#9290=CARTESIAN_POINT('Ctrl Pts',(247.499850038704,16.9363237067792,4.));
#9291=CARTESIAN_POINT('Ctrl Pts',(247.500002260333,16.7119241214895,4.));
#9292=CARTESIAN_POINT('Ctrl Pts',(247.500002260333,16.7119241214895,4.));
#9293=CARTESIAN_POINT('Ctrl Pts',(249.035408051505,16.7148075382364,4.));
#9294=CARTESIAN_POINT('Ctrl Pts',(252.077932355471,16.7230715283549,4.));
#9295=CARTESIAN_POINT('Ctrl Pts',(258.180156201647,16.7537113717432,4.));
#9296=CARTESIAN_POINT('Ctrl Pts',(265.802678855408,16.8327404199043,4.));
#9297=CARTESIAN_POINT('Ctrl Pts',(274.950068827912,16.9858918597618,4.));
#9298=CARTESIAN_POINT('Ctrl Pts',(284.099820510596,17.3411702698641,4.));
#9299=CARTESIAN_POINT('Ctrl Pts',(293.224561302146,17.6969689730314,4.));
#9300=CARTESIAN_POINT('Ctrl Pts',(300.846657046266,18.2473122548292,4.));
#9301=CARTESIAN_POINT('Ctrl Pts',(306.80220896729,19.674824084545,4.));
#9302=CARTESIAN_POINT('Ctrl Pts',(309.608387801975,20.9051609735753,4.));
#9303=CARTESIAN_POINT('Ctrl Pts',(310.932329641342,21.6623639895278,4.));
#9304=CARTESIAN_POINT('Ctrl Pts',(310.435862139231,22.5304192984502,3.));
#9305=CARTESIAN_POINT('Ctrl Pts',(309.173570785667,21.8084760895349,3.));
#9306=CARTESIAN_POINT('Ctrl Pts',(306.49418031818,20.6318910746188,3.));
#9307=CARTESIAN_POINT('Ctrl Pts',(300.723307886423,19.2440379444546,3.));
#9308=CARTESIAN_POINT('Ctrl Pts',(293.189726350337,18.6960312658486,3.));
#9309=CARTESIAN_POINT('Ctrl Pts',(284.05290868891,18.3405073119018,3.));
#9310=CARTESIAN_POINT('Ctrl Pts',(274.924876020616,17.9855681319677,3.));
#9311=CARTESIAN_POINT('Ctrl Pts',(265.790081435896,17.8327567071315,3.));
#9312=CARTESIAN_POINT('Ctrl Pts',(258.173518948984,17.7536757975228,3.));
#9313=CARTESIAN_POINT('Ctrl Pts',(252.075142969197,17.7230834459223,3.));
#9314=CARTESIAN_POINT('Ctrl Pts',(249.037253935454,17.7148138118919,3.));
#9315=CARTESIAN_POINT('Ctrl Pts',(247.500002254101,17.7119258854633,3.));
#9316=CARTESIAN_POINT('Origin',(165.864661439421,66.2609596832965,3.));
#9317=CARTESIAN_POINT('',(156.729322878842,65.260959683297,3.));
#9318=CARTESIAN_POINT('',(165.864661439421,65.2609596832965,3.));
#9319=CARTESIAN_POINT('',(156.705312473912,66.260959683297,4.));
#9320=CARTESIAN_POINT('',(165.864661439421,66.2609596832965,4.));
#9321=CARTESIAN_POINT('Ctrl Pts',(156.705312473912,66.260959683297,4.));
#9322=CARTESIAN_POINT('Ctrl Pts',(156.705384929816,66.2577893411411,4.));
#9323=CARTESIAN_POINT('Ctrl Pts',(156.705457416879,66.2546190175966,3.99998492339594));
#9324=CARTESIAN_POINT('Ctrl Pts',(156.708564659654,66.1187787317522,3.99869290659766));
#9325=CARTESIAN_POINT('Ctrl Pts',(156.711621236269,65.9876752184596,3.97104033552696));
#9326=CARTESIAN_POINT('Ctrl Pts',(156.717351879985,65.74618166115,3.8671554123715));
#9327=CARTESIAN_POINT('Ctrl Pts',(156.719976557417,65.6377567071831,3.79282778668597));
#9328=CARTESIAN_POINT('Ctrl Pts',(156.72444410705,65.4555257726505,3.6068138272946));
#9329=CARTESIAN_POINT('Ctrl Pts',(156.726242842119,65.383449649136,3.49691678178689));
#9330=CARTESIAN_POINT('Ctrl Pts',(156.728689338582,65.2859160962879,3.25677181192183));
#9331=CARTESIAN_POINT('Ctrl Pts',(156.729322878842,65.260959683297,3.12898653673356));
#9332=CARTESIAN_POINT('Ctrl Pts',(156.729322878842,65.260959683297,3.));
#9333=CARTESIAN_POINT('Origin',(178.460405095938,24.869333798743,3.));
#9334=CARTESIAN_POINT('',(178.956872598049,25.7373891076654,3.));
#9335=CARTESIAN_POINT('',(178.460405095938,24.869333798743,4.));
#9336=CARTESIAN_POINT('Origin',(178.460405095938,24.869333798743,3.));
#9337=CARTESIAN_POINT('',(177.881900978732,25.685013261752,3.));
#9338=CARTESIAN_POINT('Origin',(178.460405095938,24.869333798743,3.));
#9339=CARTESIAN_POINT('Origin',(178.460405095938,24.869333798743,3.));
#9340=CARTESIAN_POINT('Origin',(178.460405095938,24.869333798743,0.));
#9341=CARTESIAN_POINT('',(178.956872598049,25.7373891076654,0.));
#9342=CARTESIAN_POINT('',(177.881900978732,25.685013261752,0.));
#9343=CARTESIAN_POINT('Origin',(178.460405095938,24.869333798743,0.));
#9344=CARTESIAN_POINT('',(177.881900978732,25.685013261752,0.));
#9345=CARTESIAN_POINT('',(178.956872598049,25.7373891076654,0.));
#9346=CARTESIAN_POINT('Origin',(156.954637687295,60.8091377836175,3.));
#9347=CARTESIAN_POINT('',(156.868665373364,55.3522949373289,4.));
#9348=CARTESIAN_POINT('Origin',(156.954637687295,60.8091377836175,4.));
#9349=CARTESIAN_POINT('',(156.865473961772,56.3525095941199,3.));
#9350=CARTESIAN_POINT('Ctrl Pts',(156.868665373363,55.3522949373672,4.));
#9351=CARTESIAN_POINT('Ctrl Pts',(156.868651230644,55.3556625056671,3.99999999999987));
#9352=CARTESIAN_POINT('Ctrl Pts',(156.868637119109,55.3590300526553,3.99998299569715));
#9353=CARTESIAN_POINT('Ctrl Pts',(156.868509502817,55.3895515818044,3.99967475336984));
#9354=CARTESIAN_POINT('Ctrl Pts',(156.868398090607,55.4166833138538,3.9982949779112));
#9355=CARTESIAN_POINT('Ctrl Pts',(156.868145565885,55.4793379966529,3.99254458221319));
#9356=CARTESIAN_POINT('Ctrl Pts',(156.868006417926,55.5147499736998,3.98736875198261));
#9357=CARTESIAN_POINT('Ctrl Pts',(156.867613132166,55.6174750135416,3.96667974238225));
#9358=CARTESIAN_POINT('Ctrl Pts',(156.867373573543,55.6835499705965,3.94608469951194));
#9359=CARTESIAN_POINT('Ctrl Pts',(156.866744348295,55.8666466174053,3.86746994387569));
#9360=CARTESIAN_POINT('Ctrl Pts',(156.866416693674,55.9751402188834,3.79320853612238));
#9361=CARTESIAN_POINT('Ctrl Pts',(156.865915011965,56.1575308697262,3.60730165784023));
#9362=CARTESIAN_POINT('Ctrl Pts',(156.865744251875,56.2296935633243,3.49744186911403));
#9363=CARTESIAN_POINT('Ctrl Pts',(156.865523796681,56.32746942238,3.25716613295089));
#9364=CARTESIAN_POINT('Ctrl Pts',(156.865473961772,56.3525095941199,3.12918709757739));
#9365=CARTESIAN_POINT('Ctrl Pts',(156.865473961771,56.3525095941199,3.));
#9366=CARTESIAN_POINT('Origin',(156.954637687295,60.8091377836175,3.));
#9367=CARTESIAN_POINT('Origin',(158.076548254371,55.3814745681389,3.));
#9368=CARTESIAN_POINT('',(159.067628824223,55.5147386070278,3.));
#9369=CARTESIAN_POINT('',(158.076548254371,55.3814745681389,4.));
#9370=CARTESIAN_POINT('Origin',(158.076548254371,55.381474568139,3.));
#9371=CARTESIAN_POINT('',(158.052397634735,56.3811828993892,3.));
#9372=CARTESIAN_POINT('Origin',(158.076548254371,55.3814745681389,3.));
#9373=CARTESIAN_POINT('Origin',(158.076548254371,55.3814745681389,3.));
#9374=CARTESIAN_POINT('Ctrl Pts',(158.052397634735,56.3811828993892,-2.77555756156289E-16));
#9375=CARTESIAN_POINT('Ctrl Pts',(158.052397634735,56.3811828993892,1.));
#9376=CARTESIAN_POINT('Ctrl Pts',(158.052397634735,56.3811828993892,2.));
#9377=CARTESIAN_POINT('Ctrl Pts',(158.052397634735,56.3811828993892,3.));
#9378=CARTESIAN_POINT('Ctrl Pts',(158.33065695126,56.3879049949278,-2.77555756156289E-16));
#9379=CARTESIAN_POINT('Ctrl Pts',(158.33065695126,56.3879049949278,1.));
#9380=CARTESIAN_POINT('Ctrl Pts',(158.33065695126,56.3879049949278,2.));
#9381=CARTESIAN_POINT('Ctrl Pts',(158.33065695126,56.3879049949278,3.));
#9382=CARTESIAN_POINT('Ctrl Pts',(158.818764412988,56.1839374040816,-4.27225059165432E-16));
#9383=CARTESIAN_POINT('Ctrl Pts',(158.818764412988,56.1839374040816,0.999999999999999));
#9384=CARTESIAN_POINT('Ctrl Pts',(158.818764412988,56.1839374040816,2.));
#9385=CARTESIAN_POINT('Ctrl Pts',(158.818764412988,56.1839374040816,3.));
#9386=CARTESIAN_POINT('Ctrl Pts',(159.039809239836,55.7216320028572,-7.51624546106121E-16));
#9387=CARTESIAN_POINT('Ctrl Pts',(159.039809239836,55.7216320028572,1.));
#9388=CARTESIAN_POINT('Ctrl Pts',(159.039809239836,55.7216320028572,2.));
#9389=CARTESIAN_POINT('Ctrl Pts',(159.039809239836,55.7216320028572,3.));
#9390=CARTESIAN_POINT('Ctrl Pts',(159.067628824223,55.5147386070278,-8.95610002783337E-16));
#9391=CARTESIAN_POINT('Ctrl Pts',(159.067628824223,55.5147386070278,1.));
#9392=CARTESIAN_POINT('Ctrl Pts',(159.067628824223,55.5147386070278,2.));
#9393=CARTESIAN_POINT('Ctrl Pts',(159.067628824223,55.5147386070278,3.));
#9394=CARTESIAN_POINT('',(159.067628824223,55.5147386070278,-6.93889390390723E-17));
#9395=CARTESIAN_POINT('',(158.052397634735,56.3811828993892,6.93889390390723E-17));
#9396=CARTESIAN_POINT('Ctrl Pts',(159.067628824223,55.5147386070278,-2.61158361420138E-16));
#9397=CARTESIAN_POINT('Ctrl Pts',(159.039809239836,55.7216320028572,-1.17172904742922E-16));
#9398=CARTESIAN_POINT('Ctrl Pts',(158.945075742615,55.9197628890962,2.18554468030873E-17));
#9399=CARTESIAN_POINT('Ctrl Pts',(158.801289924703,56.0704439734291,1.28790499259629E-16));
#9400=CARTESIAN_POINT('Ctrl Pts',(158.609575500819,56.2713520858728,2.71370569201685E-16));
#9401=CARTESIAN_POINT('Ctrl Pts',(158.33065695126,56.3879049949278,3.5689588520691E-16));
#9402=CARTESIAN_POINT('Ctrl Pts',(158.052397634735,56.3811828993892,3.56895885206909E-16));
#9403=CARTESIAN_POINT('Ctrl Pts',(158.052397634735,56.3811828993892,-2.77555756156289E-16));
#9404=CARTESIAN_POINT('Ctrl Pts',(158.052397634735,56.3811828993892,1.));
#9405=CARTESIAN_POINT('Ctrl Pts',(158.052397634735,56.3811828993892,2.));
#9406=CARTESIAN_POINT('Ctrl Pts',(158.052397634735,56.3811828993892,3.));
#9407=CARTESIAN_POINT('Ctrl Pts',(159.067628824223,55.5147386070278,3.));
#9408=CARTESIAN_POINT('Ctrl Pts',(159.067628824223,55.5147386070278,2.));
#9409=CARTESIAN_POINT('Ctrl Pts',(159.067628824223,55.5147386070278,1.));
#9410=CARTESIAN_POINT('Ctrl Pts',(159.067628824223,55.5147386070278,-8.95610002783337E-16));
#9411=CARTESIAN_POINT('Origin',(167.445028272853,55.6077951762775,3.));
#9412=CARTESIAN_POINT('',(167.445028272853,55.6077951762775,4.));
#9413=CARTESIAN_POINT('',(167.420877653218,56.6075035075278,3.));
#9414=CARTESIAN_POINT('Origin',(167.089956192509,35.1962147677526,3.));
#9415=CARTESIAN_POINT('',(167.860710782244,35.8333469066382,3.));
#9416=CARTESIAN_POINT('',(167.668460309715,34.3805353047435,3.));
#9417=CARTESIAN_POINT('Origin',(167.089956192508,35.1962147677526,3.));
#9418=CARTESIAN_POINT('',(167.089956192509,35.1962147677526,4.));
#9419=CARTESIAN_POINT('Origin',(167.089956192509,35.1962147677526,3.));
#9420=CARTESIAN_POINT('Origin',(167.089956192509,35.1962147677526,3.));
#9421=CARTESIAN_POINT('Ctrl Pts',(167.860710782244,35.8333469066382,3.));
#9422=CARTESIAN_POINT('Ctrl Pts',(165.855855156006,38.258670605399,3.));
#9423=CARTESIAN_POINT('Ctrl Pts',(162.833791722276,42.6002877517457,3.));
#9424=CARTESIAN_POINT('Ctrl Pts',(160.199308333911,49.3448256991478,3.));
#9425=CARTESIAN_POINT('Ctrl Pts',(159.34475995713,53.4537228715349,3.));
#9426=CARTESIAN_POINT('Ctrl Pts',(159.067628824223,55.5147386070279,3.));
#9427=CARTESIAN_POINT('Ctrl Pts',(167.860710782244,35.8333469066382,3.29919930034189));
#9428=CARTESIAN_POINT('Ctrl Pts',(165.855963578494,38.2585394440197,3.29919930034189));
#9429=CARTESIAN_POINT('Ctrl Pts',(162.83372132201,42.6006903924174,3.29919930034189));
#9430=CARTESIAN_POINT('Ctrl Pts',(160.1994665112,49.3446640480075,3.29919930034189));
#9431=CARTESIAN_POINT('Ctrl Pts',(159.344738486095,53.4538825509648,3.29919930034189));
#9432=CARTESIAN_POINT('Ctrl Pts',(159.067628824223,55.5147386070279,3.29919930034189));
#9433=CARTESIAN_POINT('Ctrl Pts',(167.667013815635,35.6732303607558,3.81698510276646));
#9434=CARTESIAN_POINT('Ctrl Pts',(165.653606859477,38.1088988159362,3.81698510276646));
#9435=CARTESIAN_POINT('Ctrl Pts',(162.611449938571,42.4776921712624,3.81698510276646));
#9436=CARTESIAN_POINT('Ctrl Pts',(159.956261050375,49.2754877191326,3.81698510276646));
#9437=CARTESIAN_POINT('Ctrl Pts',(159.097386690002,53.4076385349043,3.81698510276645));
#9438=CARTESIAN_POINT('Ctrl Pts',(158.818562126986,55.4812482581742,3.81698510276645));
#9439=CARTESIAN_POINT('Ctrl Pts',(167.262913117997,35.3391868853875,4.00000000000001));
#9440=CARTESIAN_POINT('Ctrl Pts',(165.231728817713,37.7963610357635,4.00000000000001));
#9441=CARTESIAN_POINT('Ctrl Pts',(162.147548099425,42.2221604213938,4.));
#9442=CARTESIAN_POINT('Ctrl Pts',(159.449294895545,49.1307374562334,4.00000000000001));
#9443=CARTESIAN_POINT('Ctrl Pts',(158.581291245952,53.3115876071168,4.));
#9444=CARTESIAN_POINT('Ctrl Pts',(158.298946214182,55.4113789485362,4.));
#9445=CARTESIAN_POINT('Ctrl Pts',(167.089956192509,35.1962147677526,4.00000000000001));
#9446=CARTESIAN_POINT('Ctrl Pts',(165.051174466056,37.6625797134635,4.00000000000001));
#9447=CARTESIAN_POINT('Ctrl Pts',(161.948988640438,42.1128338546844,4.));
#9448=CARTESIAN_POINT('Ctrl Pts',(159.232327658742,49.0687667560097,4.00000000000001));
#9449=CARTESIAN_POINT('Ctrl Pts',(158.360397813547,53.2704941025475,4.));
#9450=CARTESIAN_POINT('Ctrl Pts',(158.076548254371,55.381474568139,4.));
#9451=CARTESIAN_POINT('Ctrl Pts',(158.076548254371,55.381474568139,4.));
#9452=CARTESIAN_POINT('Ctrl Pts',(158.360397813547,53.2704941025475,4.));
#9453=CARTESIAN_POINT('Ctrl Pts',(159.232327658742,49.0687667560097,4.00000000000001));
#9454=CARTESIAN_POINT('Ctrl Pts',(161.948988640438,42.1128338546844,4.));
#9455=CARTESIAN_POINT('Ctrl Pts',(165.051174466056,37.6625797134635,4.00000000000001));
#9456=CARTESIAN_POINT('Ctrl Pts',(167.089956192509,35.1962147677526,4.00000000000001));
#9457=CARTESIAN_POINT('Ctrl Pts',(167.860710782244,35.8333469066382,3.));
#9458=CARTESIAN_POINT('Ctrl Pts',(165.855855156006,38.258670605399,3.));
#9459=CARTESIAN_POINT('Ctrl Pts',(162.833791722276,42.6002877517457,3.));
#9460=CARTESIAN_POINT('Ctrl Pts',(160.199308333911,49.3448256991478,3.));
#9461=CARTESIAN_POINT('Ctrl Pts',(159.34475995713,53.4537228715349,3.));
#9462=CARTESIAN_POINT('Ctrl Pts',(159.067628824223,55.5147386070279,3.));
#9463=CARTESIAN_POINT('Origin',(167.039073926861,25.9569809187172,3.));
#9464=CARTESIAN_POINT('',(171.123114506833,20.8914810243562,3.));
#9465=CARTESIAN_POINT('',(163.274853094936,31.2644584897609,3.));
#9466=CARTESIAN_POINT('Origin',(167.039073926861,25.9569809187172,3.));
#9467=CARTESIAN_POINT('',(162.696348977729,32.08013795277,4.));
#9468=CARTESIAN_POINT('Origin',(162.696348977729,32.08013795277,3.));
#9469=CARTESIAN_POINT('',(171.725868415342,20.0930002340437,4.));
#9470=CARTESIAN_POINT('Origin',(167.039073926861,25.9569809187172,4.));
#9471=CARTESIAN_POINT('Ctrl Pts',(171.725868415342,20.0930002340435,4.));
#9472=CARTESIAN_POINT('Ctrl Pts',(171.724349676347,20.0950164358594,4.));
#9473=CARTESIAN_POINT('Ctrl Pts',(171.722830928191,20.0970326194906,3.99999045041084));
#9474=CARTESIAN_POINT('Ctrl Pts',(171.641749160058,20.2046694696117,3.99897079386566));
#9475=CARTESIAN_POINT('Ctrl Pts',(171.563045199534,20.3090630568789,3.97177191526711));
#9476=CARTESIAN_POINT('Ctrl Pts',(171.41759342389,20.5018443889876,3.86890171503902));
#9477=CARTESIAN_POINT('Ctrl Pts',(171.352071848377,20.5886105053032,3.79494407567087));
#9478=CARTESIAN_POINT('Ctrl Pts',(171.241791035469,20.7345679620985,3.60956049828441));
#9479=CARTESIAN_POINT('Ctrl Pts',(171.198076394665,20.792379242577,3.49992354780327));
#9480=CARTESIAN_POINT('Ctrl Pts',(171.138455691533,20.8712081783118,3.25906573902349));
#9481=CARTESIAN_POINT('Ctrl Pts',(171.123114506833,20.8914810243563,3.13015690760355));
#9482=CARTESIAN_POINT('Ctrl Pts',(171.123114506834,20.8914810243569,3.));
#9483=CARTESIAN_POINT('Origin',(178.803239067076,43.5036231018411,3.));
#9484=CARTESIAN_POINT('',(178.803239067076,43.5036231018411,4.));
#9485=CARTESIAN_POINT('',(179.381743184282,42.6879436388321,3.));
#9486=CARTESIAN_POINT('Ctrl Pts',(167.668460309715,34.3805353047435,3.));
#9487=CARTESIAN_POINT('Ctrl Pts',(167.668460309715,34.3805353047435,2.));
#9488=CARTESIAN_POINT('Ctrl Pts',(167.668460309715,34.3805353047435,1.));
#9489=CARTESIAN_POINT('Ctrl Pts',(167.668460309715,34.3805353047435,1.38777878078145E-16));
#9490=CARTESIAN_POINT('Ctrl Pts',(167.92398928867,34.5617640509544,3.));
#9491=CARTESIAN_POINT('Ctrl Pts',(167.92398928867,34.5617640509544,2.));
#9492=CARTESIAN_POINT('Ctrl Pts',(167.92398928867,34.5617640509544,1.));
#9493=CARTESIAN_POINT('Ctrl Pts',(167.92398928867,34.5617640509544,1.38777878078145E-16));
#9494=CARTESIAN_POINT('Ctrl Pts',(168.204905345575,35.1007141255786,3.));
#9495=CARTESIAN_POINT('Ctrl Pts',(168.204905345575,35.1007141255786,2.));
#9496=CARTESIAN_POINT('Ctrl Pts',(168.204905345575,35.1007141255786,1.));
#9497=CARTESIAN_POINT('Ctrl Pts',(168.204905345575,35.1007141255786,1.38777878078145E-16));
#9498=CARTESIAN_POINT('Ctrl Pts',(168.01040720004,35.6522554280566,3.));
#9499=CARTESIAN_POINT('Ctrl Pts',(168.01040720004,35.6522554280566,2.));
#9500=CARTESIAN_POINT('Ctrl Pts',(168.01040720004,35.6522554280566,1.));
#9501=CARTESIAN_POINT('Ctrl Pts',(168.01040720004,35.6522554280566,1.38777878078145E-16));
#9502=CARTESIAN_POINT('Ctrl Pts',(167.860710782245,35.8333469066382,3.));
#9503=CARTESIAN_POINT('Ctrl Pts',(167.860710782245,35.8333469066382,2.));
#9504=CARTESIAN_POINT('Ctrl Pts',(167.860710782245,35.8333469066382,1.));
#9505=CARTESIAN_POINT('Ctrl Pts',(167.860710782245,35.8333469066382,1.38777878078145E-16));
#9506=CARTESIAN_POINT('',(167.668460309715,34.3805353047435,6.93889390390723E-17));
#9507=CARTESIAN_POINT('',(167.860710782244,35.8333469066382,6.93889390390723E-17));
#9508=CARTESIAN_POINT('Ctrl Pts',(167.668460309715,34.3805353047435,1.11022302462516E-15));
#9509=CARTESIAN_POINT('Ctrl Pts',(167.92398928867,34.5617640509544,1.11022302462516E-15));
#9510=CARTESIAN_POINT('Ctrl Pts',(168.084512749759,34.8697355221682,1.11022302462516E-15));
#9511=CARTESIAN_POINT('Ctrl Pts',(168.089798920255,35.1818184147221,1.11022302462516E-15));
#9512=CARTESIAN_POINT('Ctrl Pts',(168.093763548126,35.4158805841374,1.66533453693773E-15));
#9513=CARTESIAN_POINT('Ctrl Pts',(168.01040720004,35.6522554280566,1.66533453693773E-15));
#9514=CARTESIAN_POINT('Ctrl Pts',(167.860710782245,35.8333469066382,1.66533453693773E-15));
#9515=CARTESIAN_POINT('Ctrl Pts',(167.860710782245,35.8333469066382,1.38777878078145E-16));
#9516=CARTESIAN_POINT('Ctrl Pts',(167.860710782245,35.8333469066382,1.));
#9517=CARTESIAN_POINT('Ctrl Pts',(167.860710782245,35.8333469066382,2.));
#9518=CARTESIAN_POINT('Ctrl Pts',(167.860710782245,35.8333469066382,3.));
#9519=CARTESIAN_POINT('Ctrl Pts',(167.668460309715,34.3805353047435,3.));
#9520=CARTESIAN_POINT('Ctrl Pts',(167.668460309715,34.3805353047435,2.));
#9521=CARTESIAN_POINT('Ctrl Pts',(167.668460309715,34.3805353047435,1.));
#9522=CARTESIAN_POINT('Ctrl Pts',(167.668460309715,34.3805353047435,1.38777878078145E-16));
#9523=CARTESIAN_POINT('Origin',(191.284800290863,33.9647760127517,3.));
#9524=CARTESIAN_POINT('',(191.284800290863,33.9647760127517,4.));
#9525=CARTESIAN_POINT('',(190.706296173656,34.7804554757607,3.));
#9526=CARTESIAN_POINT('Ctrl Pts',(247.50188020875,17.7119223581237,3.));
#9527=CARTESIAN_POINT('Ctrl Pts',(244.446607249669,17.7176600132587,3.));
#9528=CARTESIAN_POINT('Ctrl Pts',(238.356084384923,17.7379809109322,3.));
#9529=CARTESIAN_POINT('Ctrl Pts',(229.209093208071,17.8325299072044,3.));
#9530=CARTESIAN_POINT('Ctrl Pts',(220.0761102246,17.9855693963102,3.));
#9531=CARTESIAN_POINT('Ctrl Pts',(210.946903436563,18.3405947253829,3.));
#9532=CARTESIAN_POINT('Ctrl Pts',(201.811541897964,18.6970642586144,3.));
#9533=CARTESIAN_POINT('Ctrl Pts',(194.276052305264,19.2433578501851,3.));
#9534=CARTESIAN_POINT('Ctrl Pts',(188.505760293632,20.6321170582426,3.));
#9535=CARTESIAN_POINT('Ctrl Pts',(185.826433689819,21.8084760525065,3.));
#9536=CARTESIAN_POINT('Ctrl Pts',(184.564142271512,22.5304192984503,3.));
#9537=CARTESIAN_POINT('Ctrl Pts',(247.50188020875,17.7119223581237,3.29919930034189));
#9538=CARTESIAN_POINT('Ctrl Pts',(244.446591459279,17.7176600429123,3.29919930034189));
#9539=CARTESIAN_POINT('Ctrl Pts',(238.356078962031,17.737981034676,3.29919930034188));
#9540=CARTESIAN_POINT('Ctrl Pts',(229.209048719766,17.832537760416,3.29919930034189));
#9541=CARTESIAN_POINT('Ctrl Pts',(220.07608159103,17.9855750628721,3.29919930034189));
#9542=CARTESIAN_POINT('Ctrl Pts',(210.946799667384,18.3406295903896,3.29919930034189));
#9543=CARTESIAN_POINT('Ctrl Pts',(201.811237771535,18.6971289754562,3.29919930034188));
#9544=CARTESIAN_POINT('Ctrl Pts',(194.275547146183,19.2435410370753,3.29919930034189));
#9545=CARTESIAN_POINT('Ctrl Pts',(188.50554486709,20.6322649452182,3.29919930034188));
#9546=CARTESIAN_POINT('Ctrl Pts',(185.826236664539,21.8085887373179,3.29919930034189));
#9547=CARTESIAN_POINT('Ctrl Pts',(184.564142271512,22.5304192984503,3.29919930034189));
#9548=CARTESIAN_POINT('Ctrl Pts',(247.501408249276,17.4606062742248,3.81697513952644));
#9549=CARTESIAN_POINT('Ctrl Pts',(244.447380685297,17.466341590568,3.81697513952644));
#9550=CARTESIAN_POINT('Ctrl Pts',(238.354156250182,17.4866764972274,3.81697513952643));
#9551=CARTESIAN_POINT('Ctrl Pts',(229.206273412938,17.5812095071333,3.81697513952643));
#9552=CARTESIAN_POINT('Ctrl Pts',(220.069717060005,17.7343494793255,3.81697513952644));
#9553=CARTESIAN_POINT('Ctrl Pts',(210.935191273979,18.0894403506684,3.81697513952643));
#9554=CARTESIAN_POINT('Ctrl Pts',(201.803016462554,18.4461023637436,3.81697513952643));
#9555=CARTESIAN_POINT('Ctrl Pts',(194.24507068992,18.9927509134442,3.81697513952643));
#9556=CARTESIAN_POINT('Ctrl Pts',(188.428339098953,20.3915489300373,3.81697513952643));
#9557=CARTESIAN_POINT('Ctrl Pts',(185.71720267302,21.5814319057017,3.81697513952643));
#9558=CARTESIAN_POINT('Ctrl Pts',(184.439371783085,22.3122626529185,3.81697513952643));
#9559=CARTESIAN_POINT('Ctrl Pts',(247.500423670973,16.9363232010327,4.));
#9560=CARTESIAN_POINT('Ctrl Pts',(244.448985156591,16.9420536552657,4.));
#9561=CARTESIAN_POINT('Ctrl Pts',(238.350130770011,16.9624178405886,4.));
#9562=CARTESIAN_POINT('Ctrl Pts',(229.20036545139,17.0569219215026,4.));
#9563=CARTESIAN_POINT('Ctrl Pts',(220.056363581717,17.2102702658131,4.));
#9564=CARTESIAN_POINT('Ctrl Pts',(210.91069859274,17.5655145685936,4.));
#9565=CARTESIAN_POINT('Ctrl Pts',(201.785057175632,17.9225951976525,4.));
#9566=CARTESIAN_POINT('Ctrl Pts',(194.180149457818,18.47005200375,4.));
#9567=CARTESIAN_POINT('Ctrl Pts',(188.266703650078,19.8897722915215,4.));
#9568=CARTESIAN_POINT('Ctrl Pts',(185.489217685431,21.107848187989,4.));
#9569=CARTESIAN_POINT('Ctrl Pts',(184.179081816357,21.8571551453436,4.));
#9570=CARTESIAN_POINT('Ctrl Pts',(247.500002260333,16.7119241214703,4.));
#9571=CARTESIAN_POINT('Ctrl Pts',(244.449670216808,16.7176524978045,4.));
#9572=CARTESIAN_POINT('Ctrl Pts',(238.348407244924,16.738029224687,4.));
#9573=CARTESIAN_POINT('Ctrl Pts',(229.197832067397,16.8325217419349,4.));
#9574=CARTESIAN_POINT('Ctrl Pts',(220.050645110867,16.9859590403799,4.));
#9575=CARTESIAN_POINT('Ctrl Pts',(210.90020446303,17.3412721046021,4.));
#9576=CARTESIAN_POINT('Ctrl Pts',(201.777338201975,17.6985350662551,4.));
#9577=CARTESIAN_POINT('Ctrl Pts',(194.152308958928,18.2463503568899,4.));
#9578=CARTESIAN_POINT('Ctrl Pts',(188.197499045699,19.6750218761647,4.));
#9579=CARTESIAN_POINT('Ctrl Pts',(185.391616676777,20.9051609346792,4.));
#9580=CARTESIAN_POINT('Ctrl Pts',(184.067674769402,21.6623639895279,4.));
#9581=CARTESIAN_POINT('',(184.564142271512,22.5304192984503,3.));
#9582=CARTESIAN_POINT('Ctrl Pts',(247.500002254114,17.7119258853912,3.));
#9583=CARTESIAN_POINT('Ctrl Pts',(244.445359381453,17.717664177192,3.));
#9584=CARTESIAN_POINT('Ctrl Pts',(238.355459685473,17.7379873682146,3.));
#9585=CARTESIAN_POINT('Ctrl Pts',(229.209093208071,17.8325299072044,3.));
#9586=CARTESIAN_POINT('Ctrl Pts',(220.0761102246,17.9855693963102,3.));
#9587=CARTESIAN_POINT('Ctrl Pts',(210.946903436563,18.3405947253829,3.));
#9588=CARTESIAN_POINT('Ctrl Pts',(201.811541897964,18.6970642586144,3.));
#9589=CARTESIAN_POINT('Ctrl Pts',(194.276052305264,19.2433578501851,3.));
#9590=CARTESIAN_POINT('Ctrl Pts',(188.505760293632,20.6321170582426,3.));
#9591=CARTESIAN_POINT('Ctrl Pts',(185.826433689819,21.8084760525065,3.));
#9592=CARTESIAN_POINT('Ctrl Pts',(184.564142271512,22.5304192984503,3.));
#9593=CARTESIAN_POINT('',(184.067674769402,21.6623639895279,4.));
#9594=CARTESIAN_POINT('Origin',(184.067674769402,21.6623639895279,3.));
#9595=CARTESIAN_POINT('Ctrl Pts',(184.067674769402,21.6623639895279,4.));
#9596=CARTESIAN_POINT('Ctrl Pts',(185.391616676777,20.9051609346792,4.));
#9597=CARTESIAN_POINT('Ctrl Pts',(188.197499045699,19.6750218761647,4.));
#9598=CARTESIAN_POINT('Ctrl Pts',(194.152308958928,18.2463503568899,4.));
#9599=CARTESIAN_POINT('Ctrl Pts',(201.777338201975,17.6985350662551,4.));
#9600=CARTESIAN_POINT('Ctrl Pts',(210.90020446303,17.3412721046021,4.));
#9601=CARTESIAN_POINT('Ctrl Pts',(220.050645110867,16.9859590403799,4.));
#9602=CARTESIAN_POINT('Ctrl Pts',(229.197832067397,16.8325217419349,4.));
#9603=CARTESIAN_POINT('Ctrl Pts',(238.348407244924,16.738029224687,4.));
#9604=CARTESIAN_POINT('Ctrl Pts',(244.449670216808,16.7176524978045,4.));
#9605=CARTESIAN_POINT('Ctrl Pts',(247.500002260333,16.7119241214703,4.));
#9606=CARTESIAN_POINT('Origin',(167.434265363961,31.1755218888185,3.));
#9607=CARTESIAN_POINT('',(167.434265363961,31.1755218888185,4.));
#9608=CARTESIAN_POINT('',(167.930732866071,32.0435771977409,3.));
#9609=CARTESIAN_POINT('Origin',(259.118337510273,65.5941992337438,3.));
#9610=CARTESIAN_POINT('',(323.876889903911,20.8914810243562,3.));
#9611=CARTESIAN_POINT('',(259.69684162748,66.4098786967528,3.));
#9612=CARTESIAN_POINT('',(323.274135995396,20.0930002340483,4.));
#9613=CARTESIAN_POINT('',(259.118337510273,65.5941992337438,4.));
#9614=CARTESIAN_POINT('Ctrl Pts',(323.274135995396,20.0930002340483,4.));
#9615=CARTESIAN_POINT('Ctrl Pts',(323.275654734388,20.0950164358616,4.));
#9616=CARTESIAN_POINT('Ctrl Pts',(323.277173482558,20.0970326194899,3.99999045041082));
#9617=CARTESIAN_POINT('Ctrl Pts',(323.358255250437,20.204669469698,3.99897079386638));
#9618=CARTESIAN_POINT('Ctrl Pts',(323.436959211202,20.3090630568667,3.97177191527307));
#9619=CARTESIAN_POINT('Ctrl Pts',(323.582410986852,20.5018443889897,3.86890171503864));
#9620=CARTESIAN_POINT('Ctrl Pts',(323.647932562367,20.5886105053034,3.79494407567046));
#9621=CARTESIAN_POINT('Ctrl Pts',(323.758213375274,20.7345679620985,3.60956049828429));
#9622=CARTESIAN_POINT('Ctrl Pts',(323.801928016078,20.7923792425774,3.49992354780315));
#9623=CARTESIAN_POINT('Ctrl Pts',(323.861548719212,20.8712081783107,3.25906573902431));
#9624=CARTESIAN_POINT('Ctrl Pts',(323.876889903911,20.8914810243562,3.13015690760401));
#9625=CARTESIAN_POINT('Ctrl Pts',(323.876889903911,20.8914810243557,3.));
#9626=CARTESIAN_POINT('Origin',(265.320280697267,79.5867380651405,3.));
#9627=CARTESIAN_POINT('',(331.725151315808,31.264458489761,3.));
#9628=CARTESIAN_POINT('',(332.303655433015,32.0801379527699,4.));
#9629=CARTESIAN_POINT('Origin',(332.303655433015,32.0801379527699,3.));
#9630=CARTESIAN_POINT('',(265.320280697267,79.5867380651405,4.));
#9631=CARTESIAN_POINT('',(264.74177658006,78.7710586021315,3.));
#9632=CARTESIAN_POINT('Origin',(327.960930483883,25.9569809187172,3.));
#9633=CARTESIAN_POINT('Origin',(327.960930483883,25.9569809187172,4.));
#9634=CARTESIAN_POINT('Origin',(327.960930483883,25.9569809187172,3.));
#9635=CARTESIAN_POINT('Ctrl Pts',(335.93237558652,55.514738607028,3.));
#9636=CARTESIAN_POINT('Ctrl Pts',(335.51667888716,52.4232150037891,3.));
#9637=CARTESIAN_POINT('Ctrl Pts',(334.277891858833,47.3225847188977,3.));
#9638=CARTESIAN_POINT('Ctrl Pts',(330.994572245824,40.8462241189578,3.));
#9639=CARTESIAN_POINT('Ctrl Pts',(328.47586404599,37.4502293724765,3.));
#9640=CARTESIAN_POINT('Ctrl Pts',(327.139293628499,35.8333469066381,3.));
#9641=CARTESIAN_POINT('Ctrl Pts',(335.93237558652,55.514738607028,3.29919930034189));
#9642=CARTESIAN_POINT('Ctrl Pts',(335.516711093713,52.423454522934,3.29919930034189));
#9643=CARTESIAN_POINT('Ctrl Pts',(334.277634864207,47.3222872778096,3.29919930034188));
#9644=CARTESIAN_POINT('Ctrl Pts',(330.994597163721,40.8464963855917,3.29919930034188));
#9645=CARTESIAN_POINT('Ctrl Pts',(328.475791764331,37.450141931557,3.29919930034188));
#9646=CARTESIAN_POINT('Ctrl Pts',(327.139293628499,35.8333469066381,3.29919930034188));
#9647=CARTESIAN_POINT('Ctrl Pts',(336.181462172972,55.4812455838034,3.81696102374336));
#9648=CARTESIAN_POINT('Ctrl Pts',(335.763225328449,52.3708309988991,3.81696102374336));
#9649=CARTESIAN_POINT('Ctrl Pts',(334.517313732368,47.2383575822429,3.81696102374335));
#9650=CARTESIAN_POINT('Ctrl Pts',(331.208008140613,40.7104597925082,3.81696102374335));
#9651=CARTESIAN_POINT('Ctrl Pts',(328.675277366878,37.2969965447716,3.81696102374334));
#9652=CARTESIAN_POINT('Ctrl Pts',(327.333006062774,35.6732175746535,3.81696102374334));
#9653=CARTESIAN_POINT('Ctrl Pts',(336.701058196561,55.4113789485364,4.));
#9654=CARTESIAN_POINT('Ctrl Pts',(336.277540648907,52.2616919364075,4.));
#9655=CARTESIAN_POINT('Ctrl Pts',(335.016605047084,47.0624925640612,3.99999999999999));
#9656=CARTESIAN_POINT('Ctrl Pts',(331.653250588613,40.4274072664075,3.99999999999999));
#9657=CARTESIAN_POINT('Ctrl Pts',(329.091214159601,36.9773029856359,3.99999999999998));
#9658=CARTESIAN_POINT('Ctrl Pts',(327.737091292747,35.3391868853874,3.99999999999998));
#9659=CARTESIAN_POINT('Ctrl Pts',(336.923456156373,55.3814745681392,4.));
#9660=CARTESIAN_POINT('Ctrl Pts',(336.49768181761,52.215003869752,4.));
#9661=CARTESIAN_POINT('Ctrl Pts',(335.230284555956,46.9871867033791,3.99999999999999));
#9662=CARTESIAN_POINT('Ctrl Pts',(331.843826340913,40.3062841201509,3.99999999999999));
#9663=CARTESIAN_POINT('Ctrl Pts',(329.269236035868,36.840458064891,3.99999999999998));
#9664=CARTESIAN_POINT('Ctrl Pts',(327.910048218235,35.1962147677525,3.99999999999998));
#9665=CARTESIAN_POINT('Ctrl Pts',(327.910048218235,35.1962147677525,3.99999999999998));
#9666=CARTESIAN_POINT('Ctrl Pts',(329.269236035868,36.840458064891,3.99999999999998));
#9667=CARTESIAN_POINT('Ctrl Pts',(331.843826340913,40.3062841201509,3.99999999999999));
#9668=CARTESIAN_POINT('Ctrl Pts',(335.230284555956,46.9871867033791,3.99999999999999));
#9669=CARTESIAN_POINT('Ctrl Pts',(336.49768181761,52.215003869752,4.));
#9670=CARTESIAN_POINT('Ctrl Pts',(336.923456156373,55.3814745681392,4.));
#9671=CARTESIAN_POINT('Ctrl Pts',(335.93237558652,55.514738607028,3.));
#9672=CARTESIAN_POINT('Ctrl Pts',(335.51667888716,52.4232150037891,3.));
#9673=CARTESIAN_POINT('Ctrl Pts',(334.277891858833,47.3225847188977,3.));
#9674=CARTESIAN_POINT('Ctrl Pts',(330.994572245824,40.8462241189578,3.));
#9675=CARTESIAN_POINT('Ctrl Pts',(328.47586404599,37.4502293724765,3.));
#9676=CARTESIAN_POINT('Ctrl Pts',(327.139293628499,35.8333469066381,3.));
#9677=CARTESIAN_POINT('Ctrl Pts',(327.331544101028,34.3805353047436,-1.2490009027033E-15));
#9678=CARTESIAN_POINT('Ctrl Pts',(327.331544101028,34.3805353047436,1.));
#9679=CARTESIAN_POINT('Ctrl Pts',(327.331544101028,34.3805353047436,2.));
#9680=CARTESIAN_POINT('Ctrl Pts',(327.331544101028,34.3805353047436,3.));
#9681=CARTESIAN_POINT('Ctrl Pts',(327.076015122073,34.5617640509544,-1.2490009027033E-15));
#9682=CARTESIAN_POINT('Ctrl Pts',(327.076015122073,34.5617640509544,0.999999999999998));
#9683=CARTESIAN_POINT('Ctrl Pts',(327.076015122073,34.5617640509544,2.));
#9684=CARTESIAN_POINT('Ctrl Pts',(327.076015122073,34.5617640509544,3.));
#9685=CARTESIAN_POINT('Ctrl Pts',(326.795136896611,35.1007154934217,-1.13362552123973E-15));
#9686=CARTESIAN_POINT('Ctrl Pts',(326.795136896611,35.1007154934217,1.));
#9687=CARTESIAN_POINT('Ctrl Pts',(326.795136896611,35.1007154934217,2.));
#9688=CARTESIAN_POINT('Ctrl Pts',(326.795136896611,35.1007154934217,3.));
#9689=CARTESIAN_POINT('Ctrl Pts',(326.989597210704,35.6522554280566,-8.99489523130551E-16));
#9690=CARTESIAN_POINT('Ctrl Pts',(326.989597210704,35.6522554280566,0.999999999999999));
#9691=CARTESIAN_POINT('Ctrl Pts',(326.989597210704,35.6522554280566,2.));
#9692=CARTESIAN_POINT('Ctrl Pts',(326.989597210704,35.6522554280566,3.));
#9693=CARTESIAN_POINT('Ctrl Pts',(327.139293628499,35.8333469066382,-8.01937309310888E-16));
#9694=CARTESIAN_POINT('Ctrl Pts',(327.139293628499,35.8333469066382,1.));
#9695=CARTESIAN_POINT('Ctrl Pts',(327.139293628499,35.8333469066382,2.));
#9696=CARTESIAN_POINT('Ctrl Pts',(327.139293628499,35.8333469066382,3.));
#9697=CARTESIAN_POINT('',(327.139293628499,35.8333469066382,6.93889390390723E-17));
#9698=CARTESIAN_POINT('',(327.331544101028,34.3805353047436,-4.16333634234434E-16));
#9699=CARTESIAN_POINT('Ctrl Pts',(327.139293628499,35.8333469066382,-6.63159431232744E-16));
#9700=CARTESIAN_POINT('Ctrl Pts',(326.989597210704,35.6522554280566,-7.60711645052407E-16));
#9701=CARTESIAN_POINT('Ctrl Pts',(326.906257076093,35.4158811703559,-8.61055644242054E-16));
#9702=CARTESIAN_POINT('Ctrl Pts',(326.910224020175,35.181819084686,-9.39586468945775E-16));
#9703=CARTESIAN_POINT('Ctrl Pts',(326.915513278952,34.8697363037928,-1.0442942352174E-15));
#9704=CARTESIAN_POINT('Ctrl Pts',(327.076015122073,34.5617640509544,-1.11022302462516E-15));
#9705=CARTESIAN_POINT('Ctrl Pts',(327.331544101028,34.3805353047436,-1.11022302462516E-15));
#9706=CARTESIAN_POINT('Ctrl Pts',(327.331544101028,34.3805353047436,-1.2490009027033E-15));
#9707=CARTESIAN_POINT('Ctrl Pts',(327.331544101028,34.3805353047436,1.));
#9708=CARTESIAN_POINT('Ctrl Pts',(327.331544101028,34.3805353047436,2.));
#9709=CARTESIAN_POINT('Ctrl Pts',(327.331544101028,34.3805353047436,3.));
#9710=CARTESIAN_POINT('Ctrl Pts',(327.139293628499,35.8333469066382,3.));
#9711=CARTESIAN_POINT('Ctrl Pts',(327.139293628499,35.8333469066382,2.));
#9712=CARTESIAN_POINT('Ctrl Pts',(327.139293628499,35.8333469066382,1.));
#9713=CARTESIAN_POINT('Ctrl Pts',(327.139293628499,35.8333469066382,-8.01937309310888E-16));
#9714=CARTESIAN_POINT('Origin',(256.269006060093,57.3298978085005,3.));
#9715=CARTESIAN_POINT('',(338.134530448972,56.3525095941199,3.));
#9716=CARTESIAN_POINT('',(256.293156679728,58.3296061397508,3.));
#9717=CARTESIAN_POINT('',(338.131339037395,55.3522949373292,4.));
#9718=CARTESIAN_POINT('',(256.269006060093,57.3298978085005,4.));
#9719=CARTESIAN_POINT('Ctrl Pts',(338.131339037395,55.3522949373292,4.));
#9720=CARTESIAN_POINT('Ctrl Pts',(338.131353180114,55.3556625056423,4.));
#9721=CARTESIAN_POINT('Ctrl Pts',(338.131367291645,55.3590300526393,3.9999829956973));
#9722=CARTESIAN_POINT('Ctrl Pts',(338.131926003802,55.4926553334782,3.99863349032544));
#9723=CARTESIAN_POINT('Ctrl Pts',(338.132415902643,55.6214125895857,3.97188829995358));
#9724=CARTESIAN_POINT('Ctrl Pts',(338.133243417862,55.8614157831372,3.87055194409512));
#9725=CARTESIAN_POINT('Ctrl Pts',(338.133573709145,55.9703707374524,3.79693224029419));
#9726=CARTESIAN_POINT('Ctrl Pts',(338.134080263271,56.153900896436,3.61208803007565));
#9727=CARTESIAN_POINT('Ctrl Pts',(338.134253199074,56.2267291355857,3.50263855235661));
#9728=CARTESIAN_POINT('Ctrl Pts',(338.134478266234,56.3263111713197,3.26200745332868));
#9729=CARTESIAN_POINT('Ctrl Pts',(338.13452964628,56.3521226333679,3.1331336754791));
#9730=CARTESIAN_POINT('Ctrl Pts',(338.134530445986,56.3525081550709,3.00195877747146));
#9731=CARTESIAN_POINT('Ctrl Pts',(338.134530448972,56.3525095941199,3.00097935402209));
#9732=CARTESIAN_POINT('Ctrl Pts',(338.134530448972,56.3525095941199,3.00000000000003));
#9733=CARTESIAN_POINT('Origin',(338.045366723449,60.8091377836175,3.));
#9734=CARTESIAN_POINT('',(338.270681531902,65.260959683297,3.));
#9735=CARTESIAN_POINT('Origin',(338.045366723449,60.8091377836175,3.));
#9736=CARTESIAN_POINT('',(338.294691936832,66.260959683297,4.));
#9737=CARTESIAN_POINT('Origin',(338.045366723449,60.8091377836175,4.));
#9738=CARTESIAN_POINT('Ctrl Pts',(338.294691936832,66.2609596833015,4.));
#9739=CARTESIAN_POINT('Ctrl Pts',(338.294619480928,66.2577893411454,4.00000000000001));
#9740=CARTESIAN_POINT('Ctrl Pts',(338.29454699386,66.2546190175963,3.99998492339593));
#9741=CARTESIAN_POINT('Ctrl Pts',(338.291495302367,66.1212072762725,3.99871600519684));
#9742=CARTESIAN_POINT('Ctrl Pts',(338.288494613094,65.9924521759003,3.97204363913202));
#9743=CARTESIAN_POINT('Ctrl Pts',(338.282802595828,65.7524290245125,3.87083771582921));
#9744=CARTESIAN_POINT('Ctrl Pts',(338.280166232415,65.6434510206883,3.79727517893566));
#9745=CARTESIAN_POINT('Ctrl Pts',(338.275667624186,65.4598561866227,3.61252606340731));
#9746=CARTESIAN_POINT('Ctrl Pts',(338.273849856815,65.3869845094344,3.50311603534809));
#9747=CARTESIAN_POINT('Ctrl Pts',(338.271350072399,65.2872971231551,3.26254368376488));
#9748=CARTESIAN_POINT('Ctrl Pts',(338.270693215762,65.2614216838419,3.13369091509699));
#9749=CARTESIAN_POINT('Ctrl Pts',(338.270681583572,65.2609617264585,3.00233428580699));
#9750=CARTESIAN_POINT('Ctrl Pts',(338.270681531901,65.260959683297,3.00116709373009));
#9751=CARTESIAN_POINT('Ctrl Pts',(338.270681531901,65.260959683297,3.));
#9752=CARTESIAN_POINT('Origin',(255.948856837732,66.260959683296,3.));
#9753=CARTESIAN_POINT('',(255.948856837732,66.260959683296,4.));
#9754=CARTESIAN_POINT('',(255.948856837732,65.260959683296,3.));
#9755=CARTESIAN_POINT('Ctrl Pts',(337.752011086181,77.5348048290184,3.));
#9756=CARTESIAN_POINT('Ctrl Pts',(337.645546275029,73.7987492582326,3.));
#9757=CARTESIAN_POINT('Ctrl Pts',(337.461142476869,70.0600041931792,3.));
#9758=CARTESIAN_POINT('Ctrl Pts',(337.218953937816,66.3256784078438,3.));
#9759=CARTESIAN_POINT('Ctrl Pts',(337.752011086181,77.5348048290184,3.29919930034189));
#9760=CARTESIAN_POINT('Ctrl Pts',(337.645547669437,73.7987981906814,3.29919930034189));
#9761=CARTESIAN_POINT('Ctrl Pts',(337.461140259771,70.0599700075582,3.29919930034186));
#9762=CARTESIAN_POINT('Ctrl Pts',(337.218953937816,66.3256784078438,3.29919930034186));
#9763=CARTESIAN_POINT('Ctrl Pts',(338.003238824321,77.5276456973647,3.81695930646139));
#9764=CARTESIAN_POINT('Ctrl Pts',(337.896664035629,73.7877308025431,3.81695930646139));
#9765=CARTESIAN_POINT('Ctrl Pts',(337.712120161935,70.046434689236,3.81695930646131));
#9766=CARTESIAN_POINT('Ctrl Pts',(337.469756759389,66.3094126687417,3.81695930646132));
#9767=CARTESIAN_POINT('Ctrl Pts',(338.527296887393,77.5127118341873,4.));
#9768=CARTESIAN_POINT('Ctrl Pts',(338.420493466592,73.764773797688,4.));
#9769=CARTESIAN_POINT('Ctrl Pts',(338.235655377516,70.0181097499584,3.99999999999992));
#9770=CARTESIAN_POINT('Ctrl Pts',(337.992928451572,66.2754825311246,3.99999999999992));
#9771=CARTESIAN_POINT('Ctrl Pts',(338.751605305729,77.5063198111177,4.));
#9772=CARTESIAN_POINT('Ctrl Pts',(338.644704175419,73.7549529594867,4.));
#9773=CARTESIAN_POINT('Ctrl Pts',(338.459739766958,70.005982371344,3.99999999999992));
#9774=CARTESIAN_POINT('Ctrl Pts',(338.216857483603,66.260959683297,3.99999999999992));
#9775=CARTESIAN_POINT('Ctrl Pts',(338.216857483603,66.260959683297,3.99999999999992));
#9776=CARTESIAN_POINT('Ctrl Pts',(338.459739766958,70.005982371344,3.99999999999992));
#9777=CARTESIAN_POINT('Ctrl Pts',(338.644704175419,73.7549529594867,4.));
#9778=CARTESIAN_POINT('Ctrl Pts',(338.751605305729,77.5063198111177,4.));
#9779=CARTESIAN_POINT('Ctrl Pts',(337.752011086181,77.5348048290184,3.));
#9780=CARTESIAN_POINT('Ctrl Pts',(337.645546275029,73.7987492582326,3.));
#9781=CARTESIAN_POINT('Ctrl Pts',(337.461142476869,70.0600041931792,3.));
#9782=CARTESIAN_POINT('Ctrl Pts',(337.218953937816,66.3256784078438,3.));
#9783=CARTESIAN_POINT('Ctrl Pts',(167.668460309715,131.619464695256,-4.16333634234434E-16));
#9784=CARTESIAN_POINT('Ctrl Pts',(167.668460309715,131.619464695256,1.));
#9785=CARTESIAN_POINT('Ctrl Pts',(167.668460309715,131.619464695256,2.));
#9786=CARTESIAN_POINT('Ctrl Pts',(167.668460309715,131.619464695256,3.));
#9787=CARTESIAN_POINT('Ctrl Pts',(167.92398928867,131.438235949046,-4.16333634234434E-16));
#9788=CARTESIAN_POINT('Ctrl Pts',(167.92398928867,131.438235949046,1.));
#9789=CARTESIAN_POINT('Ctrl Pts',(167.92398928867,131.438235949046,2.));
#9790=CARTESIAN_POINT('Ctrl Pts',(167.92398928867,131.438235949046,3.));
#9791=CARTESIAN_POINT('Ctrl Pts',(168.204878022827,130.899284886533,-4.16333634234434E-16));
#9792=CARTESIAN_POINT('Ctrl Pts',(168.204878022827,130.899284886533,1.));
#9793=CARTESIAN_POINT('Ctrl Pts',(168.204878022827,130.899284886533,2.));
#9794=CARTESIAN_POINT('Ctrl Pts',(168.204878022827,130.899284886533,3.));
#9795=CARTESIAN_POINT('Ctrl Pts',(168.01040720004,130.347744571943,-4.16333634234434E-16));
#9796=CARTESIAN_POINT('Ctrl Pts',(168.01040720004,130.347744571943,1.));
#9797=CARTESIAN_POINT('Ctrl Pts',(168.01040720004,130.347744571943,2.));
#9798=CARTESIAN_POINT('Ctrl Pts',(168.01040720004,130.347744571943,3.));
#9799=CARTESIAN_POINT('Ctrl Pts',(167.860710782244,130.166653093362,-4.16333634234434E-16));
#9800=CARTESIAN_POINT('Ctrl Pts',(167.860710782244,130.166653093362,1.));
#9801=CARTESIAN_POINT('Ctrl Pts',(167.860710782244,130.166653093362,2.));
#9802=CARTESIAN_POINT('Ctrl Pts',(167.860710782244,130.166653093362,3.));
#9803=CARTESIAN_POINT('',(167.860710782244,130.166653093362,-1.38777878078145E-16));
#9804=CARTESIAN_POINT('',(167.668460309715,131.619464695256,1.38777878078145E-16));
#9805=CARTESIAN_POINT('Ctrl Pts',(167.860710782244,130.166653093362,-1.38777878078145E-16));
#9806=CARTESIAN_POINT('Ctrl Pts',(168.01040720004,130.347744571943,-1.38777878078145E-16));
#9807=CARTESIAN_POINT('Ctrl Pts',(168.093751838377,130.584118992482,-1.38777878078145E-16));
#9808=CARTESIAN_POINT('Ctrl Pts',(168.089785537684,130.818181101414,-1.38777878078145E-16));
#9809=CARTESIAN_POINT('Ctrl Pts',(168.08449713676,131.130263913324,-1.38777878078145E-16));
#9810=CARTESIAN_POINT('Ctrl Pts',(167.92398928867,131.438235949046,-1.38777878078145E-16));
#9811=CARTESIAN_POINT('Ctrl Pts',(167.668460309715,131.619464695256,-1.38777878078145E-16));
#9812=CARTESIAN_POINT('Ctrl Pts',(167.668460309715,131.619464695256,-4.16333634234434E-16));
#9813=CARTESIAN_POINT('Ctrl Pts',(167.668460309715,131.619464695256,1.));
#9814=CARTESIAN_POINT('Ctrl Pts',(167.668460309715,131.619464695256,2.));
#9815=CARTESIAN_POINT('Ctrl Pts',(167.668460309715,131.619464695256,3.));
#9816=CARTESIAN_POINT('Ctrl Pts',(167.860710782244,130.166653093362,3.));
#9817=CARTESIAN_POINT('Ctrl Pts',(167.860710782244,130.166653093362,2.));
#9818=CARTESIAN_POINT('Ctrl Pts',(167.860710782244,130.166653093362,1.));
#9819=CARTESIAN_POINT('Ctrl Pts',(167.860710782244,130.166653093362,-4.16333634234434E-16));
#9820=CARTESIAN_POINT('Origin',(256.263736758603,88.5,3.));
#9821=CARTESIAN_POINT('',(339.584197603683,87.5,3.));
#9822=CARTESIAN_POINT('',(339.584197603683,88.5,4.));
#9823=CARTESIAN_POINT('Origin',(339.584197603683,88.5,3.));
#9824=CARTESIAN_POINT('',(256.263736758603,88.5,4.));
#9825=CARTESIAN_POINT('',(256.263736758603,87.5,3.));
#9826=CARTESIAN_POINT('Origin',(339.584197603683,83.0000000000001,3.));
#9827=CARTESIAN_POINT('',(339.549139132851,78.5001365683365,3.));
#9828=CARTESIAN_POINT('',(339.541348361555,77.5001669168557,4.));
#9829=CARTESIAN_POINT('Origin',(339.541348361555,77.5001669168557,3.));
#9830=CARTESIAN_POINT('Origin',(339.584197603683,83.0000000000001,4.));
#9831=CARTESIAN_POINT('Origin',(339.584197603683,83.0000000000001,3.));
#9832=CARTESIAN_POINT('Origin',(257.254244370602,78.1412663810795,3.));
#9833=CARTESIAN_POINT('',(257.254244370602,78.1412663810795,4.));
#9834=CARTESIAN_POINT('',(257.262035141898,79.1412360325603,3.));
#9835=CARTESIAN_POINT('Ctrl Pts',(337.218953937816,99.6743215921566,3.));
#9836=CARTESIAN_POINT('Ctrl Pts',(337.461006473443,95.9420928552754,3.));
#9837=CARTESIAN_POINT('Ctrl Pts',(337.645330052585,92.2054524710094,3.));
#9838=CARTESIAN_POINT('Ctrl Pts',(337.75183164676,88.4714891947945,3.));
#9839=CARTESIAN_POINT('Ctrl Pts',(337.218953937816,99.6743215921566,3.2991993003419));
#9840=CARTESIAN_POINT('Ctrl Pts',(337.46100425759,95.9421270216991,3.2991993003419));
#9841=CARTESIAN_POINT('Ctrl Pts',(337.645331446699,92.2054035931216,3.29919930034188));
#9842=CARTESIAN_POINT('Ctrl Pts',(337.75183164676,88.4714891947945,3.29919930034188));
#9843=CARTESIAN_POINT('Ctrl Pts',(337.469757922798,99.6905874067113,3.81695790760153));
#9844=CARTESIAN_POINT('Ctrl Pts',(337.711985223722,95.9556639487693,3.81695790760154));
#9845=CARTESIAN_POINT('Ctrl Pts',(337.896448816887,92.2164731378038,3.81695790760148));
#9846=CARTESIAN_POINT('Ctrl Pts',(338.003060365507,88.4786548408039,3.81695790760148));
#9847=CARTESIAN_POINT('Ctrl Pts',(337.992928451572,99.7245174688757,4.00000000000005));
#9848=CARTESIAN_POINT('Ctrl Pts',(338.235519071753,95.9839919602501,4.00000000000005));
#9849=CARTESIAN_POINT('Ctrl Pts',(338.42027674505,92.2394346829302,3.99999999999999));
#9850=CARTESIAN_POINT('Ctrl Pts',(338.527116877764,88.4936021902727,3.99999999999999));
#9851=CARTESIAN_POINT('Ctrl Pts',(338.216857483603,99.7390403167033,4.00000000000005));
#9852=CARTESIAN_POINT('Ctrl Pts',(338.459603373953,95.9961206840644,4.00000000000005));
#9853=CARTESIAN_POINT('Ctrl Pts',(338.644487309422,92.2492574845674,3.99999999999999));
#9854=CARTESIAN_POINT('Ctrl Pts',(338.751425131126,88.4999999999999,3.99999999999999));
#9855=CARTESIAN_POINT('Ctrl Pts',(338.751425131126,88.4999999999999,3.99999999999999));
#9856=CARTESIAN_POINT('Ctrl Pts',(338.644487309422,92.2492574845674,3.99999999999999));
#9857=CARTESIAN_POINT('Ctrl Pts',(338.459603373953,95.9961206840644,4.00000000000005));
#9858=CARTESIAN_POINT('Ctrl Pts',(338.216857483603,99.7390403167033,4.00000000000005));
#9859=CARTESIAN_POINT('Ctrl Pts',(337.218953937816,99.6743215921566,3.));
#9860=CARTESIAN_POINT('Ctrl Pts',(337.461006473443,95.9420928552754,3.));
#9861=CARTESIAN_POINT('Ctrl Pts',(337.645330052585,92.2054524710094,3.));
#9862=CARTESIAN_POINT('Ctrl Pts',(337.75183164676,88.4714891947945,3.));
#9863=CARTESIAN_POINT('Origin',(256.635340765951,99.7390403167031,3.));
#9864=CARTESIAN_POINT('',(338.270681531902,100.739040316703,3.));
#9865=CARTESIAN_POINT('',(256.635340765951,100.739040316703,3.));
#9866=CARTESIAN_POINT('',(338.294691936832,99.7390403167031,4.));
#9867=CARTESIAN_POINT('',(256.635340765951,99.7390403167031,4.));
#9868=CARTESIAN_POINT('Ctrl Pts',(338.294691936832,99.7390403167031,4.));
#9869=CARTESIAN_POINT('Ctrl Pts',(338.294619480928,99.7422106588588,4.));
#9870=CARTESIAN_POINT('Ctrl Pts',(338.294546993862,99.7453809824043,3.99998492339593));
#9871=CARTESIAN_POINT('Ctrl Pts',(338.293037415102,99.8113757011982,3.99935722827033));
#9872=CARTESIAN_POINT('Ctrl Pts',(338.291592285609,99.8740043718063,3.99284036469822));
#9873=CARTESIAN_POINT('Ctrl Pts',(338.288571518716,100.003776051091,3.96682413574845));
#9874=CARTESIAN_POINT('Ctrl Pts',(338.287006567078,100.070336033653,3.9460852413453));
#9875=CARTESIAN_POINT('Ctrl Pts',(338.282652530758,100.253818338895,3.86715541234486));
#9876=CARTESIAN_POINT('Ctrl Pts',(338.280027853326,100.362243292858,3.79282778665372));
#9877=CARTESIAN_POINT('Ctrl Pts',(338.275560303693,100.544474227381,3.60681382725301));
#9878=CARTESIAN_POINT('Ctrl Pts',(338.273761568625,100.61655035089,3.49691678174157));
#9879=CARTESIAN_POINT('Ctrl Pts',(338.271315072161,100.714083903719,3.25677181188744));
#9880=CARTESIAN_POINT('Ctrl Pts',(338.270681531902,100.739040316703,3.12898653671603));
#9881=CARTESIAN_POINT('Ctrl Pts',(338.270681531902,100.739040316703,3.));
#9882=CARTESIAN_POINT('Ctrl Pts',(247.498124294986,148.288077641889,3.));
#9883=CARTESIAN_POINT('Ctrl Pts',(253.608670185288,148.276602336323,3.));
#9884=CARTESIAN_POINT('Ctrl Pts',(262.742307675087,148.223404088883,3.));
#9885=CARTESIAN_POINT('Ctrl Pts',(274.92615652346,148.015529348459,3.));
#9886=CARTESIAN_POINT('Ctrl Pts',(284.053438155363,147.663035168863,3.));
#9887=CARTESIAN_POINT('Ctrl Pts',(293.188698722598,147.296357311068,3.));
#9888=CARTESIAN_POINT('Ctrl Pts',(300.724004617643,146.755629189128,3.));
#9889=CARTESIAN_POINT('Ctrl Pts',(306.494380537213,145.366789889206,3.));
#9890=CARTESIAN_POINT('Ctrl Pts',(309.17357072262,144.191523946524,3.));
#9891=CARTESIAN_POINT('Ctrl Pts',(310.435862139232,143.46958070155,3.));
#9892=CARTESIAN_POINT('Ctrl Pts',(247.498124294986,148.288077641889,3.29919930034188));
#9893=CARTESIAN_POINT('Ctrl Pts',(253.608701766007,148.276602277016,3.29919930034188));
#9894=CARTESIAN_POINT('Ctrl Pts',(262.74236988736,148.223393379494,3.29919930034189));
#9895=CARTESIAN_POINT('Ctrl Pts',(274.926295014643,148.015495140395,3.29919930034188));
#9896=CARTESIAN_POINT('Ctrl Pts',(284.053598416416,147.662984509636,3.29919930034189));
#9897=CARTESIAN_POINT('Ctrl Pts',(293.189166449199,147.296240227321,3.29919930034188));
#9898=CARTESIAN_POINT('Ctrl Pts',(300.724661861397,146.755392375731,3.29919930034189));
#9899=CARTESIAN_POINT('Ctrl Pts',(306.494670502806,145.366610585805,3.29919930034189));
#9900=CARTESIAN_POINT('Ctrl Pts',(309.1737677479,144.191411261713,3.29919930034189));
#9901=CARTESIAN_POINT('Ctrl Pts',(310.435862139232,143.46958070155,3.29919930034189));
#9902=CARTESIAN_POINT('Ctrl Pts',(247.498596282841,148.539408940528,3.81695688395167));
#9903=CARTESIAN_POINT('Ctrl Pts',(253.606651387794,148.527938312535,3.81695688395167));
#9904=CARTESIAN_POINT('Ctrl Pts',(262.744919452895,148.474751440889,3.81695688395167));
#9905=CARTESIAN_POINT('Ctrl Pts',(274.931896387095,148.266766259237,3.81695688395167));
#9906=CARTESIAN_POINT('Ctrl Pts',(284.065073112355,147.914194236349,3.81695688395167));
#9907=CARTESIAN_POINT('Ctrl Pts',(293.19707292418,147.547375368933,3.81695688395167));
#9908=CARTESIAN_POINT('Ctrl Pts',(300.754915358316,147.006282939226,3.81695688395167));
#9909=CARTESIAN_POINT('Ctrl Pts',(306.571739947202,145.60739822306,3.81695688395167));
#9910=CARTESIAN_POINT('Ctrl Pts',(309.282809293104,144.418581300561,3.81695688395167));
#9911=CARTESIAN_POINT('Ctrl Pts',(310.560640181296,143.687750554341,3.81695688395167));
#9912=CARTESIAN_POINT('Ctrl Pts',(247.499580832173,149.063676798981,3.99999999999999));
#9913=CARTESIAN_POINT('Ctrl Pts',(253.602457848019,149.052215895185,3.99999999999999));
#9914=CARTESIAN_POINT('Ctrl Pts',(262.750402191891,148.999046818504,4.));
#9915=CARTESIAN_POINT('Ctrl Pts',(274.943946702971,148.790818166391,4.));
#9916=CARTESIAN_POINT('Ctrl Pts',(284.089432507245,148.43807459821,4.));
#9917=CARTESIAN_POINT('Ctrl Pts',(293.214801831398,148.070924576314,4.));
#9918=CARTESIAN_POINT('Ctrl Pts',(300.819760262619,147.529005497292,4.));
#9919=CARTESIAN_POINT('Ctrl Pts',(306.733270412198,146.109198457944,4.));
#9920=CARTESIAN_POINT('Ctrl Pts',(309.510786727153,144.892151810958,4.));
#9921=CARTESIAN_POINT('Ctrl Pts',(310.820922594386,144.142844854656,4.));
#9922=CARTESIAN_POINT('Ctrl Pts',(247.500002242642,149.288075878544,3.99999999999999));
#9923=CARTESIAN_POINT('Ctrl Pts',(253.600666321088,149.276619130536,3.99999999999999));
#9924=CARTESIAN_POINT('Ctrl Pts',(262.752755646956,149.223456521375,4.));
#9925=CARTESIAN_POINT('Ctrl Pts',(274.949119467244,149.015121122617,4.));
#9926=CARTESIAN_POINT('Ctrl Pts',(284.099876198293,148.662302353896,4.));
#9927=CARTESIAN_POINT('Ctrl Pts',(293.222440692049,148.295003422805,4.));
#9928=CARTESIAN_POINT('Ctrl Pts',(300.847586336606,147.752717599409,4.));
#9929=CARTESIAN_POINT('Ctrl Pts',(306.802440570235,146.323961514784,4.));
#9930=CARTESIAN_POINT('Ctrl Pts',(309.608387735849,145.094839064244,4.));
#9931=CARTESIAN_POINT('Ctrl Pts',(310.932329641342,144.337636010472,4.));
#9932=CARTESIAN_POINT('',(310.435862139232,143.46958070155,3.));
#9933=CARTESIAN_POINT('Ctrl Pts',(247.500002249617,148.288074114426,3.));
#9934=CARTESIAN_POINT('Ctrl Pts',(253.609917759824,148.276595069431,3.));
#9935=CARTESIAN_POINT('Ctrl Pts',(262.742931752543,148.223393441186,3.));
#9936=CARTESIAN_POINT('Ctrl Pts',(274.92615652346,148.015529348459,3.));
#9937=CARTESIAN_POINT('Ctrl Pts',(284.053438155363,147.663035168863,3.));
#9938=CARTESIAN_POINT('Ctrl Pts',(293.188698722598,147.296357311068,3.));
#9939=CARTESIAN_POINT('Ctrl Pts',(300.724004617643,146.755629189128,3.));
#9940=CARTESIAN_POINT('Ctrl Pts',(306.494380537213,145.366789889206,3.));
#9941=CARTESIAN_POINT('Ctrl Pts',(309.17357072262,144.191523946524,3.));
#9942=CARTESIAN_POINT('Ctrl Pts',(310.435862139232,143.46958070155,3.));
#9943=CARTESIAN_POINT('',(310.932329641342,144.337636010472,4.));
#9944=CARTESIAN_POINT('Origin',(310.932329641342,144.337636010472,3.));
#9945=CARTESIAN_POINT('Ctrl Pts',(310.932329641342,144.337636010472,4.));
#9946=CARTESIAN_POINT('Ctrl Pts',(309.608387735849,145.094839064244,4.));
#9947=CARTESIAN_POINT('Ctrl Pts',(306.802440570235,146.323961514784,4.));
#9948=CARTESIAN_POINT('Ctrl Pts',(300.847586336606,147.752717599409,4.));
#9949=CARTESIAN_POINT('Ctrl Pts',(293.222440692049,148.295003422805,4.));
#9950=CARTESIAN_POINT('Ctrl Pts',(284.099876198293,148.662302353896,4.));
#9951=CARTESIAN_POINT('Ctrl Pts',(274.949119467244,149.015121122617,4.));
#9952=CARTESIAN_POINT('Ctrl Pts',(262.752755646956,149.223456521375,4.));
#9953=CARTESIAN_POINT('Ctrl Pts',(253.600666321088,149.276619130536,3.99999999999999));
#9954=CARTESIAN_POINT('Ctrl Pts',(247.500002242642,149.288075878544,3.99999999999999));
#9955=CARTESIAN_POINT('Origin',(272.935535982232,166.069169752896,3.));
#9956=CARTESIAN_POINT('',(272.935535982232,166.069169752896,4.));
#9957=CARTESIAN_POINT('',(272.439068480121,165.201114443973,3.));
#9958=CARTESIAN_POINT('Origin',(338.045366723449,105.190862216383,3.));
#9959=CARTESIAN_POINT('',(338.134530448972,109.64749040588,3.));
#9960=CARTESIAN_POINT('Origin',(338.045366723449,105.190862216383,3.));
#9961=CARTESIAN_POINT('',(338.13133903738,110.647705062671,4.));
#9962=CARTESIAN_POINT('Origin',(338.045366723449,105.190862216383,4.));
#9963=CARTESIAN_POINT('Ctrl Pts',(338.131339037382,110.647705062558,4.));
#9964=CARTESIAN_POINT('Ctrl Pts',(338.131353180101,110.644337494277,3.99999999999962));
#9965=CARTESIAN_POINT('Ctrl Pts',(338.13136729165,110.640969947321,3.99998299569693));
#9966=CARTESIAN_POINT('Ctrl Pts',(338.131494907795,110.610448418254,3.99967475337028));
#9967=CARTESIAN_POINT('Ctrl Pts',(338.13160632015,110.583316686285,3.99829497791795));
#9968=CARTESIAN_POINT('Ctrl Pts',(338.13185884484,110.520662003634,3.9925445822474));
#9969=CARTESIAN_POINT('Ctrl Pts',(338.131997992824,110.485250026647,3.98736875203746));
#9970=CARTESIAN_POINT('Ctrl Pts',(338.132391278562,110.382524986991,3.96667974251852));
#9971=CARTESIAN_POINT('Ctrl Pts',(338.132630837203,110.316450030051,3.94608469972876));
#9972=CARTESIAN_POINT('Ctrl Pts',(338.133260062438,110.1333533833,3.86746994429341));
#9973=CARTESIAN_POINT('Ctrl Pts',(338.133587717068,110.024859781761,3.79320853662807));
#9974=CARTESIAN_POINT('Ctrl Pts',(338.134089398778,109.842469130766,3.60730165849299));
#9975=CARTESIAN_POINT('Ctrl Pts',(338.134260158864,109.770306437079,3.49744186982526));
#9976=CARTESIAN_POINT('Ctrl Pts',(338.134480614066,109.672530577726,3.25716613348976));
#9977=CARTESIAN_POINT('Ctrl Pts',(338.134530448974,109.64749040588,3.12918709785204));
#9978=CARTESIAN_POINT('Ctrl Pts',(338.13453044898,109.64749040588,3.00000000000005));
#9979=CARTESIAN_POINT('Origin',(255.097259734892,108.641795535525,3.));
#9980=CARTESIAN_POINT('',(255.097259734892,108.641795535525,4.));
#9981=CARTESIAN_POINT('',(255.121410354527,107.642087204274,3.));
#9982=CARTESIAN_POINT('Origin',(267.960122364198,88.2855161012942,3.));
#9983=CARTESIAN_POINT('',(267.960122364198,88.2855161012942,4.));
#9984=CARTESIAN_POINT('',(267.381618246991,89.1011955643032,3.));
#9985=CARTESIAN_POINT('Ctrl Pts',(327.139293628499,130.166653093362,3.));
#9986=CARTESIAN_POINT('Ctrl Pts',(329.144149254738,127.741329394601,3.));
#9987=CARTESIAN_POINT('Ctrl Pts',(332.166152329515,123.399568093377,3.));
#9988=CARTESIAN_POINT('Ctrl Pts',(334.800790553812,116.655144077784,3.));
#9989=CARTESIAN_POINT('Ctrl Pts',(335.655244453613,112.546277128465,3.));
#9990=CARTESIAN_POINT('Ctrl Pts',(335.932375586521,110.485261392972,3.));
#9991=CARTESIAN_POINT('Ctrl Pts',(327.139293628499,130.166653093362,3.29919930034189));
#9992=CARTESIAN_POINT('Ctrl Pts',(329.14404083225,127.74146055598,3.29919930034189));
#9993=CARTESIAN_POINT('Ctrl Pts',(332.166213417644,123.399135481156,3.29919930034189));
#9994=CARTESIAN_POINT('Ctrl Pts',(334.800621339446,116.655294506394,3.29919930034189));
#9995=CARTESIAN_POINT('Ctrl Pts',(335.655265924649,112.546117449035,3.29919930034189));
#9996=CARTESIAN_POINT('Ctrl Pts',(335.932375586521,110.485261392972,3.29919930034189));
#9997=CARTESIAN_POINT('Ctrl Pts',(327.333008847119,130.326784726981,3.81695668926228));
#9998=CARTESIAN_POINT('Ctrl Pts',(329.346415803277,127.891116271801,3.81695668926228));
#9999=CARTESIAN_POINT('Ctrl Pts',(332.388550387295,123.522148241803,3.81695668926227));
#10000=CARTESIAN_POINT('Ctrl Pts',(335.043880860002,116.724484662885,3.81695668926227));
#10001=CARTESIAN_POINT('Ctrl Pts',(335.902641190227,112.592364620882,3.81695668926227));
#10002=CARTESIAN_POINT('Ctrl Pts',(336.181465753243,110.518754897612,3.81695668926227));
#10003=CARTESIAN_POINT('Ctrl Pts',(327.737091292747,130.660813114613,4.00000000000003));
#10004=CARTESIAN_POINT('Ctrl Pts',(329.768275593031,128.203638964237,4.00000000000003));
#10005=CARTESIAN_POINT('Ctrl Pts',(332.852498155253,123.777604689681,4.00000000000002));
#10006=CARTESIAN_POINT('Ctrl Pts',(335.550863562195,116.869210237993,4.00000000000002));
#10007=CARTESIAN_POINT('Ctrl Pts',(336.418713164791,112.688412392883,4.00000000000002));
#10008=CARTESIAN_POINT('Ctrl Pts',(336.701058196561,110.588621051464,4.00000000000002));
#10009=CARTESIAN_POINT('Ctrl Pts',(327.910048218235,130.803785232248,4.00000000000003));
#10010=CARTESIAN_POINT('Ctrl Pts',(329.948829944688,128.337420286537,4.00000000000003));
#10011=CARTESIAN_POINT('Ctrl Pts',(333.051085459444,123.88689945453,4.00000000000002));
#10012=CARTESIAN_POINT('Ctrl Pts',(335.767845990072,116.931172470894,4.00000000000002));
#10013=CARTESIAN_POINT('Ctrl Pts',(336.639606597197,112.729505897453,4.00000000000002));
#10014=CARTESIAN_POINT('Ctrl Pts',(336.923456156373,110.618525431861,4.00000000000002));
#10015=CARTESIAN_POINT('Ctrl Pts',(336.923456156373,110.618525431861,4.00000000000002));
#10016=CARTESIAN_POINT('Ctrl Pts',(336.639606597197,112.729505897453,4.00000000000002));
#10017=CARTESIAN_POINT('Ctrl Pts',(335.767845990072,116.931172470894,4.00000000000002));
#10018=CARTESIAN_POINT('Ctrl Pts',(333.051085459444,123.88689945453,4.00000000000002));
#10019=CARTESIAN_POINT('Ctrl Pts',(329.948829944688,128.337420286537,4.00000000000003));
#10020=CARTESIAN_POINT('Ctrl Pts',(327.910048218235,130.803785232248,4.00000000000003));
#10021=CARTESIAN_POINT('Ctrl Pts',(327.139293628499,130.166653093362,3.));
#10022=CARTESIAN_POINT('Ctrl Pts',(329.144149254738,127.741329394601,3.));
#10023=CARTESIAN_POINT('Ctrl Pts',(332.166152329515,123.399568093377,3.));
#10024=CARTESIAN_POINT('Ctrl Pts',(334.800790553812,116.655144077784,3.));
#10025=CARTESIAN_POINT('Ctrl Pts',(335.655244453613,112.546277128465,3.));
#10026=CARTESIAN_POINT('Ctrl Pts',(335.932375586521,110.485261392972,3.));
#10027=CARTESIAN_POINT('Ctrl Pts',(327.331544101028,131.619464695256,3.));
#10028=CARTESIAN_POINT('Ctrl Pts',(327.331544101028,131.619464695256,2.));
#10029=CARTESIAN_POINT('Ctrl Pts',(327.331544101028,131.619464695256,0.999999999999999));
#10030=CARTESIAN_POINT('Ctrl Pts',(327.331544101028,131.619464695256,-2.63677968348475E-15));
#10031=CARTESIAN_POINT('Ctrl Pts',(327.076015122074,131.438235949046,3.));
#10032=CARTESIAN_POINT('Ctrl Pts',(327.076015122074,131.438235949046,2.));
#10033=CARTESIAN_POINT('Ctrl Pts',(327.076015122074,131.438235949046,0.999999999999999));
#10034=CARTESIAN_POINT('Ctrl Pts',(327.076015122074,131.438235949046,-2.63677968348475E-15));
#10035=CARTESIAN_POINT('Ctrl Pts',(326.795147391904,130.899284127108,3.));
#10036=CARTESIAN_POINT('Ctrl Pts',(326.795147391904,130.899284127108,2.));
#10037=CARTESIAN_POINT('Ctrl Pts',(326.795147391904,130.899284127108,1.));
#10038=CARTESIAN_POINT('Ctrl Pts',(326.795147391904,130.899284127108,-2.44448295327005E-15));
#10039=CARTESIAN_POINT('Ctrl Pts',(326.989597210704,130.347744571943,3.));
#10040=CARTESIAN_POINT('Ctrl Pts',(326.989597210704,130.347744571943,2.));
#10041=CARTESIAN_POINT('Ctrl Pts',(326.989597210704,130.347744571943,0.999999999999998));
#10042=CARTESIAN_POINT('Ctrl Pts',(326.989597210704,130.347744571943,-2.05426071753013E-15));
#10043=CARTESIAN_POINT('Ctrl Pts',(327.139293628499,130.166653093362,3.));
#10044=CARTESIAN_POINT('Ctrl Pts',(327.139293628499,130.166653093362,2.));
#10045=CARTESIAN_POINT('Ctrl Pts',(327.139293628499,130.166653093362,0.999999999999999));
#10046=CARTESIAN_POINT('Ctrl Pts',(327.139293628499,130.166653093362,-1.89167369449735E-15));
#10047=CARTESIAN_POINT('',(327.331544101028,131.619464695256,-2.08166817117217E-16));
#10048=CARTESIAN_POINT('',(327.139293628499,130.166653093362,1.38777878078145E-16));
#10049=CARTESIAN_POINT('Ctrl Pts',(327.331544101028,131.619464695256,-5.55111512312578E-16));
#10050=CARTESIAN_POINT('Ctrl Pts',(327.076015122074,131.438235949046,-5.55111512312579E-16));
#10051=CARTESIAN_POINT('Ctrl Pts',(326.915519276263,131.130263479367,-4.45227666475609E-16));
#10052=CARTESIAN_POINT('Ctrl Pts',(326.910229160727,130.818180729451,-2.70715084140604E-16));
#10053=CARTESIAN_POINT('Ctrl Pts',(326.906261574076,130.584118667014,1.30884436751251E-16));
#10054=CARTESIAN_POINT('Ctrl Pts',(326.989597210704,130.347744571943,2.98122537782646E-16));
#10055=CARTESIAN_POINT('Ctrl Pts',(327.139293628499,130.166653093362,4.60709560815426E-16));
#10056=CARTESIAN_POINT('Ctrl Pts',(327.139293628499,130.166653093362,-1.89167369449735E-15));
#10057=CARTESIAN_POINT('Ctrl Pts',(327.139293628499,130.166653093362,0.999999999999999));
#10058=CARTESIAN_POINT('Ctrl Pts',(327.139293628499,130.166653093362,2.));
#10059=CARTESIAN_POINT('Ctrl Pts',(327.139293628499,130.166653093362,3.));
#10060=CARTESIAN_POINT('Ctrl Pts',(327.331544101028,131.619464695256,3.));
#10061=CARTESIAN_POINT('Ctrl Pts',(327.331544101028,131.619464695256,2.));
#10062=CARTESIAN_POINT('Ctrl Pts',(327.331544101028,131.619464695256,0.999999999999999));
#10063=CARTESIAN_POINT('Ctrl Pts',(327.331544101028,131.619464695256,-2.63677968348475E-15));
#10064=CARTESIAN_POINT('Origin',(168.554536428798,130.99103317737,4.));
#10065=CARTESIAN_POINT('',(163.274853094936,134.735541510239,0.));
#10066=CARTESIAN_POINT('',(182.021584851213,121.439802194733,0.));
#10067=CARTESIAN_POINT('',(163.274853094936,134.735541510239,4.));
#10068=CARTESIAN_POINT('Ctrl Pts',(158.939862968466,109.435350907359,0.));
#10069=CARTESIAN_POINT('Ctrl Pts',(158.939862968466,109.435350907359,4.));
#10070=CARTESIAN_POINT('Ctrl Pts',(158.946754739682,109.496522521302,0.));
#10071=CARTESIAN_POINT('Ctrl Pts',(158.946754739682,109.496522521302,4.));
#10072=CARTESIAN_POINT('Ctrl Pts',(158.953646510898,109.557694135244,0.));
#10073=CARTESIAN_POINT('Ctrl Pts',(158.953646510898,109.557694135244,4.));
#10074=CARTESIAN_POINT('Ctrl Pts',(158.960538282113,109.618865749187,0.));
#10075=CARTESIAN_POINT('Ctrl Pts',(158.960538282113,109.618865749187,4.));
#10076=CARTESIAN_POINT('Ctrl Pts',(159.25117116323,112.198533855683,0.));
#10077=CARTESIAN_POINT('Ctrl Pts',(159.25117116323,112.198533855683,4.));
#10078=CARTESIAN_POINT('Ctrl Pts',(159.772054114897,114.872685016946,0.));
#10079=CARTESIAN_POINT('Ctrl Pts',(159.772054114897,114.872685016946,4.));
#10080=CARTESIAN_POINT('Ctrl Pts',(160.719245955879,117.729261909715,0.));
#10081=CARTESIAN_POINT('Ctrl Pts',(160.719245955879,117.729261909715,4.));
#10082=CARTESIAN_POINT('Ctrl Pts',(161.868585024635,121.19548203927,0.));
#10083=CARTESIAN_POINT('Ctrl Pts',(161.868585024635,121.19548203927,4.));
#10084=CARTESIAN_POINT('Ctrl Pts',(163.679756663603,124.943112720728,0.));
#10085=CARTESIAN_POINT('Ctrl Pts',(163.679756663603,124.943112720728,4.));
#10086=CARTESIAN_POINT('Ctrl Pts',(167.251169231059,129.416529837899,0.));
#10087=CARTESIAN_POINT('Ctrl Pts',(167.251169231059,129.416529837899,4.));
#10088=CARTESIAN_POINT('Ctrl Pts',(167.759749997714,130.053558986464,0.));
#10089=CARTESIAN_POINT('Ctrl Pts',(167.759749997714,130.053558986464,4.));
#10090=CARTESIAN_POINT('Ctrl Pts',(168.303341975156,130.70505956448,0.));
#10091=CARTESIAN_POINT('Ctrl Pts',(168.303341975156,130.70505956448,4.));
#10092=CARTESIAN_POINT('Ctrl Pts',(168.882805072367,131.371399075611,0.));
#10093=CARTESIAN_POINT('Ctrl Pts',(168.882805072367,131.371399075611,4.));
#10094=CARTESIAN_POINT('Ctrl Pts',(167.860710782248,130.166653093366,0.));
#10095=CARTESIAN_POINT('Ctrl Pts',(167.652192840942,129.914403755285,0.));
#10096=CARTESIAN_POINT('Ctrl Pts',(167.44904074774,129.664376260849,0.));
#10097=CARTESIAN_POINT('Ctrl Pts',(167.251169231059,129.416529837899,0.));
#10098=CARTESIAN_POINT('Ctrl Pts',(163.679756663603,124.943112720728,0.));
#10099=CARTESIAN_POINT('Ctrl Pts',(161.868585024635,121.19548203927,0.));
#10100=CARTESIAN_POINT('Ctrl Pts',(160.719245955879,117.729261909715,0.));
#10101=CARTESIAN_POINT('Ctrl Pts',(159.877594650453,115.190978146253,0.));
#10102=CARTESIAN_POINT('Ctrl Pts',(159.378410247529,112.796533305069,0.));
#10103=CARTESIAN_POINT('Ctrl Pts',(159.067628824537,110.485261395306,0.));
#10104=CARTESIAN_POINT('Origin',(156.865473961772,109.64749040588,0.));
#10105=CARTESIAN_POINT('',(156.865473961772,109.64749040588,0.));
#10106=CARTESIAN_POINT('',(156.865473961772,109.64749040588,0.));
#10107=CARTESIAN_POINT('',(156.865473961772,109.64749040588,0.));
#10108=CARTESIAN_POINT('Origin',(156.954637687295,105.190862216383,0.));
#10109=CARTESIAN_POINT('',(156.729322878842,100.739040316703,0.));
#10110=CARTESIAN_POINT('',(156.729322878842,100.739040316703,0.));
#10111=CARTESIAN_POINT('Origin',(156.954637687295,105.190862216383,0.));
#10112=CARTESIAN_POINT('Origin',(158.102290735322,100.739040316703,0.));
#10113=CARTESIAN_POINT('',(156.729322878842,100.739040316703,0.));
#10114=CARTESIAN_POINT('Ctrl Pts',(157.219715236448,87.3862508779557,0.));
#10115=CARTESIAN_POINT('Ctrl Pts',(157.219715236448,87.3862508779557,4.));
#10116=CARTESIAN_POINT('Ctrl Pts',(157.220666814042,87.4261600128008,0.));
#10117=CARTESIAN_POINT('Ctrl Pts',(157.220666814042,87.4261600128008,4.));
#10118=CARTESIAN_POINT('Ctrl Pts',(157.2216301515,87.4661078276743,0.));
#10119=CARTESIAN_POINT('Ctrl Pts',(157.2216301515,87.4661078276743,4.));
#10120=CARTESIAN_POINT('Ctrl Pts',(157.222605183489,87.5060942132806,0.));
#10121=CARTESIAN_POINT('Ctrl Pts',(157.222605183489,87.5060942132806,4.));
#10122=CARTESIAN_POINT('Ctrl Pts',(157.32010838238,91.50473277391,0.));
#10123=CARTESIAN_POINT('Ctrl Pts',(157.32010838238,91.50473277391,4.));
#10124=CARTESIAN_POINT('Ctrl Pts',(157.518695051632,95.8351664115827,0.));
#10125=CARTESIAN_POINT('Ctrl Pts',(157.518695051632,95.8351664115827,4.));
#10126=CARTESIAN_POINT('Ctrl Pts',(157.852865212512,100.755978692388,0.));
#10127=CARTESIAN_POINT('Ctrl Pts',(157.852865212512,100.755978692388,4.));
#10128=CARTESIAN_POINT('Ctrl Pts',(157.780960008804,99.6741858504438,0.));
#10129=CARTESIAN_POINT('Ctrl Pts',(157.514987714274,95.5828381176763,0.));
#10130=CARTESIAN_POINT('Ctrl Pts',(157.344275504527,91.9005503676653,0.));
#10131=CARTESIAN_POINT('Ctrl Pts',(157.247918533014,88.4706371964486,0.));
#10132=CARTESIAN_POINT('Origin',(155.415806807104,87.5000000000004,0.));
#10133=CARTESIAN_POINT('',(155.415806807104,87.5000000000004,0.));
#10134=CARTESIAN_POINT('',(155.415806807104,87.5000000000004,0.));
#10135=CARTESIAN_POINT('',(155.415806807104,87.5000000000004,0.));
#10136=CARTESIAN_POINT('Origin',(155.415806807104,83.0000000000004,0.));
#10137=CARTESIAN_POINT('',(155.415806807104,78.4999999999997,0.));
#10138=CARTESIAN_POINT('',(155.415806807104,78.4999999999997,0.));
#10139=CARTESIAN_POINT('Origin',(155.415806807104,83.0000000000004,0.));
#10140=CARTESIAN_POINT('Origin',(157.47253089358,78.4999999999997,0.));
#10141=CARTESIAN_POINT('',(155.415806807104,78.4999999999997,0.));
#10142=CARTESIAN_POINT('Ctrl Pts',(157.852865212512,65.2440213076125,0.));
#10143=CARTESIAN_POINT('Ctrl Pts',(157.852865212512,65.2440213076125,4.));
#10144=CARTESIAN_POINT('Ctrl Pts',(157.518695051632,70.1648335884174,0.));
#10145=CARTESIAN_POINT('Ctrl Pts',(157.518695051632,70.1648335884174,4.));
#10146=CARTESIAN_POINT('Ctrl Pts',(157.32010838238,74.49526722609,0.));
#10147=CARTESIAN_POINT('Ctrl Pts',(157.32010838238,74.49526722609,4.));
#10148=CARTESIAN_POINT('Ctrl Pts',(157.222605183489,78.4939057867195,0.));
#10149=CARTESIAN_POINT('Ctrl Pts',(157.222605183489,78.4939057867195,4.));
#10150=CARTESIAN_POINT('Ctrl Pts',(157.2216301515,78.5338921723258,0.));
#10151=CARTESIAN_POINT('Ctrl Pts',(157.2216301515,78.5338921723258,4.));
#10152=CARTESIAN_POINT('Ctrl Pts',(157.220666814042,78.5738399871993,0.));
#10153=CARTESIAN_POINT('Ctrl Pts',(157.220666814042,78.5738399871993,4.));
#10154=CARTESIAN_POINT('Ctrl Pts',(157.219715236448,78.6137491220444,0.));
#10155=CARTESIAN_POINT('Ctrl Pts',(157.219715236448,78.6137491220444,4.));
#10156=CARTESIAN_POINT('Ctrl Pts',(157.247918533013,77.5293628035833,0.));
#10157=CARTESIAN_POINT('Ctrl Pts',(157.344275504526,74.0994496323472,0.));
#10158=CARTESIAN_POINT('Ctrl Pts',(157.514987714274,70.4171618823142,0.));
#10159=CARTESIAN_POINT('Ctrl Pts',(157.780960008806,66.3258141495193,0.));
#10160=CARTESIAN_POINT('Origin',(156.729322878842,65.260959683297,0.));
#10161=CARTESIAN_POINT('',(156.729322878842,65.260959683297,0.));
#10162=CARTESIAN_POINT('',(156.729322878842,65.260959683297,0.));
#10163=CARTESIAN_POINT('',(156.729322878842,65.260959683297,0.));
#10164=CARTESIAN_POINT('Origin',(156.954637687295,60.8091377836175,0.));
#10165=CARTESIAN_POINT('',(156.865473961772,56.3525095941199,0.));
#10166=CARTESIAN_POINT('',(156.865473961772,56.3525095941199,0.));
#10167=CARTESIAN_POINT('Origin',(156.954637687295,60.8091377836175,0.));
#10168=CARTESIAN_POINT('Origin',(159.208966612174,56.4091229060724,0.));
#10169=CARTESIAN_POINT('',(156.865473961772,56.3525095941199,0.));
#10170=CARTESIAN_POINT('Ctrl Pts',(168.882805072367,34.6286009243894,0.));
#10171=CARTESIAN_POINT('Ctrl Pts',(168.882805072367,34.6286009243894,4.));
#10172=CARTESIAN_POINT('Ctrl Pts',(165.46581949872,38.5578804723737,0.));
#10173=CARTESIAN_POINT('Ctrl Pts',(165.46581949872,38.5578804723737,4.));
#10174=CARTESIAN_POINT('Ctrl Pts',(163.362485652096,41.9449797060772,0.));
#10175=CARTESIAN_POINT('Ctrl Pts',(163.362485652096,41.9449797060772,4.));
#10176=CARTESIAN_POINT('Ctrl Pts',(161.976845047807,45.0328865661519,0.));
#10177=CARTESIAN_POINT('Ctrl Pts',(161.976845047807,45.0328865661519,4.));
#10178=CARTESIAN_POINT('Ctrl Pts',(160.616532776094,48.0643491132698,0.));
#10179=CARTESIAN_POINT('Ctrl Pts',(160.616532776094,48.0643491132698,4.));
#10180=CARTESIAN_POINT('Ctrl Pts',(159.880745721059,50.8325178638031,0.));
#10181=CARTESIAN_POINT('Ctrl Pts',(159.880745721059,50.8325178638031,4.));
#10182=CARTESIAN_POINT('Ctrl Pts',(159.389472266093,53.4961979626449,0.));
#10183=CARTESIAN_POINT('Ctrl Pts',(159.389472266093,53.4961979626449,4.));
#10184=CARTESIAN_POINT('Ctrl Pts',(159.20924954623,54.4733638717879,0.));
#10185=CARTESIAN_POINT('Ctrl Pts',(159.20924954623,54.4733638717879,4.));
#10186=CARTESIAN_POINT('Ctrl Pts',(159.067189666145,55.4344926566354,0.));
#10187=CARTESIAN_POINT('Ctrl Pts',(159.067189666145,55.4344926566354,4.));
#10188=CARTESIAN_POINT('Ctrl Pts',(158.960538282113,56.3811342508129,0.));
#10189=CARTESIAN_POINT('Ctrl Pts',(158.960538282113,56.3811342508129,4.));
#10190=CARTESIAN_POINT('Ctrl Pts',(158.953646510898,56.4423058647558,0.));
#10191=CARTESIAN_POINT('Ctrl Pts',(158.953646510898,56.4423058647558,4.));
#10192=CARTESIAN_POINT('Ctrl Pts',(158.946754739682,56.5034774786985,0.));
#10193=CARTESIAN_POINT('Ctrl Pts',(158.946754739682,56.5034774786985,4.));
#10194=CARTESIAN_POINT('Ctrl Pts',(158.939862968466,56.5646490926416,0.));
#10195=CARTESIAN_POINT('Ctrl Pts',(158.939862968466,56.5646490926416,4.));
#10196=CARTESIAN_POINT('Ctrl Pts',(159.067560130967,55.5147678342288,0.));
#10197=CARTESIAN_POINT('Ctrl Pts',(159.156978430639,54.8493389617144,0.));
#10198=CARTESIAN_POINT('Ctrl Pts',(159.2639724501,54.1766567964977,0.));
#10199=CARTESIAN_POINT('Ctrl Pts',(159.389472266093,53.4961979626449,0.));
#10200=CARTESIAN_POINT('Ctrl Pts',(159.880745721059,50.8325178638031,0.));
#10201=CARTESIAN_POINT('Ctrl Pts',(160.616532776094,48.0643491132698,0.));
#10202=CARTESIAN_POINT('Ctrl Pts',(161.976845047807,45.0328865661519,0.));
#10203=CARTESIAN_POINT('Ctrl Pts',(163.218927622142,42.2648994775841,0.));
#10204=CARTESIAN_POINT('Ctrl Pts',(165.037695112991,39.2565036477461,0.));
#10205=CARTESIAN_POINT('Ctrl Pts',(167.86240276517,35.8326804291452,0.));
#10206=CARTESIAN_POINT('Origin',(163.274853094936,31.2644584897609,4.));
#10207=CARTESIAN_POINT('',(163.274853094936,31.2644584897609,0.));
#10208=CARTESIAN_POINT('',(163.274853094936,31.2644584897609,4.));
#10209=CARTESIAN_POINT('',(179.381743184282,42.6879436388321,0.));
#10210=CARTESIAN_POINT('Origin',(167.039073926861,25.9569809187172,4.));
#10211=CARTESIAN_POINT('',(171.123114506833,20.8914810243562,0.));
#10212=CARTESIAN_POINT('',(171.123114506833,20.8914810243562,0.));
#10213=CARTESIAN_POINT('Origin',(167.039073926861,25.9569809187172,0.));
#10214=CARTESIAN_POINT('Origin',(178.402667246562,26.0543561761008,0.));
#10215=CARTESIAN_POINT('',(178.402667246562,26.0543561761008,0.));
#10216=CARTESIAN_POINT('Origin',(184.564142271512,22.5304192984503,0.));
#10217=CARTESIAN_POINT('',(184.564142271512,22.5304192984503,0.));
#10218=CARTESIAN_POINT('',(184.564142271512,22.5304192984503,0.));
#10219=CARTESIAN_POINT('',(184.5,22.5671042342949,0.));
#10220=CARTESIAN_POINT('Ctrl Pts',(247.500002254108,17.7119258820052,0.));
#10221=CARTESIAN_POINT('Ctrl Pts',(247.500002254108,17.7119258820052,4.));
#10222=CARTESIAN_POINT('Ctrl Pts',(247.346655309404,17.7122134005709,0.));
#10223=CARTESIAN_POINT('Ctrl Pts',(247.346655309404,17.7122134005709,4.));
#10224=CARTESIAN_POINT('Ctrl Pts',(246.653928336341,17.7133827276454,0.));
#10225=CARTESIAN_POINT('Ctrl Pts',(246.653928336341,17.7133827276454,4.));
#10226=CARTESIAN_POINT('Ctrl Pts',(244.343208975726,17.7175843443778,0.));
#10227=CARTESIAN_POINT('Ctrl Pts',(244.343208975726,17.7175843443778,4.));
#10228=CARTESIAN_POINT('Ctrl Pts',(238.834740268548,17.7345857790728,0.));
#10229=CARTESIAN_POINT('Ctrl Pts',(238.834740268548,17.7345857790728,4.));
#10230=CARTESIAN_POINT('Ctrl Pts',(229.634537521389,17.8122103317287,0.));
#10231=CARTESIAN_POINT('Ctrl Pts',(229.634537521389,17.8122103317287,4.));
#10232=CARTESIAN_POINT('Ctrl Pts',(219.617244457301,17.9852833505887,0.));
#10233=CARTESIAN_POINT('Ctrl Pts',(219.617244457301,17.9852833505887,4.));
#10234=CARTESIAN_POINT('Ctrl Pts',(211.965827192415,18.2904946842154,0.));
#10235=CARTESIAN_POINT('Ctrl Pts',(211.965827192415,18.2904946842154,4.));
#10236=CARTESIAN_POINT('Ctrl Pts',(205.447521940512,18.5731608117853,0.));
#10237=CARTESIAN_POINT('Ctrl Pts',(205.447521940512,18.5731608117853,4.));
#10238=CARTESIAN_POINT('Ctrl Pts',(197.913055439146,18.8714210189672,0.));
#10239=CARTESIAN_POINT('Ctrl Pts',(197.913055439146,18.8714210189672,4.));
#10240=CARTESIAN_POINT('Ctrl Pts',(192.364177763362,19.598731127119,0.));
#10241=CARTESIAN_POINT('Ctrl Pts',(192.364177763362,19.598731127119,4.));
#10242=CARTESIAN_POINT('Ctrl Pts',(188.809419334905,20.534260432357,0.));
#10243=CARTESIAN_POINT('Ctrl Pts',(188.809419334905,20.534260432357,4.));
#10244=CARTESIAN_POINT('Ctrl Pts',(186.588344109291,21.4527493237742,0.));
#10245=CARTESIAN_POINT('Ctrl Pts',(186.588344109291,21.4527493237742,4.));
#10246=CARTESIAN_POINT('Ctrl Pts',(185.218925986696,22.1559283735535,0.));
#10247=CARTESIAN_POINT('Ctrl Pts',(185.218925986696,22.1559283735535,4.));
#10248=CARTESIAN_POINT('Ctrl Pts',(184.564142271512,22.5304192984503,0.));
#10249=CARTESIAN_POINT('Ctrl Pts',(184.564142271512,22.5304192984503,4.));
#10250=CARTESIAN_POINT('',(247.500002254108,17.7119258819996,0.));
#10251=CARTESIAN_POINT('',(247.500002254108,17.7119258819996,0.));
#10252=CARTESIAN_POINT('Ctrl Pts',(247.500002254108,17.7119258820052,0.));
#10253=CARTESIAN_POINT('Ctrl Pts',(247.346655309405,17.7122134005709,0.));
#10254=CARTESIAN_POINT('Ctrl Pts',(246.653928336341,17.7133827276454,0.));
#10255=CARTESIAN_POINT('Ctrl Pts',(244.343208975726,17.7175843443778,0.));
#10256=CARTESIAN_POINT('Ctrl Pts',(238.834740268548,17.7345857790728,0.));
#10257=CARTESIAN_POINT('Ctrl Pts',(229.634537521389,17.8122103317287,0.));
#10258=CARTESIAN_POINT('Ctrl Pts',(219.617244457301,17.9852833505887,0.));
#10259=CARTESIAN_POINT('Ctrl Pts',(211.965827192415,18.2904946842154,0.));
#10260=CARTESIAN_POINT('Ctrl Pts',(205.447521940512,18.5731608117853,0.));
#10261=CARTESIAN_POINT('Ctrl Pts',(197.913055439146,18.8714210189672,0.));
#10262=CARTESIAN_POINT('Ctrl Pts',(192.364177763362,19.598731127119,0.));
#10263=CARTESIAN_POINT('Ctrl Pts',(188.809419334905,20.534260432357,0.));
#10264=CARTESIAN_POINT('Ctrl Pts',(186.588344109291,21.4527493237742,0.));
#10265=CARTESIAN_POINT('Ctrl Pts',(185.218925986696,22.1559283735535,0.));
#10266=CARTESIAN_POINT('Ctrl Pts',(184.564142271512,22.5304192984503,0.));
#10267=CARTESIAN_POINT('Ctrl Pts',(310.435862139231,22.5304192984502,0.));
#10268=CARTESIAN_POINT('Ctrl Pts',(310.435862139231,22.5304192984502,4.));
#10269=CARTESIAN_POINT('Ctrl Pts',(309.78107842384,22.155928373435,0.));
#10270=CARTESIAN_POINT('Ctrl Pts',(309.78107842384,22.155928373435,4.));
#10271=CARTESIAN_POINT('Ctrl Pts',(308.411660300704,21.4527493232621,0.));
#10272=CARTESIAN_POINT('Ctrl Pts',(308.411660300704,21.4527493232621,4.));
#10273=CARTESIAN_POINT('Ctrl Pts',(306.190585073882,20.5342604307764,0.));
#10274=CARTESIAN_POINT('Ctrl Pts',(306.190585073882,20.5342604307764,4.));
#10275=CARTESIAN_POINT('Ctrl Pts',(302.635826643547,19.5987311235563,0.));
#10276=CARTESIAN_POINT('Ctrl Pts',(302.635826643547,19.5987311235563,4.));
#10277=CARTESIAN_POINT('Ctrl Pts',(297.086948965969,18.8714210131032,0.));
#10278=CARTESIAN_POINT('Ctrl Pts',(297.086948965969,18.8714210131032,4.));
#10279=CARTESIAN_POINT('Ctrl Pts',(289.552482465215,18.573160805378,0.));
#10280=CARTESIAN_POINT('Ctrl Pts',(289.552482465215,18.573160805378,4.));
#10281=CARTESIAN_POINT('Ctrl Pts',(283.034177211795,18.2904946772565,0.));
#10282=CARTESIAN_POINT('Ctrl Pts',(283.034177211795,18.2904946772565,4.));
#10283=CARTESIAN_POINT('Ctrl Pts',(275.382759951143,17.9852833431338,0.));
#10284=CARTESIAN_POINT('Ctrl Pts',(275.382759951143,17.9852833431338,4.));
#10285=CARTESIAN_POINT('Ctrl Pts',(265.365466888937,17.8122103259427,0.));
#10286=CARTESIAN_POINT('Ctrl Pts',(265.365466888937,17.8122103259427,4.));
#10287=CARTESIAN_POINT('Ctrl Pts',(256.165264285365,17.734585776911,0.));
#10288=CARTESIAN_POINT('Ctrl Pts',(256.165264285365,17.734585776911,4.));
#10289=CARTESIAN_POINT('Ctrl Pts',(250.656795654256,17.7175843435329,0.));
#10290=CARTESIAN_POINT('Ctrl Pts',(250.656795654256,17.7175843435329,4.));
#10291=CARTESIAN_POINT('Ctrl Pts',(248.346076266206,17.7133827273726,0.));
#10292=CARTESIAN_POINT('Ctrl Pts',(248.346076266206,17.7133827273726,4.));
#10293=CARTESIAN_POINT('Ctrl Pts',(247.653349227255,17.7122134005017,0.));
#10294=CARTESIAN_POINT('Ctrl Pts',(247.653349227255,17.7122134005017,4.));
#10295=CARTESIAN_POINT('Ctrl Pts',(247.500002254108,17.7119258819996,0.));
#10296=CARTESIAN_POINT('Ctrl Pts',(247.500002254108,17.7119258819996,4.));
#10297=CARTESIAN_POINT('',(310.435862139231,22.5304192984502,0.));
#10298=CARTESIAN_POINT('',(310.435862139231,22.5304192984502,0.));
#10299=CARTESIAN_POINT('Ctrl Pts',(310.435862139231,22.5304192984502,0.));
#10300=CARTESIAN_POINT('Ctrl Pts',(309.78107842384,22.155928373435,0.));
#10301=CARTESIAN_POINT('Ctrl Pts',(308.411660300704,21.4527493232621,0.));
#10302=CARTESIAN_POINT('Ctrl Pts',(306.190585073882,20.5342604307764,0.));
#10303=CARTESIAN_POINT('Ctrl Pts',(302.635826643547,19.5987311235563,0.));
#10304=CARTESIAN_POINT('Ctrl Pts',(297.086948965969,18.8714210131032,0.));
#10305=CARTESIAN_POINT('Ctrl Pts',(289.552482465215,18.573160805378,0.));
#10306=CARTESIAN_POINT('Ctrl Pts',(283.034177211795,18.2904946772565,0.));
#10307=CARTESIAN_POINT('Ctrl Pts',(275.382759951143,17.9852833431338,0.));
#10308=CARTESIAN_POINT('Ctrl Pts',(265.365466888937,17.8122103259427,0.));
#10309=CARTESIAN_POINT('Ctrl Pts',(256.165264285365,17.734585776911,0.));
#10310=CARTESIAN_POINT('Ctrl Pts',(250.656795654256,17.7175843435329,0.));
#10311=CARTESIAN_POINT('Ctrl Pts',(248.346076266206,17.7133827273726,0.));
#10312=CARTESIAN_POINT('Ctrl Pts',(247.653349227255,17.7122134005017,0.));
#10313=CARTESIAN_POINT('Ctrl Pts',(247.500002254108,17.7119258819996,0.));
#10314=CARTESIAN_POINT('Origin',(316.597337164182,26.0543561761008,0.));
#10315=CARTESIAN_POINT('',(310.435862139232,22.5304192984504,0.));
#10316=CARTESIAN_POINT('Origin',(323.876889903911,20.8914810243562,0.));
#10317=CARTESIAN_POINT('',(323.876889903911,20.8914810243562,0.));
#10318=CARTESIAN_POINT('',(323.876889903911,20.8914810243562,0.));
#10319=CARTESIAN_POINT('',(316.597337164182,26.0543561761008,0.));
#10320=CARTESIAN_POINT('Origin',(175.,83.,0.));
#10321=CARTESIAN_POINT('',(14.0348,182.985440265221,0.));
#10322=CARTESIAN_POINT('',(-17.,151.,0.));
#10323=CARTESIAN_POINT('Origin',(15.,151.,0.));
#10324=CARTESIAN_POINT('',(335.9652,182.985440265221,0.));
#10325=CARTESIAN_POINT('',(14.0348,182.985440265221,0.));
#10326=CARTESIAN_POINT('',(367.,151.,0.));
#10327=CARTESIAN_POINT('Origin',(335.,151.,0.));
#10328=CARTESIAN_POINT('',(367.,15.,0.));
#10329=CARTESIAN_POINT('',(367.,15.,0.));
#10330=CARTESIAN_POINT('',(335.9652,-16.9854402652207,0.));
#10331=CARTESIAN_POINT('Origin',(335.,15.,0.));
#10332=CARTESIAN_POINT('',(14.0348,-16.9854402652207,0.));
#10333=CARTESIAN_POINT('',(14.0348,-16.9854402652207,0.));
#10334=CARTESIAN_POINT('',(-17.,15.,0.));
#10335=CARTESIAN_POINT('Origin',(15.,15.,0.));
#10336=CARTESIAN_POINT('',(-17.,151.,0.));
#10337=CARTESIAN_POINT('',(318.25,173.,0.));
#10338=CARTESIAN_POINT('Origin',(315.,173.,0.));
#10339=CARTESIAN_POINT('',(38.25,-6.99999999999996,0.));
#10340=CARTESIAN_POINT('Origin',(35.,-6.99999999999996,0.));
#10341=CARTESIAN_POINT('',(158.25,173.,0.));
#10342=CARTESIAN_POINT('Origin',(155.,173.,0.));
#10343=CARTESIAN_POINT('',(198.25,-7.00000000000002,0.));
#10344=CARTESIAN_POINT('Origin',(195.,-7.00000000000002,0.));
#10345=CARTESIAN_POINT('',(158.25,-7.,0.));
#10346=CARTESIAN_POINT('Origin',(155.,-7.,0.));
#10347=CARTESIAN_POINT('',(198.25,173.,0.));
#10348=CARTESIAN_POINT('Origin',(195.,173.,0.));
#10349=CARTESIAN_POINT('',(38.25,173.,0.));
#10350=CARTESIAN_POINT('Origin',(35.,173.,0.));
#10351=CARTESIAN_POINT('',(318.25,-6.99999999999996,0.));
#10352=CARTESIAN_POINT('Origin',(315.,-6.99999999999996,0.));
#10353=CARTESIAN_POINT('',(137.440443349275,101.26619649951,0.));
#10354=CARTESIAN_POINT('',(136.817537699179,100.063981092683,0.));
#10355=CARTESIAN_POINT('Origin',(137.7824634926,100.326503878724,0.));
#10356=CARTESIAN_POINT('',(140.945088916401,102.541783167597,0.));
#10357=CARTESIAN_POINT('',(140.945088916401,102.541783167597,0.));
#10358=CARTESIAN_POINT('',(137.86690762647,110.999016754671,0.));
#10359=CARTESIAN_POINT('',(139.405998271436,106.770399961134,0.));
#10360=CARTESIAN_POINT('',(134.362262059344,109.723430086584,0.));
#10361=CARTESIAN_POINT('',(137.86690762647,110.999016754671,0.));
#10362=CARTESIAN_POINT('',(133.112319479818,110.243984484531,0.));
#10363=CARTESIAN_POINT('Origin',(134.020241916018,110.663122707369,0.));
#10364=CARTESIAN_POINT('',(15.0824027738124,110.243984484531,0.));
#10365=CARTESIAN_POINT('Origin',(74.0973611268153,83.0000000000001,0.));
#10366=CARTESIAN_POINT('',(13.8324601942867,109.723430086584,0.));
#10367=CARTESIAN_POINT('Origin',(14.1744803376124,110.663122707369,0.));
#10368=CARTESIAN_POINT('',(10.3278146271601,110.999016754671,0.));
#10369=CARTESIAN_POINT('',(10.3278146271601,110.999016754671,0.));
#10370=CARTESIAN_POINT('',(7.24963333722911,102.541783167597,0.));
#10371=CARTESIAN_POINT('',(8.78872398219462,106.770399961134,0.));
#10372=CARTESIAN_POINT('',(10.7542789043557,101.26619649951,0.));
#10373=CARTESIAN_POINT('',(7.24963333722911,102.541783167597,0.));
#10374=CARTESIAN_POINT('',(11.377184554451,100.063981092683,0.));
#10375=CARTESIAN_POINT('Origin',(10.41225876103,100.326503878724,0.));
#10376=CARTESIAN_POINT('',(46.8533766422848,23.9850416469972,0.));
#10377=CARTESIAN_POINT('Origin',(74.0973611268153,83.0000000000001,0.));
#10378=CARTESIAN_POINT('',(47.3739310402318,22.7350990674715,0.));
#10379=CARTESIAN_POINT('Origin',(46.4342384194459,23.0771192107972,0.));
#10380=CARTESIAN_POINT('',(46.0983443721447,19.2304535003449,0.));
#10381=CARTESIAN_POINT('',(46.0983443721447,19.2304535003449,0.));
#10382=CARTESIAN_POINT('',(54.5555779592179,16.1522722104139,0.));
#10383=CARTESIAN_POINT('',(50.3269611656813,17.6913628553794,0.));
#10384=CARTESIAN_POINT('',(55.831164627305,19.6569177775405,0.));
#10385=CARTESIAN_POINT('',(54.5555779592179,16.1522722104139,0.));
#10386=CARTESIAN_POINT('',(57.0333800341322,20.2798234276358,0.));
#10387=CARTESIAN_POINT('Origin',(56.7708572480909,19.3148976342148,0.));
#10388=CARTESIAN_POINT('',(91.1613422194984,20.2798234276358,0.));
#10389=CARTESIAN_POINT('Origin',(74.0973611268153,83.0000000000001,0.));
#10390=CARTESIAN_POINT('',(92.3635576263256,19.6569177775405,0.));
#10391=CARTESIAN_POINT('Origin',(91.4238650055397,19.3148976342148,0.));
#10392=CARTESIAN_POINT('',(93.6391442944126,16.1522722104139,0.));
#10393=CARTESIAN_POINT('',(93.6391442944126,16.1522722104139,0.));
#10394=CARTESIAN_POINT('',(102.096377881486,19.2304535003449,0.));
#10395=CARTESIAN_POINT('',(97.8677610879492,17.6913628553794,0.));
#10396=CARTESIAN_POINT('',(100.820791213399,22.7350990674715,0.));
#10397=CARTESIAN_POINT('',(102.096377881486,19.2304535003449,0.));
#10398=CARTESIAN_POINT('',(101.341345611346,23.9850416469972,0.));
#10399=CARTESIAN_POINT('Origin',(101.760483834185,23.0771192107972,0.));
#10400=CARTESIAN_POINT('Origin',(74.0973611268153,83.0000000000001,0.));
#10401=CARTESIAN_POINT('',(331.725151315808,31.264458489761,0.));
#10402=CARTESIAN_POINT('Origin',(327.960930483883,25.9569809187172,0.));
#10403=CARTESIAN_POINT('',(264.74177658006,78.7710586021315,0.));
#10404=CARTESIAN_POINT('Ctrl Pts',(327.139293628496,35.8333469066345,0.));
#10405=CARTESIAN_POINT('Ctrl Pts',(327.347811569803,36.0855962447163,0.));
#10406=CARTESIAN_POINT('Ctrl Pts',(327.550963663006,36.3356237391544,0.));
#10407=CARTESIAN_POINT('Ctrl Pts',(327.748835179688,36.5834701621061,0.));
#10408=CARTESIAN_POINT('Ctrl Pts',(331.320247747138,41.0568872792701,0.));
#10409=CARTESIAN_POINT('Ctrl Pts',(333.131419386105,44.8045179607231,0.));
#10410=CARTESIAN_POINT('Ctrl Pts',(334.28075845486,48.2707380902736,0.));
#10411=CARTESIAN_POINT('Ctrl Pts',(335.122409760289,50.8090218537404,0.));
#10412=CARTESIAN_POINT('Ctrl Pts',(335.621594163214,53.2034666949274,0.));
#10413=CARTESIAN_POINT('Ctrl Pts',(335.932375586207,55.5147386046945,0.));
#10414=CARTESIAN_POINT('',(338.134530448972,56.3525095941199,0.));
#10415=CARTESIAN_POINT('',(338.134530448972,56.3525095941199,0.));
#10416=CARTESIAN_POINT('',(338.270681531902,65.260959683297,0.));
#10417=CARTESIAN_POINT('Origin',(338.045366723449,60.8091377836175,0.));
#10418=CARTESIAN_POINT('',(338.270681531902,65.260959683297,0.));
#10419=CARTESIAN_POINT('Ctrl Pts',(337.21904504122,66.3258163230076,0.));
#10420=CARTESIAN_POINT('Ctrl Pts',(337.485184463578,70.4196787651391,0.));
#10421=CARTESIAN_POINT('Ctrl Pts',(337.655970897677,74.1040612822656,0.));
#10422=CARTESIAN_POINT('Ctrl Pts',(337.752270902641,77.5356760437333,0.));
#10423=CARTESIAN_POINT('',(339.549139132851,78.5001365683365,0.));
#10424=CARTESIAN_POINT('',(339.549139132851,78.5001365683365,0.));
#10425=CARTESIAN_POINT('',(339.584197603683,87.5,0.));
#10426=CARTESIAN_POINT('Origin',(339.584197603683,83.0000000000001,0.));
#10427=CARTESIAN_POINT('',(339.584197603683,87.5,0.));
#10428=CARTESIAN_POINT('Ctrl Pts',(337.752085877773,88.4706371964483,0.));
#10429=CARTESIAN_POINT('Ctrl Pts',(337.65572890626,91.9005503676651,0.));
#10430=CARTESIAN_POINT('Ctrl Pts',(337.485016696513,95.5828381176762,0.));
#10431=CARTESIAN_POINT('Ctrl Pts',(337.219044401983,99.6741858504438,0.));
#10432=CARTESIAN_POINT('',(338.270681531902,100.739040316703,0.));
#10433=CARTESIAN_POINT('',(338.270681531902,100.739040316703,0.));
#10434=CARTESIAN_POINT('',(338.134530448972,109.64749040588,0.));
#10435=CARTESIAN_POINT('Origin',(338.045366723449,105.190862216383,0.));
#10436=CARTESIAN_POINT('',(338.134530448972,109.64749040588,0.));
#10437=CARTESIAN_POINT('Ctrl Pts',(335.932444279777,110.485232165771,0.));
#10438=CARTESIAN_POINT('Ctrl Pts',(335.843025980107,111.150661038269,0.));
#10439=CARTESIAN_POINT('Ctrl Pts',(335.736031960649,111.823343203469,0.));
#10440=CARTESIAN_POINT('Ctrl Pts',(335.61053214466,112.503802037305,0.));
#10441=CARTESIAN_POINT('Ctrl Pts',(335.119258689698,115.167482136147,0.));
#10442=CARTESIAN_POINT('Ctrl Pts',(334.383471634667,117.93565088668,0.));
#10443=CARTESIAN_POINT('Ctrl Pts',(333.02315936296,120.967113433796,0.));
#10444=CARTESIAN_POINT('Ctrl Pts',(331.781076788624,123.735100522379,0.));
#10445=CARTESIAN_POINT('Ctrl Pts',(329.96230929777,126.743496352233,0.));
#10446=CARTESIAN_POINT('Ctrl Pts',(327.137601645573,130.167319570855,0.));
#10447=CARTESIAN_POINT('',(331.725151315808,134.735541510239,0.));
#10448=CARTESIAN_POINT('',(267.381618246991,89.1011955643032,0.));
#10449=CARTESIAN_POINT('',(323.876889903911,145.108518975644,0.));
#10450=CARTESIAN_POINT('Origin',(327.960930483883,140.043019081283,0.));
#10451=CARTESIAN_POINT('',(316.597337164182,139.945643823899,0.));
#10452=CARTESIAN_POINT('',(310.435862139232,143.46958070155,0.));
#10453=CARTESIAN_POINT('',(310.435862139232,143.46958070155,0.));
#10454=CARTESIAN_POINT('',(247.500002249623,148.288074118009,0.));
#10455=CARTESIAN_POINT('Ctrl Pts',(247.500002249623,148.288074118009,0.));
#10456=CARTESIAN_POINT('Ctrl Pts',(247.653349221462,148.287786599508,0.));
#10457=CARTESIAN_POINT('Ctrl Pts',(248.346076257382,148.286617272643,0.));
#10458=CARTESIAN_POINT('Ctrl Pts',(250.656795644176,148.282415656498,0.));
#10459=CARTESIAN_POINT('Ctrl Pts',(256.165264278795,148.265414223144,0.));
#10460=CARTESIAN_POINT('Ctrl Pts',(265.365466888937,148.187789674057,0.));
#10461=CARTESIAN_POINT('Ctrl Pts',(275.382759951142,148.014716656865,0.));
#10462=CARTESIAN_POINT('Ctrl Pts',(283.034177211795,147.709505322744,0.));
#10463=CARTESIAN_POINT('Ctrl Pts',(289.552482465215,147.426839194622,0.));
#10464=CARTESIAN_POINT('Ctrl Pts',(297.08694896597,147.128578986897,0.));
#10465=CARTESIAN_POINT('Ctrl Pts',(302.635826643549,146.401268876447,0.));
#10466=CARTESIAN_POINT('Ctrl Pts',(306.190585073884,145.465739569227,0.));
#10467=CARTESIAN_POINT('Ctrl Pts',(308.411660300704,144.547250676738,0.));
#10468=CARTESIAN_POINT('Ctrl Pts',(309.78107842384,143.844071626565,0.));
#10469=CARTESIAN_POINT('Ctrl Pts',(310.435862139232,143.46958070155,0.));
#10470=CARTESIAN_POINT('',(184.564142271512,143.46958070155,0.));
#10471=CARTESIAN_POINT('Ctrl Pts',(184.564142271533,143.469580701565,0.));
#10472=CARTESIAN_POINT('Ctrl Pts',(185.218925986717,143.844071626462,0.));
#10473=CARTESIAN_POINT('Ctrl Pts',(186.588344109312,144.547250676241,0.));
#10474=CARTESIAN_POINT('Ctrl Pts',(188.809419334925,145.465739567659,0.));
#10475=CARTESIAN_POINT('Ctrl Pts',(192.364177763385,146.401268872901,0.));
#10476=CARTESIAN_POINT('Ctrl Pts',(197.913055439172,147.128578981058,0.));
#10477=CARTESIAN_POINT('Ctrl Pts',(205.447521940538,147.426839188237,0.));
#10478=CARTESIAN_POINT('Ctrl Pts',(211.965827192443,147.709505315802,0.));
#10479=CARTESIAN_POINT('Ctrl Pts',(219.617244457325,148.014716649428,0.));
#10480=CARTESIAN_POINT('Ctrl Pts',(229.634537521412,148.187789668287,0.));
#10481=CARTESIAN_POINT('Ctrl Pts',(238.834740261967,148.265414220887,0.));
#10482=CARTESIAN_POINT('Ctrl Pts',(244.343208965618,148.282415655607,0.));
#10483=CARTESIAN_POINT('Ctrl Pts',(246.653928327495,148.286617272355,0.));
#10484=CARTESIAN_POINT('Ctrl Pts',(247.346655303605,148.287786599435,0.));
#10485=CARTESIAN_POINT('Ctrl Pts',(247.500002249623,148.288074118003,0.));
#10486=CARTESIAN_POINT('',(184.564142271512,143.46958070155,0.));
#10487=CARTESIAN_POINT('',(171.123114506833,145.108518975644,0.));
#10488=CARTESIAN_POINT('',(178.402667246562,139.945643823899,0.));
#10489=CARTESIAN_POINT('Origin',(167.039073926861,140.043019081283,0.));
#10490=CARTESIAN_POINT('Origin',(327.960930483883,25.9569809187172,4.));
#10491=CARTESIAN_POINT('',(331.725151315808,31.264458489761,4.));
#10492=CARTESIAN_POINT('Origin',(175.,83.,4.));
#10493=CARTESIAN_POINT('',(146.637570267705,64.8566411116899,4.));
#10494=CARTESIAN_POINT('',(175.,11.8319212832288,4.));
#10495=CARTESIAN_POINT('Ctrl Pts',(146.637063956806,64.8566058604678,4.));
#10496=CARTESIAN_POINT('Ctrl Pts',(147.091605740726,58.3280532246494,4.));
#10497=CARTESIAN_POINT('Ctrl Pts',(147.78543286977,51.7280266526412,4.));
#10498=CARTESIAN_POINT('Ctrl Pts',(148.665909556151,45.5837457029717,4.));
#10499=CARTESIAN_POINT('Ctrl Pts',(150.020460851938,36.1312027216663,4.));
#10500=CARTESIAN_POINT('Ctrl Pts',(151.093489096972,32.5589761151467,4.));
#10501=CARTESIAN_POINT('Ctrl Pts',(151.647270979549,30.8074909597941,4.));
#10502=CARTESIAN_POINT('Ctrl Pts',(152.553690236781,27.9406946208087,4.));
#10503=CARTESIAN_POINT('Ctrl Pts',(153.933466329788,24.6514193444854,4.));
#10504=CARTESIAN_POINT('Ctrl Pts',(156.542735157466,21.5321963738971,4.));
#10505=CARTESIAN_POINT('Ctrl Pts',(158.479310422696,19.2171378458142,4.));
#10506=CARTESIAN_POINT('Ctrl Pts',(160.872714093733,17.2611554306599,4.));
#10507=CARTESIAN_POINT('Ctrl Pts',(163.472314798863,15.7358836445898,4.));
#10508=CARTESIAN_POINT('Ctrl Pts',(167.058926891745,13.6314996051283,4.));
#10509=CARTESIAN_POINT('Ctrl Pts',(170.894311784327,12.4342342128032,4.));
#10510=CARTESIAN_POINT('Ctrl Pts',(175.,11.8319212832288,4.));
#10511=CARTESIAN_POINT('',(184.455052011921,11.1283607763625,4.));
#10512=CARTESIAN_POINT('Ctrl Pts',(175.,11.8319212832288,4.));
#10513=CARTESIAN_POINT('Ctrl Pts',(176.580521140886,11.6000555719,4.));
#10514=CARTESIAN_POINT('Ctrl Pts',(178.217580227961,11.4491387058038,4.));
#10515=CARTESIAN_POINT('Ctrl Pts',(179.879058953664,11.3437711703055,4.));
#10516=CARTESIAN_POINT('Ctrl Pts',(181.135155851547,11.2641121097171,4.));
#10517=CARTESIAN_POINT('Ctrl Pts',(181.685888081538,11.2428853080388,4.));
#10518=CARTESIAN_POINT('Ctrl Pts',(184.455052011921,11.1283607763625,4.));
#10519=CARTESIAN_POINT('',(247.500002216165,9.9554491591635,4.));
#10520=CARTESIAN_POINT('',(207.434860009973,10.700835912363,4.));
#10521=CARTESIAN_POINT('',(310.544952397306,11.1283607762997,4.));
#10522=CARTESIAN_POINT('',(243.464257649066,9.88036667162176,4.));
#10523=CARTESIAN_POINT('',(346.825,49.2789735390363,4.));
#10524=CARTESIAN_POINT('Ctrl Pts',(310.544952397306,11.1283607762997,4.));
#10525=CARTESIAN_POINT('Ctrl Pts',(315.900505751998,11.3498508199475,4.));
#10526=CARTESIAN_POINT('Ctrl Pts',(320.522166501544,11.5409892090828,4.));
#10527=CARTESIAN_POINT('Ctrl Pts',(325.253120186271,12.9920667253128,4.));
#10528=CARTESIAN_POINT('Ctrl Pts',(329.149092832162,14.1870389628447,4.));
#10529=CARTESIAN_POINT('Ctrl Pts',(332.393362356735,15.9995120225071,4.));
#10530=CARTESIAN_POINT('Ctrl Pts',(335.063241275594,18.1829194545355,4.));
#10531=CARTESIAN_POINT('Ctrl Pts',(338.342473648287,20.86465167966,4.));
#10532=CARTESIAN_POINT('Ctrl Pts',(340.181241436435,23.6799311490844,4.));
#10533=CARTESIAN_POINT('Ctrl Pts',(341.24518973966,25.6804288956782,4.));
#10534=CARTESIAN_POINT('Ctrl Pts',(342.742772991255,28.49627240149,4.));
#10535=CARTESIAN_POINT('Ctrl Pts',(343.7212730357,31.6263666635329,4.));
#10536=CARTESIAN_POINT('Ctrl Pts',(344.558909433195,35.4181120625607,4.));
#10537=CARTESIAN_POINT('Ctrl Pts',(345.421709861452,39.3237679818845,4.));
#10538=CARTESIAN_POINT('Ctrl Pts',(346.183806233511,44.2226391242471,4.));
#10539=CARTESIAN_POINT('Ctrl Pts',(346.825,49.2789735390363,4.));
#10540=CARTESIAN_POINT('',(346.825,116.721026460964,4.));
#10541=CARTESIAN_POINT('',(346.825,99.860513230482,4.));
#10542=CARTESIAN_POINT('',(310.544952399238,154.871639223621,4.));
#10543=CARTESIAN_POINT('Ctrl Pts',(346.825,116.721026460964,4.));
#10544=CARTESIAN_POINT('Ctrl Pts',(345.306906019428,128.69243236043,4.));
#10545=CARTESIAN_POINT('Ctrl Pts',(343.864750073342,133.670221917469,4.));
#10546=CARTESIAN_POINT('Ctrl Pts',(343.15221883093,135.809152515744,4.));
#10547=CARTESIAN_POINT('Ctrl Pts',(342.147857457294,138.824121047546,4.));
#10548=CARTESIAN_POINT('Ctrl Pts',(340.688965371221,141.902524184045,4.));
#10549=CARTESIAN_POINT('Ctrl Pts',(338.162932979233,144.813803174151,4.));
#10550=CARTESIAN_POINT('Ctrl Pts',(336.114710991583,147.174400630712,4.));
#10551=CARTESIAN_POINT('Ctrl Pts',(333.620884210253,149.126460476005,4.));
#10552=CARTESIAN_POINT('Ctrl Pts',(330.891098909358,150.629878072961,4.));
#10553=CARTESIAN_POINT('Ctrl Pts',(327.178607517118,152.674516853091,4.));
#10554=CARTESIAN_POINT('Ctrl Pts',(323.628963350823,153.560890419246,4.));
#10555=CARTESIAN_POINT('Ctrl Pts',(320.980529806164,154.013325691664,4.));
#10556=CARTESIAN_POINT('Ctrl Pts',(317.684671992729,154.576361275728,4.));
#10557=CARTESIAN_POINT('Ctrl Pts',(314.318332422132,154.715583247585,4.));
#10558=CARTESIAN_POINT('Ctrl Pts',(310.544952399253,154.87163922362,4.));
#10559=CARTESIAN_POINT('',(247.500002216211,156.044550840836,4.));
#10560=CARTESIAN_POINT('',(215.09022740293,156.647514302295,4.));
#10561=CARTESIAN_POINT('',(184.455052013429,154.8716392237,4.));
#10562=CARTESIAN_POINT('',(179.060829763607,154.771283113942,4.));
#10563=CARTESIAN_POINT('',(175.,154.168078716771,4.));
#10564=CARTESIAN_POINT('Ctrl Pts',(184.455052013429,154.8716392237,4.));
#10565=CARTESIAN_POINT('Ctrl Pts',(181.685888083992,154.757114692063,4.));
#10566=CARTESIAN_POINT('Ctrl Pts',(181.135155861058,154.735887890875,4.));
#10567=CARTESIAN_POINT('Ctrl Pts',(179.879058954463,154.656228829745,4.));
#10568=CARTESIAN_POINT('Ctrl Pts',(178.217580228453,154.550861294243,4.));
#10569=CARTESIAN_POINT('Ctrl Pts',(176.580521141138,154.399944428137,4.));
#10570=CARTESIAN_POINT('Ctrl Pts',(175.,154.168078716771,4.));
#10571=CARTESIAN_POINT('',(146.637570267705,101.14335888831,4.));
#10572=CARTESIAN_POINT('Ctrl Pts',(175.,154.168078716771,4.));
#10573=CARTESIAN_POINT('Ctrl Pts',(170.781574851319,153.549227046595,4.));
#10574=CARTESIAN_POINT('Ctrl Pts',(167.204037444182,152.358580931042,4.));
#10575=CARTESIAN_POINT('Ctrl Pts',(163.984324128704,150.55748668704,4.));
#10576=CARTESIAN_POINT('Ctrl Pts',(160.809464102444,148.781483186567,4.));
#10577=CARTESIAN_POINT('Ctrl Pts',(158.14866765473,146.503385570664,4.));
#10578=CARTESIAN_POINT('Ctrl Pts',(156.16456436214,144.003802363121,4.));
#10579=CARTESIAN_POINT('Ctrl Pts',(153.767822432077,140.984374945418,4.));
#10580=CARTESIAN_POINT('Ctrl Pts',(152.557125181204,137.88641981938,4.));
#10581=CARTESIAN_POINT('Ctrl Pts',(151.938551928655,136.078154363596,4.));
#10582=CARTESIAN_POINT('Ctrl Pts',(151.278407963985,134.148365899194,4.));
#10583=CARTESIAN_POINT('Ctrl Pts',(150.041875210933,130.325794466809,4.));
#10584=CARTESIAN_POINT('Ctrl Pts',(148.536135736003,119.496934064691,4.));
#10585=CARTESIAN_POINT('Ctrl Pts',(147.72109903618,113.635416324117,4.));
#10586=CARTESIAN_POINT('Ctrl Pts',(147.071170446411,107.37617198151,4.));
#10587=CARTESIAN_POINT('Ctrl Pts',(146.637095109655,101.143391980188,4.));
#10588=CARTESIAN_POINT('',(143.688388515077,100.874882014889,4.));
#10589=CARTESIAN_POINT('Ctrl Pts',(146.637570267705,101.14335888831,4.));
#10590=CARTESIAN_POINT('Ctrl Pts',(146.609449286777,100.741438753231,4.));
#10591=CARTESIAN_POINT('Ctrl Pts',(146.409601516127,100.352620867111,4.));
#10592=CARTESIAN_POINT('Ctrl Pts',(146.101261923629,100.095837684705,4.));
#10593=CARTESIAN_POINT('Ctrl Pts',(145.792922331131,99.839054502298,4.));
#10594=CARTESIAN_POINT('Ctrl Pts',(145.376090916785,99.7143060236049,4.));
#10595=CARTESIAN_POINT('Ctrl Pts',(144.97581484396,99.7576622295876,4.));
#10596=CARTESIAN_POINT('Ctrl Pts',(144.775676807547,99.7793403325789,4.));
#10597=CARTESIAN_POINT('Ctrl Pts',(144.579677606515,99.8430446067391,4.));
#10598=CARTESIAN_POINT('Ctrl Pts',(144.404671879468,99.9426467306626,4.));
#10599=CARTESIAN_POINT('Ctrl Pts',(144.054660425373,100.14185097851,4.));
#10600=CARTESIAN_POINT('Ctrl Pts',(143.788622867216,100.48464662541,4.));
#10601=CARTESIAN_POINT('Ctrl Pts',(143.688388515077,100.874882014889,4.));
#10602=CARTESIAN_POINT('',(143.688388515077,65.1251179851116,4.));
#10603=CARTESIAN_POINT('Origin',(74.0973611268153,83.0000000000001,4.));
#10604=CARTESIAN_POINT('Ctrl Pts',(143.688388515077,65.1251179851116,4.));
#10605=CARTESIAN_POINT('Ctrl Pts',(143.788622867216,65.5153533745907,4.));
#10606=CARTESIAN_POINT('Ctrl Pts',(144.055393498617,65.8616988132773,4.));
#10607=CARTESIAN_POINT('Ctrl Pts',(144.40503267474,66.05858596349,4.));
#10608=CARTESIAN_POINT('Ctrl Pts',(144.754671850864,66.2554731137028,4.));
#10609=CARTESIAN_POINT('Ctrl Pts',(145.18717957171,66.3029019754416,4.));
#10610=CARTESIAN_POINT('Ctrl Pts',(145.5730483356,66.1879799959802,4.));
#10611=CARTESIAN_POINT('Ctrl Pts',(145.765982717544,66.1305190062495,4.));
#10612=CARTESIAN_POINT('Ctrl Pts',(145.94725736025,66.0324703062188,4.));
#10613=CARTESIAN_POINT('Ctrl Pts',(146.101400748844,65.9029032107107,4.));
#10614=CARTESIAN_POINT('Ctrl Pts',(146.409687526033,65.6437690196947,4.));
#10615=CARTESIAN_POINT('Ctrl Pts',(146.609449286777,65.2585612467693,4.));
#10616=CARTESIAN_POINT('Ctrl Pts',(146.637570267705,64.8566411116899,4.));
#10617=CARTESIAN_POINT('',(137.7824634926,100.326503878724,4.));
#10618=CARTESIAN_POINT('',(142.226801680513,101.944110690137,4.));
#10619=CARTESIAN_POINT('',(153.182426656924,105.931632079334,4.));
#10620=CARTESIAN_POINT('',(101.760483834185,23.0771192107972,4.));
#10621=CARTESIAN_POINT('Origin',(74.0973611268153,83.0000000000001,4.));
#10622=CARTESIAN_POINT('',(103.378090645597,18.6327810228847,4.));
#10623=CARTESIAN_POINT('',(96.2563383638274,38.1996346039971,4.));
#10624=CARTESIAN_POINT('',(93.0414718169524,14.8705594463024,4.));
#10625=CARTESIAN_POINT('',(144.87372579755,33.7359570701658,4.));
#10626=CARTESIAN_POINT('',(91.4238650055397,19.3148976342148,4.));
#10627=CARTESIAN_POINT('',(86.7159349601449,32.2498291263089,4.));
#10628=CARTESIAN_POINT('',(56.7708572480909,19.3148976342148,4.));
#10629=CARTESIAN_POINT('Origin',(74.0973611268153,83.0000000000001,4.));
#10630=CARTESIAN_POINT('',(55.1532504366781,14.8705594463023,4.));
#10631=CARTESIAN_POINT('',(74.0783692526184,66.8668960535941,4.));
#10632=CARTESIAN_POINT('',(44.8166316080331,18.6327810228847,4.));
#10633=CARTESIAN_POINT('',(96.6488855886312,-0.232616600978863,4.));
#10634=CARTESIAN_POINT('',(46.4342384194459,23.0771192107972,4.));
#10635=CARTESIAN_POINT('',(62.9455349990109,68.4415337290705,4.));
#10636=CARTESIAN_POINT('',(10.41225876103,100.326503878724,4.));
#10637=CARTESIAN_POINT('Origin',(74.0973611268153,83.0000000000001,4.));
#10638=CARTESIAN_POINT('',(5.96792057311758,101.944110690137,4.));
#10639=CARTESIAN_POINT('',(86.2991518368271,72.7059336281925,4.));
#10640=CARTESIAN_POINT('',(9.73014214969989,112.280729518782,4.));
#10641=CARTESIAN_POINT('',(12.981169306011,121.212853220781,4.));
#10642=CARTESIAN_POINT('',(14.1744803376124,110.663122707369,4.));
#10643=CARTESIAN_POINT('',(87.8737895123034,83.8387678818,4.));
#10644=CARTESIAN_POINT('',(134.020241916018,110.663122707369,4.));
#10645=CARTESIAN_POINT('Origin',(74.0973611268153,83.0000000000001,4.));
#10646=CARTESIAN_POINT('',(138.464580103931,112.280729518782,4.));
#10647=CARTESIAN_POINT('',(147.232621179236,115.472035483017,4.));
#10648=CARTESIAN_POINT('',(145.477828836824,93.0119869881383,4.));
#10649=CARTESIAN_POINT('Origin',(167.039073926861,140.043019081283,4.));
#10650=CARTESIAN_POINT('',(171.123114506833,145.108518975644,0.));
#10651=CARTESIAN_POINT('Origin',(331.725151315808,134.735541510239,4.));
#10652=CARTESIAN_POINT('',(331.725151315808,134.735541510239,4.));
#10653=CARTESIAN_POINT('Origin',(327.960930483883,140.043019081283,4.));
#10654=CARTESIAN_POINT('',(323.876889903911,145.108518975644,0.));
#10655=CARTESIAN_POINT('Origin',(326.445467981946,35.0089668226303,4.));
#10656=CARTESIAN_POINT('Ctrl Pts',(336.060141442278,56.5646490926412,0.));
#10657=CARTESIAN_POINT('Ctrl Pts',(336.060141442278,56.5646490926412,4.));
#10658=CARTESIAN_POINT('Ctrl Pts',(336.053249671062,56.5034774786989,0.));
#10659=CARTESIAN_POINT('Ctrl Pts',(336.053249671062,56.5034774786989,4.));
#10660=CARTESIAN_POINT('Ctrl Pts',(336.046357899846,56.4423058647553,0.));
#10661=CARTESIAN_POINT('Ctrl Pts',(336.046357899846,56.4423058647553,4.));
#10662=CARTESIAN_POINT('Ctrl Pts',(336.03946612863,56.3811342508131,0.));
#10663=CARTESIAN_POINT('Ctrl Pts',(336.03946612863,56.3811342508131,4.));
#10664=CARTESIAN_POINT('Ctrl Pts',(335.748833247513,53.8014661443134,0.));
#10665=CARTESIAN_POINT('Ctrl Pts',(335.748833247513,53.8014661443134,4.));
#10666=CARTESIAN_POINT('Ctrl Pts',(335.227950295846,51.1273149830471,0.));
#10667=CARTESIAN_POINT('Ctrl Pts',(335.227950295846,51.1273149830471,4.));
#10668=CARTESIAN_POINT('Ctrl Pts',(334.28075845486,48.2707380902736,0.));
#10669=CARTESIAN_POINT('Ctrl Pts',(334.28075845486,48.2707380902736,4.));
#10670=CARTESIAN_POINT('Ctrl Pts',(333.131419386105,44.8045179607231,0.));
#10671=CARTESIAN_POINT('Ctrl Pts',(333.131419386105,44.8045179607231,4.));
#10672=CARTESIAN_POINT('Ctrl Pts',(331.320247747138,41.0568872792701,0.));
#10673=CARTESIAN_POINT('Ctrl Pts',(331.320247747138,41.0568872792701,4.));
#10674=CARTESIAN_POINT('Ctrl Pts',(327.748835179688,36.5834701621061,0.));
#10675=CARTESIAN_POINT('Ctrl Pts',(327.748835179688,36.5834701621061,4.));
#10676=CARTESIAN_POINT('Ctrl Pts',(327.240254413032,35.9464410135399,0.));
#10677=CARTESIAN_POINT('Ctrl Pts',(327.240254413032,35.9464410135399,4.));
#10678=CARTESIAN_POINT('Ctrl Pts',(326.696662435589,35.2949404355215,0.));
#10679=CARTESIAN_POINT('Ctrl Pts',(326.696662435589,35.2949404355215,4.));
#10680=CARTESIAN_POINT('Ctrl Pts',(326.117199338377,34.6286009243894,0.));
#10681=CARTESIAN_POINT('Ctrl Pts',(326.117199338377,34.6286009243894,4.));
#10682=CARTESIAN_POINT('Origin',(137.7824634926,100.326503878724,3.));
#10683=CARTESIAN_POINT('',(137.440443349275,101.26619649951,3.));
#10684=CARTESIAN_POINT('Origin',(137.7824634926,100.326503878724,3.));
#10685=CARTESIAN_POINT('',(136.81753769918,100.063981092683,3.));
#10686=CARTESIAN_POINT('Origin',(137.7824634926,100.326503878724,3.));
#10687=CARTESIAN_POINT('Origin',(137.782463492601,100.326503878724,3.));
#10688=CARTESIAN_POINT('Origin',(137.7824634926,100.326503878724,0.));
#10689=CARTESIAN_POINT('',(136.817537699179,100.063981092683,0.));
#10690=CARTESIAN_POINT('',(137.440443349275,101.26619649951,0.));
#10691=CARTESIAN_POINT('Origin',(101.760483834185,23.0771192107972,3.));
#10692=CARTESIAN_POINT('',(101.341345611346,23.9850416469972,3.));
#10693=CARTESIAN_POINT('Origin',(101.760483834185,23.0771192107972,3.));
#10694=CARTESIAN_POINT('',(100.820791213399,22.7350990674715,3.));
#10695=CARTESIAN_POINT('Origin',(101.760483834185,23.0771192107972,3.));
#10696=CARTESIAN_POINT('Origin',(101.760483834185,23.0771192107972,3.));
#10697=CARTESIAN_POINT('Origin',(101.760483834185,23.0771192107972,0.));
#10698=CARTESIAN_POINT('',(100.820791213399,22.7350990674715,0.));
#10699=CARTESIAN_POINT('',(101.341345611346,23.9850416469972,0.));
#10700=CARTESIAN_POINT('Origin',(153.182426656924,105.931632079334,3.));
#10701=CARTESIAN_POINT('',(140.945088916401,102.541783167597,3.));
#10702=CARTESIAN_POINT('',(152.840406513598,106.87132470012,3.));
#10703=CARTESIAN_POINT('Origin',(142.226801680513,101.944110690137,3.));
#10704=CARTESIAN_POINT('Origin',(145.477828836824,93.0119869881383,3.));
#10705=CARTESIAN_POINT('',(137.86690762647,110.999016754671,3.));
#10706=CARTESIAN_POINT('Origin',(138.464580103931,112.280729518782,3.));
#10707=CARTESIAN_POINT('',(144.538136216038,92.6699668448127,3.));
#10708=CARTESIAN_POINT('Origin',(134.020241916018,110.663122707369,3.));
#10709=CARTESIAN_POINT('',(133.112319479818,110.243984484531,3.));
#10710=CARTESIAN_POINT('Origin',(134.020241916018,110.663122707369,3.));
#10711=CARTESIAN_POINT('',(134.362262059344,109.723430086584,3.));
#10712=CARTESIAN_POINT('Origin',(134.020241916018,110.663122707369,3.));
#10713=CARTESIAN_POINT('Origin',(134.020241916018,110.663122707369,3.));
#10714=CARTESIAN_POINT('Origin',(134.020241916018,110.663122707369,0.));
#10715=CARTESIAN_POINT('',(134.362262059344,109.723430086584,0.));
#10716=CARTESIAN_POINT('',(133.112319479818,110.243984484531,0.));
#10717=CARTESIAN_POINT('Origin',(147.232621179236,115.472035483017,3.));
#10718=CARTESIAN_POINT('',(147.574641322561,114.532342862231,3.));
#10719=CARTESIAN_POINT('Origin',(91.4238650055397,19.3148976342148,3.));
#10720=CARTESIAN_POINT('',(92.3635576263256,19.6569177775405,3.));
#10721=CARTESIAN_POINT('Origin',(91.4238650055397,19.3148976342148,3.));
#10722=CARTESIAN_POINT('',(91.1613422194984,20.2798234276358,3.));
#10723=CARTESIAN_POINT('Origin',(91.4238650055397,19.3148976342148,3.));
#10724=CARTESIAN_POINT('Origin',(91.4238650055397,19.3148976342148,3.));
#10725=CARTESIAN_POINT('Origin',(91.4238650055397,19.3148976342148,0.));
#10726=CARTESIAN_POINT('',(91.1613422194984,20.2798234276358,0.));
#10727=CARTESIAN_POINT('',(92.3635576263256,19.6569177775405,0.));
#10728=CARTESIAN_POINT('Origin',(14.1744803376124,110.663122707369,3.));
#10729=CARTESIAN_POINT('',(13.8324601942867,109.723430086584,3.));
#10730=CARTESIAN_POINT('Origin',(14.1744803376124,110.663122707369,3.));
#10731=CARTESIAN_POINT('',(15.0824027738124,110.243984484531,3.));
#10732=CARTESIAN_POINT('Origin',(14.1744803376124,110.663122707369,3.));
#10733=CARTESIAN_POINT('Origin',(14.1744803376124,110.663122707369,3.));
#10734=CARTESIAN_POINT('Origin',(14.1744803376124,110.663122707369,0.));
#10735=CARTESIAN_POINT('',(15.0824027738124,110.243984484531,0.));
#10736=CARTESIAN_POINT('',(13.8324601942867,109.723430086584,0.));
#10737=CARTESIAN_POINT('Origin',(74.0973611268153,83.0000000000001,3.));
#10738=CARTESIAN_POINT('Origin',(74.0973611268153,83.0000000000001,3.));
#10739=CARTESIAN_POINT('Origin',(56.7708572480909,19.3148976342148,3.));
#10740=CARTESIAN_POINT('',(57.0333800341322,20.2798234276358,3.));
#10741=CARTESIAN_POINT('Origin',(56.7708572480909,19.3148976342148,3.));
#10742=CARTESIAN_POINT('',(55.831164627305,19.6569177775405,3.));
#10743=CARTESIAN_POINT('Origin',(56.7708572480909,19.3148976342148,3.));
#10744=CARTESIAN_POINT('Origin',(56.7708572480909,19.3148976342148,3.));
#10745=CARTESIAN_POINT('Origin',(56.7708572480909,19.3148976342148,0.));
#10746=CARTESIAN_POINT('',(55.831164627305,19.6569177775405,0.));
#10747=CARTESIAN_POINT('',(57.0333800341322,20.2798234276358,0.));
#10748=CARTESIAN_POINT('Origin',(87.8737895123034,83.8387678818,3.));
#10749=CARTESIAN_POINT('',(10.3278146271601,110.999016754671,3.));
#10750=CARTESIAN_POINT('',(87.5317693689778,82.8990752610141,3.));
#10751=CARTESIAN_POINT('Origin',(9.73014214969989,112.280729518782,3.));
#10752=CARTESIAN_POINT('Origin',(12.981169306011,121.212853220781,3.));
#10753=CARTESIAN_POINT('',(7.24963333722911,102.541783167597,3.));
#10754=CARTESIAN_POINT('Origin',(5.96792057311755,101.944110690137,3.));
#10755=CARTESIAN_POINT('',(13.9208619267969,120.870833077455,3.));
#10756=CARTESIAN_POINT('Origin',(10.41225876103,100.326503878724,3.));
#10757=CARTESIAN_POINT('',(11.377184554451,100.063981092683,3.));
#10758=CARTESIAN_POINT('Origin',(10.41225876103,100.326503878724,3.));
#10759=CARTESIAN_POINT('',(10.7542789043557,101.26619649951,3.));
#10760=CARTESIAN_POINT('Origin',(10.41225876103,100.326503878724,3.));
#10761=CARTESIAN_POINT('Origin',(10.41225876103,100.326503878724,3.));
#10762=CARTESIAN_POINT('Origin',(10.41225876103,100.326503878724,0.));
#10763=CARTESIAN_POINT('',(10.7542789043557,101.26619649951,0.));
#10764=CARTESIAN_POINT('',(11.377184554451,100.063981092683,0.));
#10765=CARTESIAN_POINT('Origin',(86.2991518368271,72.7059336281925,3.));
#10766=CARTESIAN_POINT('',(86.6411719801527,73.6456262489784,3.));
#10767=CARTESIAN_POINT('Origin',(46.4342384194459,23.0771192107972,3.));
#10768=CARTESIAN_POINT('',(47.3739310402318,22.7350990674715,3.));
#10769=CARTESIAN_POINT('Origin',(46.4342384194459,23.0771192107972,3.));
#10770=CARTESIAN_POINT('',(46.8533766422848,23.9850416469972,3.));
#10771=CARTESIAN_POINT('Origin',(46.4342384194459,23.0771192107972,3.));
#10772=CARTESIAN_POINT('Origin',(46.4342384194459,23.0771192107972,3.));
#10773=CARTESIAN_POINT('Origin',(46.4342384194459,23.0771192107972,0.));
#10774=CARTESIAN_POINT('',(46.8533766422848,23.9850416469972,0.));
#10775=CARTESIAN_POINT('',(47.3739310402318,22.7350990674715,0.));
#10776=CARTESIAN_POINT('Origin',(74.0973611268153,83.0000000000001,3.));
#10777=CARTESIAN_POINT('Origin',(74.0973611268153,83.0000000000001,3.));
#10778=CARTESIAN_POINT('Origin',(62.9455349990109,68.4415337290705,3.));
#10779=CARTESIAN_POINT('',(46.0983443721447,19.2304535003449,3.));
#10780=CARTESIAN_POINT('',(63.8852276197968,68.0995135857448,3.));
#10781=CARTESIAN_POINT('Origin',(44.8166316080331,18.6327810228847,3.));
#10782=CARTESIAN_POINT('Origin',(96.6488855886312,-0.232616600978863,3.));
#10783=CARTESIAN_POINT('',(54.5555779592179,16.1522722104139,3.));
#10784=CARTESIAN_POINT('',(96.9909057319569,0.707076019807046,3.));
#10785=CARTESIAN_POINT('Origin',(55.1532504366781,14.8705594463023,3.));
#10786=CARTESIAN_POINT('Origin',(74.0783692526184,66.8668960535941,3.));
#10787=CARTESIAN_POINT('',(73.1386766318325,67.2089161969198,3.));
#10788=CARTESIAN_POINT('Origin',(74.0973611268153,83.0000000000001,3.));
#10789=CARTESIAN_POINT('Origin',(74.0973611268153,83.0000000000001,3.));
#10790=CARTESIAN_POINT('Origin',(86.7159349601449,32.2498291263089,3.));
#10791=CARTESIAN_POINT('',(93.6391442944126,16.1522722104139,3.));
#10792=CARTESIAN_POINT('',(87.6556275809308,32.5918492696346,3.));
#10793=CARTESIAN_POINT('Origin',(93.0414718169524,14.8705594463024,3.));
#10794=CARTESIAN_POINT('Origin',(144.87372579755,33.7359570701658,3.));
#10795=CARTESIAN_POINT('',(102.096377881486,19.2304535003449,3.));
#10796=CARTESIAN_POINT('',(144.531705654225,34.6756496909517,3.));
#10797=CARTESIAN_POINT('Origin',(103.378090645597,18.6327810228847,3.));
#10798=CARTESIAN_POINT('Origin',(96.2563383638274,38.1996346039971,3.));
#10799=CARTESIAN_POINT('',(95.3166457430414,37.8576144606714,3.));
#10800=CARTESIAN_POINT('Origin',(74.0973611268153,83.0000000000001,3.));
#10801=CARTESIAN_POINT('Origin',(74.0973611268153,83.0000000000001,3.));
#10802=CARTESIAN_POINT('Origin',(140.945088916401,102.541783167597,0.));
#10803=CARTESIAN_POINT('',(140.945088916401,102.541783167597,0.));
#10804=CARTESIAN_POINT('Origin',(137.86690762647,110.999016754671,0.));
#10805=CARTESIAN_POINT('',(137.86690762647,110.999016754671,0.));
#10806=CARTESIAN_POINT('Origin',(133.491739824258,109.406585904746,0.));
#10807=CARTESIAN_POINT('Origin',(74.0973611268153,83.0000000000001,0.));
#10808=CARTESIAN_POINT('Origin',(10.3278146271601,110.999016754671,0.));
#10809=CARTESIAN_POINT('',(10.3278146271601,110.999016754671,0.));
#10810=CARTESIAN_POINT('Origin',(7.24963333722911,102.541783167597,0.));
#10811=CARTESIAN_POINT('',(7.24963333722911,102.541783167597,0.));
#10812=CARTESIAN_POINT('Origin',(11.6248011394411,100.949352317672,0.));
#10813=CARTESIAN_POINT('Origin',(74.0973611268153,83.0000000000001,0.));
#10814=CARTESIAN_POINT('Origin',(35.,173.,7.5));
#10815=CARTESIAN_POINT('',(28.5,173.,8.));
#10816=CARTESIAN_POINT('Origin',(35.,173.,8.));
#10817=CARTESIAN_POINT('',(29.5,173.,7.));
#10818=CARTESIAN_POINT('',(29.,173.,7.5));
#10819=CARTESIAN_POINT('Origin',(35.,173.,7.));
#10820=CARTESIAN_POINT('Origin',(35.,173.,4.));
#10821=CARTESIAN_POINT('',(29.5,173.,4.));
#10822=CARTESIAN_POINT('',(29.5,173.,4.));
#10823=CARTESIAN_POINT('Origin',(35.,173.,4.));
#10824=CARTESIAN_POINT('Origin',(175.926835171778,83.,8.));
#10825=CARTESIAN_POINT('',(0.959745267132774,166.,8.));
#10826=CARTESIAN_POINT('',(30.9760445303969,181.034047494165,8.));
#10827=CARTESIAN_POINT('',(69.2892501205663,200.223706667149,8.));
#10828=CARTESIAN_POINT('',(65.0952361834237,166.,8.));
#10829=CARTESIAN_POINT('',(262.713417585889,166.,8.));
#10830=CARTESIAN_POINT('',(39.4927201326104,180.781619533869,8.));
#10831=CARTESIAN_POINT('',(125.377112932584,131.196242231617,8.));
#10832=CARTESIAN_POINT('Origin',(35.,173.,8.));
#10833=CARTESIAN_POINT('Origin',(125.627112932584,131.629254933509,7.5));
#10834=CARTESIAN_POINT('',(67.0952361834236,166.,7.));
#10835=CARTESIAN_POINT('',(203.969892409718,166.,-61.4373281131476));
#10836=CARTESIAN_POINT('',(39.9927201326104,181.647644937653,7.));
#10837=CARTESIAN_POINT('',(125.877112932584,132.062267635401,7.));
#10838=CARTESIAN_POINT('',(39.9927201326104,181.647644937653,7.));
#10839=CARTESIAN_POINT('Origin',(35.,173.,7.5));
#10840=CARTESIAN_POINT('',(30.5282138898463,181.928165896495,7.));
#10841=CARTESIAN_POINT('',(30.5282138898463,181.928165896495,7.));
#10842=CARTESIAN_POINT('Origin',(35.,173.,7.));
#10843=CARTESIAN_POINT('Origin',(69.065334800291,200.670765868314,7.5));
#10844=CARTESIAN_POINT('',(0.499999999999972,166.,7.79411198252982));
#10845=CARTESIAN_POINT('',(173.643022949999,166.,85.3328628570984));
#10846=CARTESIAN_POINT('',(-2.85872980412969,165.20588801747,7.));
#10847=CARTESIAN_POINT('',(68.8414194800157,201.117825069478,7.));
#10848=CARTESIAN_POINT('Origin',(0.499999999999972,158.5,14.4999999999999));
#10849=CARTESIAN_POINT('Origin',(30.5282138898463,181.928165896495,4.));
#10850=CARTESIAN_POINT('',(30.5282138898463,181.928165896495,4.));
#10851=CARTESIAN_POINT('',(30.5282138898463,181.928165896495,4.));
#10852=CARTESIAN_POINT('',(-2.85872980412968,165.20588801747,4.));
#10853=CARTESIAN_POINT('',(68.4709413487809,200.932266357804,4.));
#10854=CARTESIAN_POINT('',(-2.85872980412969,165.20588801747,4.));
#10855=CARTESIAN_POINT('Origin',(35.,173.,4.));
#10856=CARTESIAN_POINT('',(39.9927201326104,181.647644937653,4.));
#10857=CARTESIAN_POINT('',(39.9927201326104,181.647644937653,4.));
#10858=CARTESIAN_POINT('',(35.,182.985440265221,4.));
#10859=CARTESIAN_POINT('Origin',(35.,173.,4.));
#10860=CARTESIAN_POINT('Origin',(35.,173.,4.));
#10861=CARTESIAN_POINT('Origin',(67.0952361834235,166.,4.));
#10862=CARTESIAN_POINT('',(67.0952361834235,166.,4.));
#10863=CARTESIAN_POINT('',(67.0952361834236,166.,4.));
#10864=CARTESIAN_POINT('',(125.529549743167,132.262933336371,4.));
#10865=CARTESIAN_POINT('Origin',(155.,173.,7.5));
#10866=CARTESIAN_POINT('',(148.5,173.,8.));
#10867=CARTESIAN_POINT('Origin',(155.,173.,8.));
#10868=CARTESIAN_POINT('',(149.5,173.,7.));
#10869=CARTESIAN_POINT('',(149.,173.,7.5));
#10870=CARTESIAN_POINT('Origin',(155.,173.,7.));
#10871=CARTESIAN_POINT('Origin',(175.926835171778,83.,8.));
#10872=CARTESIAN_POINT('',(124.904763816576,166.,8.));
#10873=CARTESIAN_POINT('',(150.50727986739,180.781619533869,8.));
#10874=CARTESIAN_POINT('',(138.869271471657,174.062412253761,8.));
#10875=CARTESIAN_POINT('',(225.095236183424,166.,8.));
#10876=CARTESIAN_POINT('',(262.713417585889,166.,8.));
#10877=CARTESIAN_POINT('',(199.49272013261,180.781619533869,8.));
#10878=CARTESIAN_POINT('',(225.377112932584,165.837258382994,8.));
#10879=CARTESIAN_POINT('',(190.513821148747,180.785392480435,8.));
#10880=CARTESIAN_POINT('Origin',(195.,173.,8.));
#10881=CARTESIAN_POINT('',(180.491992145871,175.010511196471,8.));
#10882=CARTESIAN_POINT('',(163.887811882155,165.442679834253,8.));
#10883=CARTESIAN_POINT('',(169.508007854129,175.010511196471,8.));
#10884=CARTESIAN_POINT('Origin',(175.,184.541409489376,8.));
#10885=CARTESIAN_POINT('',(159.486178851253,180.785392480435,8.));
#10886=CARTESIAN_POINT('',(194.315263296946,160.715819566617,8.));
#10887=CARTESIAN_POINT('Origin',(155.,173.,8.));
#10888=CARTESIAN_POINT('',(188.5,173.,8.));
#10889=CARTESIAN_POINT('Origin',(195.,173.,8.));
#10890=CARTESIAN_POINT('Origin',(155.,173.,4.));
#10891=CARTESIAN_POINT('',(149.5,173.,4.));
#10892=CARTESIAN_POINT('',(149.5,173.,4.));
#10893=CARTESIAN_POINT('Origin',(155.,173.,4.));
#10894=CARTESIAN_POINT('Origin',(225.627112932584,166.270271084886,7.5));
#10895=CARTESIAN_POINT('',(227.095236183424,166.,7.));
#10896=CARTESIAN_POINT('',(275.969892409718,166.,-17.4373281131471));
#10897=CARTESIAN_POINT('',(199.99272013261,181.647644937653,7.));
#10898=CARTESIAN_POINT('',(225.877112932584,166.703283786779,7.));
#10899=CARTESIAN_POINT('',(199.99272013261,181.647644937653,7.));
#10900=CARTESIAN_POINT('Origin',(195.,173.,7.5));
#10901=CARTESIAN_POINT('',(190.014549135486,181.65183777979,7.));
#10902=CARTESIAN_POINT('',(190.014549135486,181.65183777979,7.));
#10903=CARTESIAN_POINT('Origin',(195.,173.,7.));
#10904=CARTESIAN_POINT('Origin',(163.638175875525,165.875902483931,7.5));
#10905=CARTESIAN_POINT('',(179.99272013261,175.876956495826,7.));
#10906=CARTESIAN_POINT('',(179.99272013261,175.876956495826,7.));
#10907=CARTESIAN_POINT('',(163.388539868894,166.309125133608,7.));
#10908=CARTESIAN_POINT('Origin',(175.,184.541409489376,7.5));
#10909=CARTESIAN_POINT('',(170.00727986739,175.876956495826,7.));
#10910=CARTESIAN_POINT('Origin',(175.,184.541409489376,7.));
#10911=CARTESIAN_POINT('',(170.00727986739,175.876956495826,7.));
#10912=CARTESIAN_POINT('Origin',(194.564899303576,161.149042216294,7.5));
#10913=CARTESIAN_POINT('',(159.985450864515,181.65183777979,7.));
#10914=CARTESIAN_POINT('',(159.985450864515,181.65183777979,7.));
#10915=CARTESIAN_POINT('',(194.814535310207,161.582264865972,7.));
#10916=CARTESIAN_POINT('Origin',(155.,173.,7.5));
#10917=CARTESIAN_POINT('',(150.00727986739,181.647644937653,7.));
#10918=CARTESIAN_POINT('',(150.00727986739,181.647644937653,7.));
#10919=CARTESIAN_POINT('Origin',(155.,173.,7.));
#10920=CARTESIAN_POINT('Origin',(138.619271471657,174.495424955654,7.5));
#10921=CARTESIAN_POINT('',(122.904763816576,166.,7.));
#10922=CARTESIAN_POINT('',(219.328661351977,166.,55.2119487677012));
#10923=CARTESIAN_POINT('',(138.369271471657,174.928437657546,7.));
#10924=CARTESIAN_POINT('Origin',(150.00727986739,181.647644937653,4.));
#10925=CARTESIAN_POINT('',(150.00727986739,181.647644937653,4.));
#10926=CARTESIAN_POINT('',(150.00727986739,181.647644937653,4.));
#10927=CARTESIAN_POINT('',(122.904763816576,166.,4.));
#10928=CARTESIAN_POINT('',(138.02170828224,174.727771956576,4.));
#10929=CARTESIAN_POINT('',(122.904763816576,166.,4.));
#10930=CARTESIAN_POINT('Origin',(155.,173.,4.));
#10931=CARTESIAN_POINT('',(159.985450864515,181.65183777979,4.));
#10932=CARTESIAN_POINT('',(159.985450864515,181.65183777979,4.));
#10933=CARTESIAN_POINT('',(155.,182.985440265221,4.));
#10934=CARTESIAN_POINT('Origin',(155.,173.,4.));
#10935=CARTESIAN_POINT('Origin',(155.,173.,4.));
#10936=CARTESIAN_POINT('Origin',(175.,173.,4.));
#10937=CARTESIAN_POINT('',(170.00727986739,175.876956495826,4.));
#10938=CARTESIAN_POINT('',(170.00727986739,175.876956495826,4.));
#10939=CARTESIAN_POINT('',(194.466635004528,161.782735554842,4.));
#10940=CARTESIAN_POINT('Origin',(175.,184.541409489376,4.));
#10941=CARTESIAN_POINT('',(179.99272013261,175.876956495826,4.));
#10942=CARTESIAN_POINT('',(179.99272013261,175.876956495826,4.));
#10943=CARTESIAN_POINT('Origin',(175.,184.541409489376,4.));
#10944=CARTESIAN_POINT('Origin',(190.014549135486,181.65183777979,4.));
#10945=CARTESIAN_POINT('',(190.014549135486,181.65183777979,4.));
#10946=CARTESIAN_POINT('',(190.014549135486,181.65183777979,4.));
#10947=CARTESIAN_POINT('',(163.040639563215,166.108654444737,4.));
#10948=CARTESIAN_POINT('Origin',(195.,173.,4.));
#10949=CARTESIAN_POINT('',(199.99272013261,181.647644937653,4.));
#10950=CARTESIAN_POINT('',(199.99272013261,181.647644937653,4.));
#10951=CARTESIAN_POINT('',(195.,182.985440265221,4.));
#10952=CARTESIAN_POINT('Origin',(195.,173.,4.));
#10953=CARTESIAN_POINT('Origin',(195.,173.,4.));
#10954=CARTESIAN_POINT('Origin',(227.095236183424,166.,4.));
#10955=CARTESIAN_POINT('',(227.095236183424,166.,4.));
#10956=CARTESIAN_POINT('',(227.095236183424,166.,4.));
#10957=CARTESIAN_POINT('',(225.529549743167,166.903949487749,4.));
#10958=CARTESIAN_POINT('Origin',(195.,173.,7.5));
#10959=CARTESIAN_POINT('',(189.5,173.,7.));
#10960=CARTESIAN_POINT('',(189.,173.,7.5));
#10961=CARTESIAN_POINT('Origin',(195.,173.,7.));
#10962=CARTESIAN_POINT('Origin',(195.,173.,4.));
#10963=CARTESIAN_POINT('',(189.5,173.,4.));
#10964=CARTESIAN_POINT('',(189.5,173.,4.));
#10965=CARTESIAN_POINT('Origin',(195.,173.,4.));
#10966=CARTESIAN_POINT('Origin',(248.385802832791,174.154112529059,7.5));
#10967=CARTESIAN_POINT('',(261.509140023754,166.,8.));
#10968=CARTESIAN_POINT('',(263.509140023754,166.,7.));
#10969=CARTESIAN_POINT('',(292.356149137867,166.,-7.42350455705653));
#10970=CARTESIAN_POINT('',(252.500002205372,172.356128682989,7.));
#10971=CARTESIAN_POINT('',(248.635802832791,174.587125230951,7.));
#10972=CARTESIAN_POINT('',(252.000002205372,171.490103279204,8.));
#10973=CARTESIAN_POINT('',(252.500002205372,172.356128682989,7.));
#10974=CARTESIAN_POINT('',(248.135802832791,173.721099827167,8.));
#10975=CARTESIAN_POINT('Origin',(247.500002205372,163.695874645144,7.5));
#10976=CARTESIAN_POINT('',(242.500002205372,172.356128682989,7.));
#10977=CARTESIAN_POINT('',(243.000002205372,171.490103279204,8.));
#10978=CARTESIAN_POINT('',(242.500002205372,172.356128682989,7.));
#10979=CARTESIAN_POINT('Origin',(247.500002205372,163.695874645144,8.));
#10980=CARTESIAN_POINT('Origin',(247.500002205372,163.695874645144,7.));
#10981=CARTESIAN_POINT('Origin',(198.438895211949,146.340086430354,7.5));
#10982=CARTESIAN_POINT('',(231.490864386989,166.,7.));
#10983=CARTESIAN_POINT('',(233.490864386989,166.,8.));
#10984=CARTESIAN_POINT('',(264.973730962178,166.,23.7414332875942));
#10985=CARTESIAN_POINT('',(198.688895211949,145.907073728461,8.));
#10986=CARTESIAN_POINT('',(198.188895211949,146.773099132246,7.));
#10987=CARTESIAN_POINT('Origin',(242.500002205372,172.356128682989,4.));
#10988=CARTESIAN_POINT('',(242.500002205372,172.356128682989,4.));
#10989=CARTESIAN_POINT('',(242.500002205372,172.356128682989,4.));
#10990=CARTESIAN_POINT('',(231.49086438699,166.,4.));
#10991=CARTESIAN_POINT('',(197.841332022533,146.572433431276,4.));
#10992=CARTESIAN_POINT('',(231.490864386989,166.,4.));
#10993=CARTESIAN_POINT('Origin',(247.500002205372,163.695874645144,4.));
#10994=CARTESIAN_POINT('',(252.500002205372,172.356128682989,4.));
#10995=CARTESIAN_POINT('',(252.500002205372,172.356128682989,4.));
#10996=CARTESIAN_POINT('Origin',(247.500002205372,163.695874645144,4.));
#10997=CARTESIAN_POINT('Origin',(263.509140023754,166.,4.));
#10998=CARTESIAN_POINT('',(263.509140023754,166.,4.));
#10999=CARTESIAN_POINT('',(263.509140023754,166.,4.));
#11000=CARTESIAN_POINT('',(248.288239643374,174.787790931921,4.));
#11001=CARTESIAN_POINT('Origin',(315.,173.,7.5));
#11002=CARTESIAN_POINT('',(308.5,173.,8.));
#11003=CARTESIAN_POINT('Origin',(315.,173.,8.));
#11004=CARTESIAN_POINT('',(309.5,173.,7.));
#11005=CARTESIAN_POINT('',(309.,173.,7.5));
#11006=CARTESIAN_POINT('Origin',(315.,173.,7.));
#11007=CARTESIAN_POINT('Origin',(315.,173.,4.));
#11008=CARTESIAN_POINT('',(309.5,173.,4.));
#11009=CARTESIAN_POINT('',(309.5,173.,4.));
#11010=CARTESIAN_POINT('Origin',(315.,173.,4.));
#11011=CARTESIAN_POINT('Origin',(175.926835171778,83.,8.));
#11012=CARTESIAN_POINT('',(284.904763816576,166.,8.));
#11013=CARTESIAN_POINT('',(310.50727986739,180.781619533869,8.));
#11014=CARTESIAN_POINT('',(238.869271471657,139.421396102384,8.));
#11015=CARTESIAN_POINT('',(349.040254732867,166.,8.));
#11016=CARTESIAN_POINT('',(262.713417585889,166.,8.));
#11017=CARTESIAN_POINT('',(319.023955469603,181.034047494165,8.));
#11018=CARTESIAN_POINT('',(298.145177988891,191.491450304287,8.));
#11019=CARTESIAN_POINT('Origin',(315.,173.,8.));
#11020=CARTESIAN_POINT('Origin',(298.369093309166,191.938509505452,7.5));
#11021=CARTESIAN_POINT('',(352.85872980413,165.20588801747,7.));
#11022=CARTESIAN_POINT('',(349.5,166.,7.79411198252986));
#11023=CARTESIAN_POINT('Origin',(349.5,158.5,14.5000000000002));
#11024=CARTESIAN_POINT('',(319.471786110154,181.928165896495,7.));
#11025=CARTESIAN_POINT('',(298.593008629442,192.385568706617,7.));
#11026=CARTESIAN_POINT('',(319.471786110154,181.928165896495,7.));
#11027=CARTESIAN_POINT('',(328.967751863991,166.,16.9890818172232));
#11028=CARTESIAN_POINT('Origin',(315.,173.,7.5));
#11029=CARTESIAN_POINT('',(310.00727986739,181.647644937653,7.));
#11030=CARTESIAN_POINT('',(310.00727986739,181.647644937653,7.));
#11031=CARTESIAN_POINT('Origin',(315.,173.,7.));
#11032=CARTESIAN_POINT('Origin',(238.619271471657,139.854408804276,7.5));
#11033=CARTESIAN_POINT('',(282.904763816576,166.,7.));
#11034=CARTESIAN_POINT('',(291.328661351978,166.,11.2119487677008));
#11035=CARTESIAN_POINT('',(238.369271471657,140.287421506168,7.));
#11036=CARTESIAN_POINT('Origin',(310.00727986739,181.647644937653,4.));
#11037=CARTESIAN_POINT('',(310.00727986739,181.647644937653,4.));
#11038=CARTESIAN_POINT('',(310.00727986739,181.647644937653,4.));
#11039=CARTESIAN_POINT('',(282.904763816576,166.,4.));
#11040=CARTESIAN_POINT('',(238.02170828224,140.086755805198,4.));
#11041=CARTESIAN_POINT('',(282.904763816576,166.,4.));
#11042=CARTESIAN_POINT('Origin',(315.,173.,4.));
#11043=CARTESIAN_POINT('',(319.471786110154,181.928165896495,4.));
#11044=CARTESIAN_POINT('',(319.471786110154,181.928165896495,4.));
#11045=CARTESIAN_POINT('',(315.,182.985440265221,4.));
#11046=CARTESIAN_POINT('Origin',(315.,173.,4.));
#11047=CARTESIAN_POINT('Origin',(315.,173.,4.));
#11048=CARTESIAN_POINT('Origin',(352.85872980413,165.20588801747,4.));
#11049=CARTESIAN_POINT('',(352.85872980413,165.20588801747,4.));
#11050=CARTESIAN_POINT('',(352.85872980413,165.20588801747,4.));
#11051=CARTESIAN_POINT('',(298.222530498207,192.571127418291,4.));
#11052=CARTESIAN_POINT('Origin',(315.,-6.99999999999996,7.5));
#11053=CARTESIAN_POINT('',(308.5,-6.99999999999996,8.));
#11054=CARTESIAN_POINT('Origin',(315.,-6.99999999999996,8.));
#11055=CARTESIAN_POINT('',(309.5,-6.99999999999996,7.));
#11056=CARTESIAN_POINT('',(309.,-6.99999999999996,7.5));
#11057=CARTESIAN_POINT('Origin',(315.,-6.99999999999996,7.));
#11058=CARTESIAN_POINT('Origin',(315.,-6.99999999999996,4.));
#11059=CARTESIAN_POINT('',(309.5,-6.99999999999996,4.));
#11060=CARTESIAN_POINT('',(309.5,-6.99999999999996,4.));
#11061=CARTESIAN_POINT('Origin',(315.,-6.99999999999996,4.));
#11062=CARTESIAN_POINT('Origin',(175.926835171778,83.,8.));
#11063=CARTESIAN_POINT('',(349.040254732867,0.,8.));
#11064=CARTESIAN_POINT('',(319.023955469603,-15.034047494165,8.));
#11065=CARTESIAN_POINT('',(281.451706141903,-33.8525892437994,8.));
#11066=CARTESIAN_POINT('',(284.904763816576,0.,8.));
#11067=CARTESIAN_POINT('',(88.2134175858892,0.,8.));
#11068=CARTESIAN_POINT('',(310.50727986739,-14.7816195338687,8.));
#11069=CARTESIAN_POINT('',(225.31801344625,34.4024263664429,8.));
#11070=CARTESIAN_POINT('Origin',(315.,-6.99999999999996,8.));
#11071=CARTESIAN_POINT('Origin',(225.06801344625,33.9694136645507,7.5));
#11072=CARTESIAN_POINT('',(282.904763816576,0.,7.));
#11073=CARTESIAN_POINT('',(146.308158141815,0.,-61.2983028373805));
#11074=CARTESIAN_POINT('',(310.00727986739,-15.6476449376531,7.));
#11075=CARTESIAN_POINT('',(224.81801344625,33.5364009626585,7.));
#11076=CARTESIAN_POINT('',(310.00727986739,-15.6476449376531,7.));
#11077=CARTESIAN_POINT('Origin',(315.,-6.99999999999996,7.5));
#11078=CARTESIAN_POINT('',(319.471786110154,-15.9281658964944,7.));
#11079=CARTESIAN_POINT('',(319.471786110154,-15.9281658964944,7.));
#11080=CARTESIAN_POINT('Origin',(315.,-6.99999999999996,7.));
#11081=CARTESIAN_POINT('Origin',(281.675621462179,-34.2996484449641,7.5));
#11082=CARTESIAN_POINT('',(349.5,-8.88178419700125E-15,7.79411198252976));
#11083=CARTESIAN_POINT('',(176.665566802068,-8.88178419700125E-15,85.1946669107644));
#11084=CARTESIAN_POINT('',(352.85872980413,0.794111982529728,7.));
#11085=CARTESIAN_POINT('',(281.899536782454,-34.7467076461287,7.));
#11086=CARTESIAN_POINT('Origin',(349.5,7.50000000000002,14.5000000000001));
#11087=CARTESIAN_POINT('Origin',(319.471786110154,-15.9281658964944,4.));
#11088=CARTESIAN_POINT('',(319.471786110154,-15.9281658964944,4.));
#11089=CARTESIAN_POINT('',(319.471786110154,-15.9281658964944,4.));
#11090=CARTESIAN_POINT('',(352.85872980413,0.794111982529762,4.));
#11091=CARTESIAN_POINT('',(281.529058651219,-34.9322663578034,4.));
#11092=CARTESIAN_POINT('',(352.85872980413,0.794111982529728,4.));
#11093=CARTESIAN_POINT('Origin',(315.,-6.99999999999996,4.));
#11094=CARTESIAN_POINT('',(310.00727986739,-15.6476449376531,4.));
#11095=CARTESIAN_POINT('',(310.00727986739,-15.6476449376531,4.));
#11096=CARTESIAN_POINT('',(315.,-16.9854402652207,4.));
#11097=CARTESIAN_POINT('Origin',(315.,-6.99999999999996,4.));
#11098=CARTESIAN_POINT('Origin',(315.,-6.99999999999996,4.));
#11099=CARTESIAN_POINT('Origin',(282.904763816576,4.44089209850063E-15,
4.));
#11100=CARTESIAN_POINT('',(282.904763816576,0.,4.));
#11101=CARTESIAN_POINT('',(282.904763816576,0.,4.));
#11102=CARTESIAN_POINT('',(224.470450256833,33.7370666636287,4.));
#11103=CARTESIAN_POINT('Origin',(192.934326302758,22.8379779111406,7.5));
#11104=CARTESIAN_POINT('',(233.49086438699,0.,8.));
#11105=CARTESIAN_POINT('',(231.49086438699,0.,7.));
#11106=CARTESIAN_POINT('',(123.171903398501,4.44089209850063E-15,-47.1594804942438));
#11107=CARTESIAN_POINT('',(242.500002205372,-6.35612868298872,7.));
#11108=CARTESIAN_POINT('',(192.684326302758,22.4049652092484,7.));
#11109=CARTESIAN_POINT('',(243.000002205372,-5.49010327920429,8.));
#11110=CARTESIAN_POINT('',(242.500002205372,-6.35612868298872,7.));
#11111=CARTESIAN_POINT('',(193.184326302758,23.2709906130329,8.));
#11112=CARTESIAN_POINT('Origin',(247.500002205372,2.30412535485566,7.5));
#11113=CARTESIAN_POINT('',(252.500002205372,-6.35612868298873,7.));
#11114=CARTESIAN_POINT('',(252.000002205372,-5.49010327920429,8.));
#11115=CARTESIAN_POINT('',(252.500002205372,-6.35612868298873,7.));
#11116=CARTESIAN_POINT('Origin',(247.500002205372,2.30412535485566,8.));
#11117=CARTESIAN_POINT('Origin',(247.500002205372,2.30412535485566,7.));
#11118=CARTESIAN_POINT('Origin',(242.881233923599,-11.3321768705531,7.5));
#11119=CARTESIAN_POINT('',(263.509140023754,0.,7.));
#11120=CARTESIAN_POINT('',(261.509140023754,0.,8.));
#11121=CARTESIAN_POINT('',(150.554321574191,0.,63.4774092247818));
#11122=CARTESIAN_POINT('',(242.631233923599,-10.8991641686609,8.));
#11123=CARTESIAN_POINT('',(243.131233923599,-11.7651895724453,7.));
#11124=CARTESIAN_POINT('Origin',(252.500002205372,-6.35612868298873,4.));
#11125=CARTESIAN_POINT('',(252.500002205372,-6.35612868298873,4.));
#11126=CARTESIAN_POINT('',(252.500002205372,-6.35612868298873,4.));
#11127=CARTESIAN_POINT('',(263.509140023754,0.,4.));
#11128=CARTESIAN_POINT('',(242.783670734182,-11.9658552734156,4.));
#11129=CARTESIAN_POINT('',(263.509140023754,0.,4.));
#11130=CARTESIAN_POINT('Origin',(247.500002205372,2.30412535485566,4.));
#11131=CARTESIAN_POINT('',(242.500002205372,-6.35612868298872,4.));
#11132=CARTESIAN_POINT('',(242.500002205372,-6.35612868298872,4.));
#11133=CARTESIAN_POINT('Origin',(247.500002205372,2.30412535485566,4.));
#11134=CARTESIAN_POINT('Origin',(231.49086438699,-8.88178419700125E-15,
4.));
#11135=CARTESIAN_POINT('',(231.49086438699,0.,4.));
#11136=CARTESIAN_POINT('',(231.49086438699,0.,4.));
#11137=CARTESIAN_POINT('',(192.336763113341,22.6056309102187,4.));
#11138=CARTESIAN_POINT('Origin',(35.,-6.99999999999996,7.5));
#11139=CARTESIAN_POINT('',(28.5,-6.99999999999996,8.));
#11140=CARTESIAN_POINT('Origin',(35.,-6.99999999999996,8.));
#11141=CARTESIAN_POINT('',(29.5,-6.99999999999996,7.));
#11142=CARTESIAN_POINT('',(29.,-6.99999999999996,7.5));
#11143=CARTESIAN_POINT('Origin',(35.,-6.99999999999996,7.));
#11144=CARTESIAN_POINT('Origin',(35.,-6.99999999999996,4.));
#11145=CARTESIAN_POINT('',(29.5,-6.99999999999996,4.));
#11146=CARTESIAN_POINT('',(29.5,-6.99999999999996,4.));
#11147=CARTESIAN_POINT('Origin',(35.,-6.99999999999996,4.));
#11148=CARTESIAN_POINT('Origin',(175.926835171778,83.,8.));
#11149=CARTESIAN_POINT('',(65.0952361834235,0.,8.));
#11150=CARTESIAN_POINT('',(39.4927201326103,-14.7816195338687,8.));
#11151=CARTESIAN_POINT('',(111.825854907177,26.9799352995569,8.));
#11152=CARTESIAN_POINT('',(0.959745267132934,0.,8.));
#11153=CARTESIAN_POINT('',(88.2134175858892,0.,8.));
#11154=CARTESIAN_POINT('',(30.9760445303969,-15.034047494165,8.));
#11155=CARTESIAN_POINT('',(52.5957782735783,-25.8625677276367,8.));
#11156=CARTESIAN_POINT('Origin',(35.,-6.99999999999996,8.));
#11157=CARTESIAN_POINT('Origin',(52.371862953303,-26.3096269288014,7.5));
#11158=CARTESIAN_POINT('',(-2.8587298041297,0.794111982529766,7.));
#11159=CARTESIAN_POINT('',(0.499999999999972,-2.22044604925031E-15,7.79411198252973));
#11160=CARTESIAN_POINT('Origin',(0.499999999999972,7.50000000000002,14.5));
#11161=CARTESIAN_POINT('',(30.5282138898462,-15.9281658964944,7.));
#11162=CARTESIAN_POINT('',(52.1479476330277,-26.756686129966,7.));
#11163=CARTESIAN_POINT('',(30.5282138898462,-15.9281658964944,7.));
#11164=CARTESIAN_POINT('',(21.340837888075,-2.22044604925031E-15,17.127277763558));
#11165=CARTESIAN_POINT('Origin',(35.,-6.99999999999996,7.5));
#11166=CARTESIAN_POINT('',(39.9927201326103,-15.6476449376531,7.));
#11167=CARTESIAN_POINT('',(39.9927201326103,-15.6476449376531,7.));
#11168=CARTESIAN_POINT('Origin',(35.,-6.99999999999996,7.));
#11169=CARTESIAN_POINT('Origin',(112.075854907177,26.5469225976647,7.5));
#11170=CARTESIAN_POINT('',(67.0952361834235,0.,7.));
#11171=CARTESIAN_POINT('',(58.9493891995556,-1.11022302462516E-15,11.072923491934));
#11172=CARTESIAN_POINT('',(112.325854907177,26.1139098957724,7.));
#11173=CARTESIAN_POINT('Origin',(39.9927201326103,-15.6476449376531,4.));
#11174=CARTESIAN_POINT('',(39.9927201326103,-15.6476449376531,4.));
#11175=CARTESIAN_POINT('',(39.9927201326103,-15.6476449376531,4.));
#11176=CARTESIAN_POINT('',(67.0952361834235,0.,4.));
#11177=CARTESIAN_POINT('',(111.97829171776,25.9132441948022,4.));
#11178=CARTESIAN_POINT('',(67.0952361834235,0.,4.));
#11179=CARTESIAN_POINT('Origin',(35.,-6.99999999999996,4.));
#11180=CARTESIAN_POINT('',(30.5282138898462,-15.9281658964944,4.));
#11181=CARTESIAN_POINT('',(30.5282138898462,-15.9281658964944,4.));
#11182=CARTESIAN_POINT('',(35.,-16.9854402652207,4.));
#11183=CARTESIAN_POINT('Origin',(35.,-6.99999999999996,4.));
#11184=CARTESIAN_POINT('Origin',(35.,-6.99999999999996,4.));
#11185=CARTESIAN_POINT('Origin',(-2.8587298041297,0.794111982529766,4.));
#11186=CARTESIAN_POINT('',(-2.8587298041297,0.794111982529762,4.));
#11187=CARTESIAN_POINT('',(-2.8587298041297,0.794111982529766,4.));
#11188=CARTESIAN_POINT('',(51.777469501793,-26.5711274182914,4.));
#11189=CARTESIAN_POINT('Origin',(125.06801344625,-0.671602486826926,7.5));
#11190=CARTESIAN_POINT('',(124.904763816576,0.,8.));
#11191=CARTESIAN_POINT('',(122.904763816576,0.,7.));
#11192=CARTESIAN_POINT('',(74.3081581418148,0.,-17.2983028373802));
#11193=CARTESIAN_POINT('',(150.007279867389,-15.6476449376534,7.));
#11194=CARTESIAN_POINT('',(124.81801344625,-1.10461518871915,7.));
#11195=CARTESIAN_POINT('',(150.50727986739,-14.7816195338689,8.));
#11196=CARTESIAN_POINT('',(150.007279867389,-15.6476449376534,7.));
#11197=CARTESIAN_POINT('',(125.31801344625,-0.2385897849347,8.));
#11198=CARTESIAN_POINT('Origin',(155.,-7.,7.5));
#11199=CARTESIAN_POINT('',(159.985450864515,-15.651837779791,7.));
#11200=CARTESIAN_POINT('',(159.486178851253,-14.7853924804351,8.));
#11201=CARTESIAN_POINT('',(159.985450864515,-15.651837779791,7.));
#11202=CARTESIAN_POINT('Origin',(155.,-7.,8.));
#11203=CARTESIAN_POINT('Origin',(155.,-7.,7.));
#11204=CARTESIAN_POINT('Origin',(187.057624735835,0.525038893812903,7.5));
#11205=CARTESIAN_POINT('',(170.007279867389,-9.87695649582675,7.));
#11206=CARTESIAN_POINT('',(169.508007854128,-9.01051119647182,8.));
#11207=CARTESIAN_POINT('',(170.007279867389,-9.87695649582675,7.));
#11208=CARTESIAN_POINT('',(186.807988729204,0.958261543490369,8.));
#11209=CARTESIAN_POINT('',(187.307260742466,0.0918162441354374,7.));
#11210=CARTESIAN_POINT('Origin',(175.,-18.5414094893759,7.5));
#11211=CARTESIAN_POINT('',(179.992720132611,-9.87695649582643,7.));
#11212=CARTESIAN_POINT('Origin',(175.,-18.5414094893759,7.));
#11213=CARTESIAN_POINT('',(180.491992145872,-9.0105111964715,8.));
#11214=CARTESIAN_POINT('',(179.992720132611,-9.87695649582643,7.));
#11215=CARTESIAN_POINT('Origin',(175.,-18.5414094893759,8.));
#11216=CARTESIAN_POINT('Origin',(156.130901307782,4.45001640596429,7.5));
#11217=CARTESIAN_POINT('',(190.014549135485,-15.65183777979,7.));
#11218=CARTESIAN_POINT('',(190.513821148747,-14.7853924804351,8.));
#11219=CARTESIAN_POINT('',(190.014549135485,-15.65183777979,7.));
#11220=CARTESIAN_POINT('',(156.380537314413,4.88323905564176,8.));
#11221=CARTESIAN_POINT('',(155.881265301152,4.01679375628683,7.));
#11222=CARTESIAN_POINT('Origin',(195.,-7.00000000000002,7.5));
#11223=CARTESIAN_POINT('',(199.99272013261,-15.647644937653,7.));
#11224=CARTESIAN_POINT('',(199.49272013261,-14.7816195338687,8.));
#11225=CARTESIAN_POINT('',(199.99272013261,-15.647644937653,7.));
#11226=CARTESIAN_POINT('Origin',(195.,-7.00000000000002,8.));
#11227=CARTESIAN_POINT('Origin',(195.,-7.00000000000002,7.));
#11228=CARTESIAN_POINT('Origin',(212.075854907177,-8.09409355371292,7.5));
#11229=CARTESIAN_POINT('',(227.095236183424,0.,7.));
#11230=CARTESIAN_POINT('',(225.095236183424,0.,8.));
#11231=CARTESIAN_POINT('',(130.949389199554,0.,55.0729234919331));
#11232=CARTESIAN_POINT('',(211.825854907177,-7.66108085182069,8.));
#11233=CARTESIAN_POINT('',(212.325854907177,-8.52710625560515,7.));
#11234=CARTESIAN_POINT('Origin',(199.99272013261,-15.647644937653,4.));
#11235=CARTESIAN_POINT('',(199.99272013261,-15.647644937653,4.));
#11236=CARTESIAN_POINT('',(199.99272013261,-15.647644937653,4.));
#11237=CARTESIAN_POINT('',(227.095236183424,0.,4.));
#11238=CARTESIAN_POINT('',(211.97829171776,-8.72777195657542,4.));
#11239=CARTESIAN_POINT('',(227.095236183424,0.,4.));
#11240=CARTESIAN_POINT('Origin',(195.,-7.00000000000002,4.));
#11241=CARTESIAN_POINT('',(190.014549135485,-15.65183777979,4.));
#11242=CARTESIAN_POINT('',(190.014549135485,-15.65183777979,4.));
#11243=CARTESIAN_POINT('',(195.,-16.9854402652207,4.));
#11244=CARTESIAN_POINT('Origin',(195.,-7.00000000000002,4.));
#11245=CARTESIAN_POINT('Origin',(195.,-7.00000000000002,4.));
#11246=CARTESIAN_POINT('Origin',(175.,-7.00000000000004,4.));
#11247=CARTESIAN_POINT('',(179.992720132611,-9.87695649582645,4.));
#11248=CARTESIAN_POINT('',(179.992720132611,-9.87695649582643,4.));
#11249=CARTESIAN_POINT('',(155.533364995472,4.2172644451576,4.));
#11250=CARTESIAN_POINT('Origin',(175.,-18.5414094893759,4.));
#11251=CARTESIAN_POINT('',(170.007279867389,-9.87695649582676,4.));
#11252=CARTESIAN_POINT('',(170.007279867389,-9.87695649582675,4.));
#11253=CARTESIAN_POINT('Origin',(175.,-18.5414094893759,4.));
#11254=CARTESIAN_POINT('Origin',(159.985450864515,-15.6518377797911,4.));
#11255=CARTESIAN_POINT('',(159.985450864515,-15.651837779791,4.));
#11256=CARTESIAN_POINT('',(159.985450864515,-15.651837779791,4.));
#11257=CARTESIAN_POINT('',(186.959360436787,-0.108654444735357,4.));
#11258=CARTESIAN_POINT('Origin',(155.,-7.,4.));
#11259=CARTESIAN_POINT('',(150.007279867389,-15.6476449376534,4.));
#11260=CARTESIAN_POINT('',(150.007279867389,-15.6476449376534,4.));
#11261=CARTESIAN_POINT('',(155.,-16.9854402652207,4.));
#11262=CARTESIAN_POINT('Origin',(155.,-7.,4.));
#11263=CARTESIAN_POINT('Origin',(155.,-7.,4.));
#11264=CARTESIAN_POINT('Origin',(122.904763816576,8.18789480661053E-15,
4.));
#11265=CARTESIAN_POINT('',(122.904763816576,0.,4.));
#11266=CARTESIAN_POINT('',(122.904763816576,0.,4.));
#11267=CARTESIAN_POINT('',(124.470450256833,-0.903949487748887,4.));
#11268=CARTESIAN_POINT('Origin',(195.,-7.00000000000002,7.5));
#11269=CARTESIAN_POINT('',(188.5,-7.00000000000003,8.));
#11270=CARTESIAN_POINT('Origin',(195.,-7.00000000000002,8.));
#11271=CARTESIAN_POINT('',(189.5,-7.00000000000002,7.));
#11272=CARTESIAN_POINT('',(189.,-7.00000000000003,7.5));
#11273=CARTESIAN_POINT('Origin',(195.,-7.00000000000002,7.));
#11274=CARTESIAN_POINT('Origin',(175.926835171778,83.,8.));
#11275=CARTESIAN_POINT('',(88.2134175858892,0.,8.));
#11276=CARTESIAN_POINT('',(148.5,-7.,8.));
#11277=CARTESIAN_POINT('Origin',(155.,-7.,8.));
#11278=CARTESIAN_POINT('Origin',(195.,-7.00000000000002,4.));
#11279=CARTESIAN_POINT('',(189.5,-7.00000000000003,4.));
#11280=CARTESIAN_POINT('',(189.5,-7.00000000000003,4.));
#11281=CARTESIAN_POINT('Origin',(195.,-7.00000000000002,4.));
#11282=CARTESIAN_POINT('Origin',(155.,-7.,7.5));
#11283=CARTESIAN_POINT('',(149.5,-7.,7.));
#11284=CARTESIAN_POINT('',(149.,-7.,7.5));
#11285=CARTESIAN_POINT('Origin',(155.,-7.,7.));
#11286=CARTESIAN_POINT('Origin',(155.,-7.,4.));
#11287=CARTESIAN_POINT('',(149.5,-7.,4.));
#11288=CARTESIAN_POINT('',(149.5,-7.,4.));
#11289=CARTESIAN_POINT('Origin',(155.,-7.,4.));
#11290=CARTESIAN_POINT('Origin',(175.,83.,4.));
#11291=CARTESIAN_POINT('',(14.0348,-16.9854402652207,4.));
#11292=CARTESIAN_POINT('Origin',(262.25,165.5,9.5));
#11293=CARTESIAN_POINT('',(241.555676207455,165.,10.));
#11294=CARTESIAN_POINT('',(242.133026476645,166.,9.));
#11295=CARTESIAN_POINT('',(243.668246981678,168.659079915539,6.34092008446091));
#11296=CARTESIAN_POINT('',(0.499999999999972,166.,9.));
#11297=CARTESIAN_POINT('',(262.25,166.,9.));
#11298=CARTESIAN_POINT('',(0.499999999999972,165.,10.));
#11299=CARTESIAN_POINT('',(0.499999999999972,166.,9.));
#11300=CARTESIAN_POINT('',(262.25,165.,10.));
#11301=CARTESIAN_POINT('Origin',(0.499999999999972,158.5,9.5));
#11302=CARTESIAN_POINT('',(-7.00000000000003,158.5,9.));
#11303=CARTESIAN_POINT('',(-6.00000000000001,158.5,10.));
#11304=CARTESIAN_POINT('',(-7.00000000000003,158.5,9.));
#11305=CARTESIAN_POINT('Origin',(0.499999999999972,158.5,10.));
#11306=CARTESIAN_POINT('Origin',(0.499999999999972,158.5,9.));
#11307=CARTESIAN_POINT('Origin',(-6.5,120.75,9.5));
#11308=CARTESIAN_POINT('',(-7.00000000000003,7.50000000000002,9.));
#11309=CARTESIAN_POINT('',(-5.99999999999996,7.50000000000002,10.));
#11310=CARTESIAN_POINT('',(-7.00000000000003,7.50000000000002,9.));
#11311=CARTESIAN_POINT('',(-6.,120.75,10.));
#11312=CARTESIAN_POINT('',(-7.00000000000001,120.75,9.));
#11313=CARTESIAN_POINT('Origin',(0.499999999999972,7.50000000000002,9.5));
#11314=CARTESIAN_POINT('',(0.499999999999972,1.22124532708767E-14,9.));
#11315=CARTESIAN_POINT('',(0.499999999999972,1.00000000000001,10.));
#11316=CARTESIAN_POINT('',(0.499999999999972,1.22124532708767E-14,9.));
#11317=CARTESIAN_POINT('Origin',(0.499999999999972,7.50000000000002,10.));
#11318=CARTESIAN_POINT('Origin',(0.499999999999972,7.50000000000002,9.));
#11319=CARTESIAN_POINT('Origin',(87.75,0.499999999999998,9.5));
#11320=CARTESIAN_POINT('',(242.133026476645,8.88178419700125E-15,9.));
#11321=CARTESIAN_POINT('',(241.555676207455,0.999999999999996,10.));
#11322=CARTESIAN_POINT('',(229.679129241074,21.5707827642506,30.5707827642507));
#11323=CARTESIAN_POINT('',(87.75,0.999999999999996,10.));
#11324=CARTESIAN_POINT('',(87.75,0.,9.));
#11325=CARTESIAN_POINT('Origin',(0.499999999999972,0.,4.));
#11326=CARTESIAN_POINT('',(0.499999999999972,1.22124532708767E-14,4.));
#11327=CARTESIAN_POINT('',(87.75,0.,4.));
#11328=CARTESIAN_POINT('',(87.75,0.,4.));
#11329=CARTESIAN_POINT('',(242.133026476645,-6.93889390390723E-17,8.));
#11330=CARTESIAN_POINT('',(88.2134175858892,0.,8.));
#11331=CARTESIAN_POINT('',(242.133026476645,8.88178419700125E-15,6.));
#11332=CARTESIAN_POINT('Origin',(0.499999999999972,7.50000000000002,4.));
#11333=CARTESIAN_POINT('',(-7.00000000000003,7.50000000000002,4.));
#11334=CARTESIAN_POINT('',(-7.00000000000003,7.50000000000002,4.));
#11335=CARTESIAN_POINT('Origin',(0.499999999999972,7.50000000000002,4.));
#11336=CARTESIAN_POINT('Origin',(-7.00000000000002,158.5,4.));
#11337=CARTESIAN_POINT('',(-7.00000000000003,158.5,4.));
#11338=CARTESIAN_POINT('',(-7.00000000000003,158.5,4.));
#11339=CARTESIAN_POINT('',(-7.00000000000001,120.75,4.));
#11340=CARTESIAN_POINT('Origin',(0.499999999999972,158.5,4.));
#11341=CARTESIAN_POINT('',(0.499999999999972,166.,4.));
#11342=CARTESIAN_POINT('Origin',(0.499999999999972,158.5,4.));
#11343=CARTESIAN_POINT('Origin',(349.5,166.,4.));
#11344=CARTESIAN_POINT('',(242.133026476645,166.,8.));
#11345=CARTESIAN_POINT('',(242.133026476645,166.,6.));
#11346=CARTESIAN_POINT('',(262.713417585889,166.,8.));
#11347=CARTESIAN_POINT('',(262.25,166.,4.));
#11348=CARTESIAN_POINT('',(262.25,166.,4.));
#11349=CARTESIAN_POINT('Ctrl Pts',(143.688388515077,65.1251179851116,4.));
#11350=CARTESIAN_POINT('Ctrl Pts',(143.688388515077,65.1251179851116,6.));
#11351=CARTESIAN_POINT('Ctrl Pts',(143.688388515077,65.1251179851116,8.));
#11352=CARTESIAN_POINT('Ctrl Pts',(143.688388515077,65.1251179851116,10.));
#11353=CARTESIAN_POINT('Ctrl Pts',(143.788622867216,65.5153533745907,4.));
#11354=CARTESIAN_POINT('Ctrl Pts',(143.788622867216,65.5153533745907,6.));
#11355=CARTESIAN_POINT('Ctrl Pts',(143.788622867216,65.5153533745907,8.));
#11356=CARTESIAN_POINT('Ctrl Pts',(143.788622867216,65.5153533745907,10.));
#11357=CARTESIAN_POINT('Ctrl Pts',(144.322164130017,66.208044251964,4.));
#11358=CARTESIAN_POINT('Ctrl Pts',(144.322164130017,66.208044251964,6.));
#11359=CARTESIAN_POINT('Ctrl Pts',(144.322164130017,66.208044251964,8.));
#11360=CARTESIAN_POINT('Ctrl Pts',(144.322164130017,66.208044251964,10.));
#11361=CARTESIAN_POINT('Ctrl Pts',(145.403433432133,66.326616406311,4.));
#11362=CARTESIAN_POINT('Ctrl Pts',(145.403433432133,66.326616406311,6.));
#11363=CARTESIAN_POINT('Ctrl Pts',(145.403433432133,66.326616406311,8.));
#11364=CARTESIAN_POINT('Ctrl Pts',(145.403433432133,66.326616406311,10.));
#11365=CARTESIAN_POINT('Ctrl Pts',(146.309806645661,65.8363729061573,4.));
#11366=CARTESIAN_POINT('Ctrl Pts',(146.309806645661,65.8363729061573,6.));
#11367=CARTESIAN_POINT('Ctrl Pts',(146.309806645661,65.8363729061573,8.));
#11368=CARTESIAN_POINT('Ctrl Pts',(146.309806645661,65.8363729061573,10.));
#11369=CARTESIAN_POINT('Ctrl Pts',(146.609449286777,65.2585612467693,4.));
#11370=CARTESIAN_POINT('Ctrl Pts',(146.609449286777,65.2585612467693,6.));
#11371=CARTESIAN_POINT('Ctrl Pts',(146.609449286777,65.2585612467693,8.));
#11372=CARTESIAN_POINT('Ctrl Pts',(146.609449286777,65.2585612467693,10.));
#11373=CARTESIAN_POINT('Ctrl Pts',(146.637570267705,64.8566411116899,4.));
#11374=CARTESIAN_POINT('Ctrl Pts',(146.637570267705,64.8566411116899,6.));
#11375=CARTESIAN_POINT('Ctrl Pts',(146.637570267705,64.8566411116899,8.));
#11376=CARTESIAN_POINT('Ctrl Pts',(146.637570267705,64.8566411116899,10.));
#11377=CARTESIAN_POINT('',(143.688388515077,65.1251179851116,10.));
#11378=CARTESIAN_POINT('',(146.637570267705,64.8566411116899,10.));
#11379=CARTESIAN_POINT('Ctrl Pts',(143.688388515077,65.1251179851116,10.));
#11380=CARTESIAN_POINT('Ctrl Pts',(143.788622867216,65.5153533745907,10.));
#11381=CARTESIAN_POINT('Ctrl Pts',(144.055393498617,65.8616988132773,10.));
#11382=CARTESIAN_POINT('Ctrl Pts',(144.40503267474,66.05858596349,10.));
#11383=CARTESIAN_POINT('Ctrl Pts',(144.754671850864,66.2554731137028,10.));
#11384=CARTESIAN_POINT('Ctrl Pts',(145.18717957171,66.3029019754416,10.));
#11385=CARTESIAN_POINT('Ctrl Pts',(145.5730483356,66.1879799959802,10.));
#11386=CARTESIAN_POINT('Ctrl Pts',(145.765982717544,66.1305190062495,10.));
#11387=CARTESIAN_POINT('Ctrl Pts',(145.94725736025,66.0324703062188,10.));
#11388=CARTESIAN_POINT('Ctrl Pts',(146.101400748844,65.9029032107107,10.));
#11389=CARTESIAN_POINT('Ctrl Pts',(146.409687526033,65.6437690196947,10.));
#11390=CARTESIAN_POINT('Ctrl Pts',(146.609449286777,65.2585612467693,10.));
#11391=CARTESIAN_POINT('Ctrl Pts',(146.637570267705,64.8566411116899,10.));
#11392=CARTESIAN_POINT('Ctrl Pts',(146.637570267705,64.8566411116899,10.));
#11393=CARTESIAN_POINT('Ctrl Pts',(146.637570267705,64.8566411116899,8.));
#11394=CARTESIAN_POINT('Ctrl Pts',(146.637570267705,64.8566411116899,6.));
#11395=CARTESIAN_POINT('Ctrl Pts',(146.637570267705,64.8566411116899,4.));
#11396=CARTESIAN_POINT('Ctrl Pts',(143.688388515077,65.1251179851116,4.));
#11397=CARTESIAN_POINT('Ctrl Pts',(143.688388515077,65.1251179851116,6.));
#11398=CARTESIAN_POINT('Ctrl Pts',(143.688388515077,65.1251179851116,8.));
#11399=CARTESIAN_POINT('Ctrl Pts',(143.688388515077,65.1251179851116,10.));
#11400=CARTESIAN_POINT('Ctrl Pts',(175.,11.8319212832288,4.));
#11401=CARTESIAN_POINT('Ctrl Pts',(175.,11.8319212832288,10.));
#11402=CARTESIAN_POINT('Ctrl Pts',(170.894311784327,12.4342342128032,4.));
#11403=CARTESIAN_POINT('Ctrl Pts',(170.894311784327,12.4342342128032,10.));
#11404=CARTESIAN_POINT('Ctrl Pts',(167.058926891745,13.6314996051283,4.));
#11405=CARTESIAN_POINT('Ctrl Pts',(167.058926891745,13.6314996051283,10.));
#11406=CARTESIAN_POINT('Ctrl Pts',(160.872714093733,17.2611554306599,4.));
#11407=CARTESIAN_POINT('Ctrl Pts',(160.872714093733,17.2611554306599,10.));
#11408=CARTESIAN_POINT('Ctrl Pts',(158.479310422696,19.2171378458142,4.));
#11409=CARTESIAN_POINT('Ctrl Pts',(158.479310422696,19.2171378458142,10.));
#11410=CARTESIAN_POINT('Ctrl Pts',(153.933466329788,24.6514193444854,4.));
#11411=CARTESIAN_POINT('Ctrl Pts',(153.933466329788,24.6514193444854,10.));
#11412=CARTESIAN_POINT('Ctrl Pts',(152.553690236781,27.9406946208087,4.));
#11413=CARTESIAN_POINT('Ctrl Pts',(152.553690236781,27.9406946208087,10.));
#11414=CARTESIAN_POINT('Ctrl Pts',(151.093489096972,32.5589761151467,4.));
#11415=CARTESIAN_POINT('Ctrl Pts',(151.093489096972,32.5589761151467,10.));
#11416=CARTESIAN_POINT('Ctrl Pts',(150.020460851938,36.1312027216663,4.));
#11417=CARTESIAN_POINT('Ctrl Pts',(150.020460851938,36.1312027216663,10.));
#11418=CARTESIAN_POINT('Ctrl Pts',(147.596166738001,53.0487933530403,4.));
#11419=CARTESIAN_POINT('Ctrl Pts',(147.596166738001,53.0487933530403,10.));
#11420=CARTESIAN_POINT('Ctrl Pts',(146.801941935046,61.1865783569654,4.));
#11421=CARTESIAN_POINT('Ctrl Pts',(146.801941935046,61.1865783569654,10.));
#11422=CARTESIAN_POINT('Ctrl Pts',(146.377633775372,69.0515690695357,4.));
#11423=CARTESIAN_POINT('Ctrl Pts',(146.377633775372,69.0515690695357,10.));
#11424=CARTESIAN_POINT('',(175.,11.8319212832288,10.));
#11425=CARTESIAN_POINT('Ctrl Pts',(175.,11.8319212832288,10.));
#11426=CARTESIAN_POINT('Ctrl Pts',(170.894311784327,12.4342342128032,10.));
#11427=CARTESIAN_POINT('Ctrl Pts',(167.058926891745,13.6314996051283,10.));
#11428=CARTESIAN_POINT('Ctrl Pts',(163.472314798863,15.7358836445898,10.));
#11429=CARTESIAN_POINT('Ctrl Pts',(160.872714093733,17.2611554306599,10.));
#11430=CARTESIAN_POINT('Ctrl Pts',(158.479310422696,19.2171378458142,10.));
#11431=CARTESIAN_POINT('Ctrl Pts',(156.542735157466,21.5321963738971,10.));
#11432=CARTESIAN_POINT('Ctrl Pts',(153.933466329788,24.6514193444854,10.));
#11433=CARTESIAN_POINT('Ctrl Pts',(152.553690236781,27.9406946208087,10.));
#11434=CARTESIAN_POINT('Ctrl Pts',(151.647270979549,30.8074909597941,10.));
#11435=CARTESIAN_POINT('Ctrl Pts',(151.093489096972,32.5589761151467,10.));
#11436=CARTESIAN_POINT('Ctrl Pts',(150.020460851938,36.1312027216663,10.));
#11437=CARTESIAN_POINT('Ctrl Pts',(148.665909556151,45.5837457029717,10.));
#11438=CARTESIAN_POINT('Ctrl Pts',(147.78543286977,51.7280266526412,10.));
#11439=CARTESIAN_POINT('Ctrl Pts',(147.091605740726,58.3280532246493,10.));
#11440=CARTESIAN_POINT('Ctrl Pts',(146.637063956806,64.8566058604677,10.));
#11441=CARTESIAN_POINT('',(175.,11.8319212832288,4.));
#11442=CARTESIAN_POINT('Origin',(175.,83.,10.));
#11443=CARTESIAN_POINT('',(242.477054863422,-0.595874645144447,10.));
#11444=CARTESIAN_POINT('',(222.33742946154,34.2869797963205,10.));
#11445=CARTESIAN_POINT('',(252.522949547322,-0.595874645144337,10.));
#11446=CARTESIAN_POINT('Origin',(247.500002205372,2.30412535485566,10.));
#11447=CARTESIAN_POINT('',(252.866977934099,0.,10.));
#11448=CARTESIAN_POINT('',(269.994118903147,29.6650783467845,10.));
#11449=CARTESIAN_POINT('',(349.5,1.77635683940025E-14,10.));
#11450=CARTESIAN_POINT('',(87.75,0.,10.));
#11451=CARTESIAN_POINT('',(357.,7.50000000000002,10.));
#11452=CARTESIAN_POINT('Origin',(349.5,7.50000000000002,10.));
#11453=CARTESIAN_POINT('',(357.,158.5,10.));
#11454=CARTESIAN_POINT('',(357.,45.25,10.));
#11455=CARTESIAN_POINT('',(349.5,166.,10.));
#11456=CARTESIAN_POINT('Origin',(349.5,158.5,10.));
#11457=CARTESIAN_POINT('',(252.866977934099,166.,10.));
#11458=CARTESIAN_POINT('',(262.25,166.,10.));
#11459=CARTESIAN_POINT('',(252.522949547322,166.595874645144,10.));
#11460=CARTESIAN_POINT('',(272.662574949204,131.71302020368,10.));
#11461=CARTESIAN_POINT('',(242.477054863422,166.595874645145,10.));
#11462=CARTESIAN_POINT('Origin',(247.500002205372,163.695874645144,10.));
#11463=CARTESIAN_POINT('',(225.005885507597,136.334921653215,10.));
#11464=CARTESIAN_POINT('',(247.500002216165,9.9554491591635,10.));
#11465=CARTESIAN_POINT('',(184.455052011921,11.1283607763625,10.));
#11466=CARTESIAN_POINT('',(207.434860009973,10.700835912363,10.));
#11467=CARTESIAN_POINT('Ctrl Pts',(184.455052011921,11.1283607763625,10.));
#11468=CARTESIAN_POINT('Ctrl Pts',(181.685888081538,11.2428853080388,10.));
#11469=CARTESIAN_POINT('Ctrl Pts',(181.135155851547,11.2641121097171,10.));
#11470=CARTESIAN_POINT('Ctrl Pts',(179.879058953664,11.3437711703055,10.));
#11471=CARTESIAN_POINT('Ctrl Pts',(178.217580227961,11.4491387058038,10.));
#11472=CARTESIAN_POINT('Ctrl Pts',(176.580521140886,11.6000555719,10.));
#11473=CARTESIAN_POINT('Ctrl Pts',(175.,11.8319212832288,10.));
#11474=CARTESIAN_POINT('',(143.688388515077,100.874882014889,10.));
#11475=CARTESIAN_POINT('Origin',(74.0973611268153,83.0000000000001,10.));
#11476=CARTESIAN_POINT('',(146.637570267705,101.14335888831,10.));
#11477=CARTESIAN_POINT('Ctrl Pts',(146.637570267705,101.14335888831,10.));
#11478=CARTESIAN_POINT('Ctrl Pts',(146.609449286777,100.741438753231,10.));
#11479=CARTESIAN_POINT('Ctrl Pts',(146.409601516127,100.352620867111,10.));
#11480=CARTESIAN_POINT('Ctrl Pts',(146.101261923629,100.095837684705,10.));
#11481=CARTESIAN_POINT('Ctrl Pts',(145.792922331131,99.839054502298,10.));
#11482=CARTESIAN_POINT('Ctrl Pts',(145.376090916785,99.7143060236049,10.));
#11483=CARTESIAN_POINT('Ctrl Pts',(144.97581484396,99.7576622295876,10.));
#11484=CARTESIAN_POINT('Ctrl Pts',(144.775676807547,99.7793403325789,10.));
#11485=CARTESIAN_POINT('Ctrl Pts',(144.579677606515,99.8430446067391,10.));
#11486=CARTESIAN_POINT('Ctrl Pts',(144.404671879468,99.9426467306626,10.));
#11487=CARTESIAN_POINT('Ctrl Pts',(144.054660425373,100.14185097851,10.));
#11488=CARTESIAN_POINT('Ctrl Pts',(143.788622867216,100.48464662541,10.));
#11489=CARTESIAN_POINT('Ctrl Pts',(143.688388515077,100.874882014889,10.));
#11490=CARTESIAN_POINT('',(175.,154.168078716771,10.));
#11491=CARTESIAN_POINT('Ctrl Pts',(146.637095109655,101.143391980187,10.));
#11492=CARTESIAN_POINT('Ctrl Pts',(147.071170446411,107.37617198151,10.));
#11493=CARTESIAN_POINT('Ctrl Pts',(147.721099036179,113.635416324117,10.));
#11494=CARTESIAN_POINT('Ctrl Pts',(148.536135736003,119.496934064691,10.));
#11495=CARTESIAN_POINT('Ctrl Pts',(150.041875210933,130.325794466809,10.));
#11496=CARTESIAN_POINT('Ctrl Pts',(151.278407963985,134.148365899194,10.));
#11497=CARTESIAN_POINT('Ctrl Pts',(151.938551928655,136.078154363596,10.));
#11498=CARTESIAN_POINT('Ctrl Pts',(152.557125181204,137.88641981938,10.));
#11499=CARTESIAN_POINT('Ctrl Pts',(153.767822432077,140.984374945418,10.));
#11500=CARTESIAN_POINT('Ctrl Pts',(156.16456436214,144.003802363121,10.));
#11501=CARTESIAN_POINT('Ctrl Pts',(158.14866765473,146.503385570664,10.));
#11502=CARTESIAN_POINT('Ctrl Pts',(160.809464102444,148.781483186567,10.));
#11503=CARTESIAN_POINT('Ctrl Pts',(163.984324128704,150.55748668704,10.));
#11504=CARTESIAN_POINT('Ctrl Pts',(167.204037444182,152.358580931042,10.));
#11505=CARTESIAN_POINT('Ctrl Pts',(170.781574851319,153.549227046595,10.));
#11506=CARTESIAN_POINT('Ctrl Pts',(175.,154.168078716771,10.));
#11507=CARTESIAN_POINT('',(184.455052013429,154.8716392237,10.));
#11508=CARTESIAN_POINT('Ctrl Pts',(175.,154.168078716771,10.));
#11509=CARTESIAN_POINT('Ctrl Pts',(176.580521141138,154.399944428137,10.));
#11510=CARTESIAN_POINT('Ctrl Pts',(178.217580228453,154.550861294243,10.));
#11511=CARTESIAN_POINT('Ctrl Pts',(179.879058954463,154.656228829745,10.));
#11512=CARTESIAN_POINT('Ctrl Pts',(181.135155861058,154.735887890875,10.));
#11513=CARTESIAN_POINT('Ctrl Pts',(181.685888083992,154.757114692063,10.));
#11514=CARTESIAN_POINT('Ctrl Pts',(184.455052013429,154.8716392237,10.));
#11515=CARTESIAN_POINT('',(247.500002216211,156.044550840836,10.));
#11516=CARTESIAN_POINT('',(179.060829763607,154.771283113942,10.));
#11517=CARTESIAN_POINT('',(310.544952399238,154.871639223621,10.));
#11518=CARTESIAN_POINT('',(215.09022740293,156.647514302295,10.));
#11519=CARTESIAN_POINT('',(346.825,116.721026460964,10.));
#11520=CARTESIAN_POINT('Ctrl Pts',(310.544952399253,154.87163922362,10.));
#11521=CARTESIAN_POINT('Ctrl Pts',(314.318332422132,154.715583247585,10.));
#11522=CARTESIAN_POINT('Ctrl Pts',(317.684671992729,154.576361275728,10.));
#11523=CARTESIAN_POINT('Ctrl Pts',(320.980529806164,154.013325691664,10.));
#11524=CARTESIAN_POINT('Ctrl Pts',(323.628963350823,153.560890419246,10.));
#11525=CARTESIAN_POINT('Ctrl Pts',(327.178607517118,152.674516853091,10.));
#11526=CARTESIAN_POINT('Ctrl Pts',(330.891098909358,150.629878072961,10.));
#11527=CARTESIAN_POINT('Ctrl Pts',(333.620884210253,149.126460476005,10.));
#11528=CARTESIAN_POINT('Ctrl Pts',(336.114710991583,147.174400630712,10.));
#11529=CARTESIAN_POINT('Ctrl Pts',(338.162932979233,144.813803174151,10.));
#11530=CARTESIAN_POINT('Ctrl Pts',(340.688965371221,141.902524184045,10.));
#11531=CARTESIAN_POINT('Ctrl Pts',(342.147857457294,138.824121047546,10.));
#11532=CARTESIAN_POINT('Ctrl Pts',(343.15221883093,135.809152515744,10.));
#11533=CARTESIAN_POINT('Ctrl Pts',(343.864750073342,133.670221917469,10.));
#11534=CARTESIAN_POINT('Ctrl Pts',(345.306906019428,128.69243236043,10.));
#11535=CARTESIAN_POINT('Ctrl Pts',(346.825,116.721026460964,10.));
#11536=CARTESIAN_POINT('',(346.825,49.2789735390363,10.));
#11537=CARTESIAN_POINT('',(346.825,99.8605132304821,10.));
#11538=CARTESIAN_POINT('',(310.544952397306,11.1283607762997,10.));
#11539=CARTESIAN_POINT('Ctrl Pts',(346.825,49.2789735390363,10.));
#11540=CARTESIAN_POINT('Ctrl Pts',(346.183806233511,44.2226391242471,10.));
#11541=CARTESIAN_POINT('Ctrl Pts',(345.421709861452,39.3237679818845,10.));
#11542=CARTESIAN_POINT('Ctrl Pts',(344.558909433195,35.4181120625607,10.));
#11543=CARTESIAN_POINT('Ctrl Pts',(343.7212730357,31.6263666635329,10.));
#11544=CARTESIAN_POINT('Ctrl Pts',(342.742772991255,28.49627240149,10.));
#11545=CARTESIAN_POINT('Ctrl Pts',(341.24518973966,25.6804288956782,10.));
#11546=CARTESIAN_POINT('Ctrl Pts',(340.181241436435,23.6799311490844,10.));
#11547=CARTESIAN_POINT('Ctrl Pts',(338.342473648287,20.86465167966,10.));
#11548=CARTESIAN_POINT('Ctrl Pts',(335.063241275594,18.1829194545355,10.));
#11549=CARTESIAN_POINT('Ctrl Pts',(332.393362356735,15.9995120225071,10.));
#11550=CARTESIAN_POINT('Ctrl Pts',(329.149092832162,14.1870389628447,10.));
#11551=CARTESIAN_POINT('Ctrl Pts',(325.253120186271,12.9920667253128,10.));
#11552=CARTESIAN_POINT('Ctrl Pts',(320.522166501544,11.5409892090828,10.));
#11553=CARTESIAN_POINT('Ctrl Pts',(315.900505751998,11.3498508199475,10.));
#11554=CARTESIAN_POINT('Ctrl Pts',(310.544952397306,11.1283607762997,10.));
#11555=CARTESIAN_POINT('',(243.464257649066,9.88036667162176,10.));
#11556=CARTESIAN_POINT('',(244.700002205372,2.30412535485566,10.));
#11557=CARTESIAN_POINT('Origin',(247.500002205372,2.30412535485566,10.));
#11558=CARTESIAN_POINT('',(244.700002205372,163.695874645144,10.));
#11559=CARTESIAN_POINT('Origin',(247.500002205372,163.695874645144,10.));
#11560=CARTESIAN_POINT('',(343.382256916708,19.0796394979911,10.));
#11561=CARTESIAN_POINT('Origin',(346.182256916708,19.0796394979911,10.));
#11562=CARTESIAN_POINT('',(343.382256916708,146.920360502009,10.));
#11563=CARTESIAN_POINT('Origin',(346.182256916708,146.920360502009,10.));
#11564=CARTESIAN_POINT('',(121.048617525958,146.920360502009,10.));
#11565=CARTESIAN_POINT('Origin',(123.848617525958,146.920360502009,10.));
#11566=CARTESIAN_POINT('',(21.5157806924035,19.1032532169893,10.));
#11567=CARTESIAN_POINT('Origin',(24.3157806924035,19.1032532169893,10.));
#11568=CARTESIAN_POINT('',(7.37700062480624,132.751256399142,10.));
#11569=CARTESIAN_POINT('Origin',(10.1770006248062,132.751256399142,10.));
#11570=CARTESIAN_POINT('',(121.048617525958,19.0796394979911,10.));
#11571=CARTESIAN_POINT('Origin',(123.848617525958,19.0796394979911,10.));
#11572=CARTESIAN_POINT('',(139.186697691663,127.181873893995,10.));
#11573=CARTESIAN_POINT('Origin',(141.986697691663,127.181873893995,10.));
#11574=CARTESIAN_POINT('',(349.112400147687,33.2487436008577,10.));
#11575=CARTESIAN_POINT('Origin',(351.912400147687,33.2487436008577,10.));
#11576=CARTESIAN_POINT('',(146.017747494035,19.0796394979911,10.));
#11577=CARTESIAN_POINT('Origin',(148.817747494035,19.0796394979911,10.));
#11578=CARTESIAN_POINT('',(7.37700062480624,33.2487436008577,10.));
#11579=CARTESIAN_POINT('Origin',(10.1770006248062,33.2487436008577,10.));
#11580=CARTESIAN_POINT('',(21.5157806924035,146.896746783011,10.));
#11581=CARTESIAN_POINT('Origin',(24.3157806924035,146.896746783011,10.));
#11582=CARTESIAN_POINT('',(139.186697691663,38.8181261060049,10.));
#11583=CARTESIAN_POINT('Origin',(141.986697691663,38.8181261060049,10.));
#11584=CARTESIAN_POINT('',(146.017747494035,146.920360502009,10.));
#11585=CARTESIAN_POINT('Origin',(148.817747494035,146.920360502009,10.));
#11586=CARTESIAN_POINT('',(349.112400147687,132.751256399142,10.));
#11587=CARTESIAN_POINT('Origin',(351.912400147687,132.751256399142,10.));
#11588=CARTESIAN_POINT('Origin',(74.0973611268153,83.0000000000001,4.));
#11589=CARTESIAN_POINT('Ctrl Pts',(143.688388515077,100.874882014889,10.));
#11590=CARTESIAN_POINT('Ctrl Pts',(143.688388515077,100.874882014889,8.));
#11591=CARTESIAN_POINT('Ctrl Pts',(143.688388515077,100.874882014889,6.));
#11592=CARTESIAN_POINT('Ctrl Pts',(143.688388515077,100.874882014889,4.));
#11593=CARTESIAN_POINT('Ctrl Pts',(146.637570267705,101.14335888831,4.));
#11594=CARTESIAN_POINT('Ctrl Pts',(146.637570267705,101.14335888831,6.));
#11595=CARTESIAN_POINT('Ctrl Pts',(146.637570267705,101.14335888831,8.));
#11596=CARTESIAN_POINT('Ctrl Pts',(146.637570267705,101.14335888831,10.));
#11597=CARTESIAN_POINT('Ctrl Pts',(146.609449286777,100.741438753231,4.));
#11598=CARTESIAN_POINT('Ctrl Pts',(146.609449286777,100.741438753231,6.));
#11599=CARTESIAN_POINT('Ctrl Pts',(146.609449286777,100.741438753231,8.));
#11600=CARTESIAN_POINT('Ctrl Pts',(146.609449286777,100.741438753231,10.));
#11601=CARTESIAN_POINT('Ctrl Pts',(146.209753745478,99.9638029809911,4.));
#11602=CARTESIAN_POINT('Ctrl Pts',(146.209753745478,99.9638029809911,5.99999999999999));
#11603=CARTESIAN_POINT('Ctrl Pts',(146.209753745478,99.9638029809911,8.));
#11604=CARTESIAN_POINT('Ctrl Pts',(146.209753745478,99.9638029809911,10.));
#11605=CARTESIAN_POINT('Ctrl Pts',(145.167675209612,99.6519317842584,4.));
#11606=CARTESIAN_POINT('Ctrl Pts',(145.167675209612,99.6519317842584,6.));
#11607=CARTESIAN_POINT('Ctrl Pts',(145.167675209612,99.6519317842584,8.));
#11608=CARTESIAN_POINT('Ctrl Pts',(145.167675209612,99.6519317842584,10.));
#11609=CARTESIAN_POINT('Ctrl Pts',(144.187679204451,99.9704531550596,4.));
#11610=CARTESIAN_POINT('Ctrl Pts',(144.187679204451,99.9704531550596,5.99999999999999));
#11611=CARTESIAN_POINT('Ctrl Pts',(144.187679204451,99.9704531550596,8.));
#11612=CARTESIAN_POINT('Ctrl Pts',(144.187679204451,99.9704531550596,10.));
#11613=CARTESIAN_POINT('Ctrl Pts',(143.788622867216,100.48464662541,4.));
#11614=CARTESIAN_POINT('Ctrl Pts',(143.788622867216,100.48464662541,6.));
#11615=CARTESIAN_POINT('Ctrl Pts',(143.788622867216,100.48464662541,8.));
#11616=CARTESIAN_POINT('Ctrl Pts',(143.788622867216,100.48464662541,10.));
#11617=CARTESIAN_POINT('Ctrl Pts',(143.688388515077,100.874882014889,4.));
#11618=CARTESIAN_POINT('Ctrl Pts',(143.688388515077,100.874882014889,6.));
#11619=CARTESIAN_POINT('Ctrl Pts',(143.688388515077,100.874882014889,8.));
#11620=CARTESIAN_POINT('Ctrl Pts',(143.688388515077,100.874882014889,10.));
#11621=CARTESIAN_POINT('Ctrl Pts',(146.637570267705,101.14335888831,4.));
#11622=CARTESIAN_POINT('Ctrl Pts',(146.637570267705,101.14335888831,6.));
#11623=CARTESIAN_POINT('Ctrl Pts',(146.637570267705,101.14335888831,8.));
#11624=CARTESIAN_POINT('Ctrl Pts',(146.637570267705,101.14335888831,10.));
#11625=CARTESIAN_POINT('Origin',(252.522949547322,-0.595874645144337,8.));
#11626=CARTESIAN_POINT('',(252.866977934099,-6.93889390390723E-17,8.));
#11627=CARTESIAN_POINT('',(252.866977934099,0.,6.));
#11628=CARTESIAN_POINT('',(252.522949547322,-0.595874645144337,8.));
#11629=CARTESIAN_POINT('',(252.522949547322,-0.595874645144337,8.));
#11630=CARTESIAN_POINT('',(261.047473023947,14.1690331266846,8.));
#11631=CARTESIAN_POINT('Origin',(247.500002205372,2.30412535485566,8.));
#11632=CARTESIAN_POINT('',(242.477054863422,-0.595874645144447,8.));
#11633=CARTESIAN_POINT('',(242.477054863422,-0.595874645144447,8.));
#11634=CARTESIAN_POINT('Origin',(247.500002205372,2.30412535485566,8.));
#11635=CARTESIAN_POINT('Origin',(237.140142771307,8.64792825392716,8.));
#11636=CARTESIAN_POINT('',(213.390783582341,49.7830250164202,8.));
#11637=CARTESIAN_POINT('Origin',(175.926835171778,83.,8.));
#11638=CARTESIAN_POINT('',(88.2134175858892,0.,8.));
#11639=CARTESIAN_POINT('Origin',(242.477054863422,166.595874645145,8.));
#11640=CARTESIAN_POINT('',(242.477054863422,166.595874645145,8.));
#11641=CARTESIAN_POINT('',(242.477054863422,166.595874645145,8.));
#11642=CARTESIAN_POINT('',(216.059239628398,120.838876433116,8.));
#11643=CARTESIAN_POINT('Origin',(247.500002205372,163.695874645144,8.));
#11644=CARTESIAN_POINT('',(252.522949547322,166.595874645144,8.));
#11645=CARTESIAN_POINT('',(252.522949547322,166.595874645144,8.));
#11646=CARTESIAN_POINT('Origin',(247.500002205372,163.695874645144,8.));
#11647=CARTESIAN_POINT('Origin',(257.859861639437,157.352071746073,8.));
#11648=CARTESIAN_POINT('',(252.866977934099,166.,8.));
#11649=CARTESIAN_POINT('',(252.866977934099,166.,6.));
#11650=CARTESIAN_POINT('',(263.715929070005,147.20906542378,8.));
#11651=CARTESIAN_POINT('Origin',(175.926835171778,83.,8.));
#11652=CARTESIAN_POINT('',(262.713417585889,166.,8.));
#11653=CARTESIAN_POINT('Origin',(349.5,166.,4.));
#11654=CARTESIAN_POINT('',(349.5,166.,4.));
#11655=CARTESIAN_POINT('',(262.25,166.,4.));
#11656=CARTESIAN_POINT('Origin',(181.044700386246,83.,1.9));
#11657=CARTESIAN_POINT('',(343.382256916708,19.0796394979911,1.9));
#11658=CARTESIAN_POINT('Origin',(346.182256916708,19.0796394979911,1.9));
#11659=CARTESIAN_POINT('Origin',(181.044700386246,83.,1.9));
#11660=CARTESIAN_POINT('',(343.382256916708,146.920360502009,1.9));
#11661=CARTESIAN_POINT('Origin',(346.182256916708,146.920360502009,1.9));
#11662=CARTESIAN_POINT('Origin',(351.912400147687,132.751256399142,10.));
#11663=CARTESIAN_POINT('',(349.112400147687,132.751256399142,1.9));
#11664=CARTESIAN_POINT('',(349.112400147687,132.751256399142,10.));
#11665=CARTESIAN_POINT('Origin',(351.912400147687,132.751256399142,1.9));
#11666=CARTESIAN_POINT('Origin',(181.044700386246,83.,1.9));
#11667=CARTESIAN_POINT('Origin',(148.817747494035,146.920360502009,10.));
#11668=CARTESIAN_POINT('',(146.017747494035,146.920360502009,1.9));
#11669=CARTESIAN_POINT('',(146.017747494035,146.920360502009,10.));
#11670=CARTESIAN_POINT('Origin',(148.817747494035,146.920360502009,1.9));
#11671=CARTESIAN_POINT('Origin',(181.044700386246,83.,1.9));
#11672=CARTESIAN_POINT('Origin',(141.986697691663,38.8181261060049,10.));
#11673=CARTESIAN_POINT('',(139.186697691663,38.8181261060049,1.9));
#11674=CARTESIAN_POINT('',(139.186697691663,38.8181261060049,10.));
#11675=CARTESIAN_POINT('Origin',(141.986697691663,38.8181261060049,1.9));
#11676=CARTESIAN_POINT('Origin',(181.044700386246,83.,1.9));
#11677=CARTESIAN_POINT('Origin',(24.3157806924035,146.896746783011,10.));
#11678=CARTESIAN_POINT('',(21.5157806924035,146.896746783011,1.9));
#11679=CARTESIAN_POINT('',(21.5157806924035,146.896746783011,10.));
#11680=CARTESIAN_POINT('Origin',(24.3157806924035,146.896746783011,1.9));
#11681=CARTESIAN_POINT('Origin',(181.044700386246,83.,1.9));
#11682=CARTESIAN_POINT('Origin',(10.1770006248062,33.2487436008577,10.));
#11683=CARTESIAN_POINT('',(7.37700062480624,33.2487436008577,1.9));
#11684=CARTESIAN_POINT('',(7.37700062480624,33.2487436008577,10.));
#11685=CARTESIAN_POINT('Origin',(10.1770006248062,33.2487436008577,1.9));
#11686=CARTESIAN_POINT('Origin',(181.044700386246,83.,1.9));
#11687=CARTESIAN_POINT('Origin',(148.817747494035,19.0796394979911,10.));
#11688=CARTESIAN_POINT('',(146.017747494035,19.0796394979911,1.9));
#11689=CARTESIAN_POINT('',(146.017747494035,19.0796394979911,10.));
#11690=CARTESIAN_POINT('Origin',(148.817747494035,19.0796394979911,1.9));
#11691=CARTESIAN_POINT('Origin',(181.044700386246,83.,1.9));
#11692=CARTESIAN_POINT('Origin',(247.500002205372,163.695874645144,10.));
#11693=CARTESIAN_POINT('',(244.700002205372,163.695874645144,1.9));
#11694=CARTESIAN_POINT('',(244.700002205372,163.695874645144,10.));
#11695=CARTESIAN_POINT('Origin',(247.500002205372,163.695874645144,1.9));
#11696=CARTESIAN_POINT('Origin',(181.044700386246,83.,1.9));
#11697=CARTESIAN_POINT('Origin',(351.912400147687,33.2487436008577,10.));
#11698=CARTESIAN_POINT('',(349.112400147687,33.2487436008577,1.9));
#11699=CARTESIAN_POINT('',(349.112400147687,33.2487436008577,10.));
#11700=CARTESIAN_POINT('Origin',(351.912400147687,33.2487436008577,1.9));
#11701=CARTESIAN_POINT('Origin',(181.044700386246,83.,1.9));
#11702=CARTESIAN_POINT('Origin',(141.986697691663,127.181873893995,10.));
#11703=CARTESIAN_POINT('',(139.186697691663,127.181873893995,1.9));
#11704=CARTESIAN_POINT('',(139.186697691663,127.181873893995,10.));
#11705=CARTESIAN_POINT('Origin',(141.986697691663,127.181873893995,1.9));
#11706=CARTESIAN_POINT('Origin',(181.044700386246,83.,1.9));
#11707=CARTESIAN_POINT('Origin',(123.848617525958,19.0796394979911,10.));
#11708=CARTESIAN_POINT('',(121.048617525958,19.0796394979911,1.9));
#11709=CARTESIAN_POINT('',(121.048617525958,19.0796394979911,10.));
#11710=CARTESIAN_POINT('Origin',(123.848617525958,19.0796394979911,1.9));
#11711=CARTESIAN_POINT('Origin',(181.044700386246,83.,1.9));
#11712=CARTESIAN_POINT('Origin',(10.1770006248062,132.751256399142,10.));
#11713=CARTESIAN_POINT('',(7.37700062480624,132.751256399142,1.9));
#11714=CARTESIAN_POINT('',(7.37700062480624,132.751256399142,10.));
#11715=CARTESIAN_POINT('Origin',(10.1770006248062,132.751256399142,1.9));
#11716=CARTESIAN_POINT('Origin',(181.044700386246,83.,1.9));
#11717=CARTESIAN_POINT('Origin',(24.3157806924035,19.1032532169893,10.));
#11718=CARTESIAN_POINT('',(21.5157806924035,19.1032532169893,1.9));
#11719=CARTESIAN_POINT('',(21.5157806924035,19.1032532169893,10.));
#11720=CARTESIAN_POINT('Origin',(24.3157806924035,19.1032532169893,1.9));
#11721=CARTESIAN_POINT('Origin',(181.044700386246,83.,1.9));
#11722=CARTESIAN_POINT('Origin',(123.848617525958,146.920360502009,10.));
#11723=CARTESIAN_POINT('',(121.048617525958,146.920360502009,1.9));
#11724=CARTESIAN_POINT('',(121.048617525958,146.920360502009,10.));
#11725=CARTESIAN_POINT('Origin',(123.848617525958,146.920360502009,1.9));
#11726=CARTESIAN_POINT('Origin',(181.044700386246,83.,1.9));
#11727=CARTESIAN_POINT('Origin',(0.499999999999972,0.,4.));
#11728=CARTESIAN_POINT('',(87.75,0.,4.));
#11729=CARTESIAN_POINT('',(349.5,1.22124532708767E-14,4.));
#11730=CARTESIAN_POINT('Origin',(175.,83.,4.));
#11731=CARTESIAN_POINT('',(14.0348,182.985440265221,4.));
#11732=CARTESIAN_POINT('Origin',(175.,83.,4.));
#11733=CARTESIAN_POINT('',(198.25,173.,4.));
#11734=CARTESIAN_POINT('Origin',(195.,173.,4.));
#11735=CARTESIAN_POINT('Origin',(175.,83.,4.));
#11736=CARTESIAN_POINT('',(14.0348,182.985440265221,4.));
#11737=CARTESIAN_POINT('Origin',(175.,83.,4.));
#11738=CARTESIAN_POINT('',(158.25,173.,4.));
#11739=CARTESIAN_POINT('Origin',(155.,173.,4.));
#11740=CARTESIAN_POINT('Origin',(175.,83.,4.));
#11741=CARTESIAN_POINT('',(14.0348,182.985440265221,4.));
#11742=CARTESIAN_POINT('',(14.0348,182.985440265221,4.));
#11743=CARTESIAN_POINT('',(-17.,151.,4.));
#11744=CARTESIAN_POINT('Origin',(15.,151.,4.));
#11745=CARTESIAN_POINT('',(-17.,15.,4.));
#11746=CARTESIAN_POINT('',(-17.,151.,4.));
#11747=CARTESIAN_POINT('',(14.0348,-16.9854402652207,4.));
#11748=CARTESIAN_POINT('Origin',(15.,15.,4.));
#11749=CARTESIAN_POINT('',(14.0348,-16.9854402652207,4.));
#11750=CARTESIAN_POINT('Origin',(175.,83.,4.));
#11751=CARTESIAN_POINT('',(38.25,-6.99999999999996,4.));
#11752=CARTESIAN_POINT('Origin',(35.,-6.99999999999996,4.));
#11753=CARTESIAN_POINT('Origin',(175.,83.,4.));
#11754=CARTESIAN_POINT('',(14.0348,-16.9854402652207,4.));
#11755=CARTESIAN_POINT('Origin',(175.,83.,4.));
#11756=CARTESIAN_POINT('',(318.25,-6.99999999999996,4.));
#11757=CARTESIAN_POINT('Origin',(315.,-6.99999999999996,4.));
#11758=CARTESIAN_POINT('Origin',(349.5,158.5,4.));
#11759=CARTESIAN_POINT('',(357.,158.5,4.));
#11760=CARTESIAN_POINT('',(357.,158.5,4.));
#11761=CARTESIAN_POINT('Origin',(349.5,158.5,4.));
#11762=CARTESIAN_POINT('Origin',(175.,83.,4.));
#11763=CARTESIAN_POINT('',(335.9652,-16.9854402652207,4.));
#11764=CARTESIAN_POINT('',(14.0348,-16.9854402652207,4.));
#11765=CARTESIAN_POINT('',(367.,15.,4.));
#11766=CARTESIAN_POINT('Origin',(335.,15.,4.));
#11767=CARTESIAN_POINT('',(367.,151.,4.));
#11768=CARTESIAN_POINT('',(367.,15.,4.));
#11769=CARTESIAN_POINT('',(335.9652,182.985440265221,4.));
#11770=CARTESIAN_POINT('Origin',(335.,151.,4.));
#11771=CARTESIAN_POINT('',(14.0348,182.985440265221,4.));
#11772=CARTESIAN_POINT('',(357.,7.50000000000002,4.));
#11773=CARTESIAN_POINT('',(357.,45.25,4.));
#11774=CARTESIAN_POINT('Origin',(349.5,7.50000000000002,4.));
#11775=CARTESIAN_POINT('Origin',(175.,83.,4.));
#11776=CARTESIAN_POINT('',(318.25,173.,4.));
#11777=CARTESIAN_POINT('Origin',(315.,173.,4.));
#11778=CARTESIAN_POINT('Origin',(175.,83.,4.));
#11779=CARTESIAN_POINT('',(14.0348,182.985440265221,4.));
#11780=CARTESIAN_POINT('Origin',(175.,83.,4.));
#11781=CARTESIAN_POINT('',(38.25,173.,4.));
#11782=CARTESIAN_POINT('Origin',(35.,173.,4.));
#11783=CARTESIAN_POINT('Origin',(175.,83.,4.));
#11784=CARTESIAN_POINT('',(158.25,-7.,4.));
#11785=CARTESIAN_POINT('Origin',(155.,-7.,4.));
#11786=CARTESIAN_POINT('Origin',(175.,83.,4.));
#11787=CARTESIAN_POINT('',(198.25,-7.00000000000002,4.));
#11788=CARTESIAN_POINT('Origin',(195.,-7.00000000000002,4.));
#11789=CARTESIAN_POINT('Origin',(315.,-6.99999999999996,5.));
#11790=CARTESIAN_POINT('',(318.25,-6.99999999999996,5.));
#11791=CARTESIAN_POINT('Origin',(35.,173.,5.));
#11792=CARTESIAN_POINT('',(38.25,173.,5.));
#11793=CARTESIAN_POINT('Origin',(195.,173.,5.));
#11794=CARTESIAN_POINT('',(198.25,173.,5.));
#11795=CARTESIAN_POINT('Origin',(155.,-7.,5.));
#11796=CARTESIAN_POINT('',(158.25,-7.,5.));
#11797=CARTESIAN_POINT('Origin',(195.,-7.00000000000002,5.));
#11798=CARTESIAN_POINT('',(198.25,-7.00000000000002,5.));
#11799=CARTESIAN_POINT('Origin',(155.,173.,5.));
#11800=CARTESIAN_POINT('',(158.25,173.,5.));
#11801=CARTESIAN_POINT('Origin',(35.,-6.99999999999996,5.));
#11802=CARTESIAN_POINT('',(38.25,-6.99999999999996,5.));
#11803=CARTESIAN_POINT('Origin',(315.,173.,5.));
#11804=CARTESIAN_POINT('',(318.25,173.,5.));
#11805=CARTESIAN_POINT('Origin',(346.182256916708,19.0796394979911,4.));
#11806=CARTESIAN_POINT('',(343.382256916708,19.0796394979911,4.));
#11807=CARTESIAN_POINT('Origin',(346.182256916708,146.920360502009,4.));
#11808=CARTESIAN_POINT('',(343.382256916708,146.920360502009,4.));
#11809=CARTESIAN_POINT('Origin',(184.455052013429,154.8716392237,4.));
#11810=CARTESIAN_POINT('',(247.500002216211,156.044550840836,4.));
#11811=CARTESIAN_POINT('',(184.455052013429,154.8716392237,4.));
#11812=CARTESIAN_POINT('Ctrl Pts',(175.,154.168078716771,4.));
#11813=CARTESIAN_POINT('Ctrl Pts',(175.,154.168078716771,10.));
#11814=CARTESIAN_POINT('Ctrl Pts',(176.580521141138,154.399944428137,4.));
#11815=CARTESIAN_POINT('Ctrl Pts',(176.580521141138,154.399944428137,10.));
#11816=CARTESIAN_POINT('Ctrl Pts',(178.217580228453,154.550861294243,4.));
#11817=CARTESIAN_POINT('Ctrl Pts',(178.217580228453,154.550861294243,10.));
#11818=CARTESIAN_POINT('Ctrl Pts',(181.135155861058,154.735887890875,4.));
#11819=CARTESIAN_POINT('Ctrl Pts',(181.135155861058,154.735887890875,10.));
#11820=CARTESIAN_POINT('Ctrl Pts',(181.685888083992,154.757114692063,4.));
#11821=CARTESIAN_POINT('Ctrl Pts',(181.685888083992,154.757114692063,10.));
#11822=CARTESIAN_POINT('Ctrl Pts',(184.455052013429,154.8716392237,4.));
#11823=CARTESIAN_POINT('Ctrl Pts',(184.455052013429,154.8716392237,10.));
#11824=CARTESIAN_POINT('',(175.,154.168078716771,4.));
#11825=CARTESIAN_POINT('Ctrl Pts',(146.377633775372,96.9484309304644,4.));
#11826=CARTESIAN_POINT('Ctrl Pts',(146.377633775372,96.9484309304644,10.));
#11827=CARTESIAN_POINT('Ctrl Pts',(146.787279590093,104.541639910232,4.));
#11828=CARTESIAN_POINT('Ctrl Pts',(146.787279590093,104.541639910232,10.));
#11829=CARTESIAN_POINT('Ctrl Pts',(147.537861025729,112.317619408671,4.));
#11830=CARTESIAN_POINT('Ctrl Pts',(147.537861025729,112.317619408671,10.));
#11831=CARTESIAN_POINT('Ctrl Pts',(150.041875210933,130.325794466809,4.));
#11832=CARTESIAN_POINT('Ctrl Pts',(150.041875210933,130.325794466809,10.));
#11833=CARTESIAN_POINT('Ctrl Pts',(151.278407963985,134.148365899194,4.));
#11834=CARTESIAN_POINT('Ctrl Pts',(151.278407963985,134.148365899194,10.));
#11835=CARTESIAN_POINT('Ctrl Pts',(152.557125181204,137.88641981938,4.));
#11836=CARTESIAN_POINT('Ctrl Pts',(152.557125181204,137.88641981938,10.));
#11837=CARTESIAN_POINT('Ctrl Pts',(153.767822432077,140.984374945418,4.));
#11838=CARTESIAN_POINT('Ctrl Pts',(153.767822432077,140.984374945418,10.));
#11839=CARTESIAN_POINT('Ctrl Pts',(158.14866765473,146.503385570664,4.));
#11840=CARTESIAN_POINT('Ctrl Pts',(158.14866765473,146.503385570664,10.));
#11841=CARTESIAN_POINT('Ctrl Pts',(160.809464102444,148.781483186567,4.));
#11842=CARTESIAN_POINT('Ctrl Pts',(160.809464102444,148.781483186567,10.));
#11843=CARTESIAN_POINT('Ctrl Pts',(167.204037444182,152.358580931042,4.));
#11844=CARTESIAN_POINT('Ctrl Pts',(167.204037444182,152.358580931042,10.));
#11845=CARTESIAN_POINT('Ctrl Pts',(170.781574851319,153.549227046595,4.));
#11846=CARTESIAN_POINT('Ctrl Pts',(170.781574851319,153.549227046595,10.));
#11847=CARTESIAN_POINT('Ctrl Pts',(175.,154.168078716771,4.));
#11848=CARTESIAN_POINT('Ctrl Pts',(175.,154.168078716771,10.));
#11849=CARTESIAN_POINT('Ctrl Pts',(184.455052011921,11.1283607763625,4.));
#11850=CARTESIAN_POINT('Ctrl Pts',(184.455052011921,11.1283607763625,10.));
#11851=CARTESIAN_POINT('Ctrl Pts',(181.685888081538,11.2428853080388,4.));
#11852=CARTESIAN_POINT('Ctrl Pts',(181.685888081538,11.2428853080388,10.));
#11853=CARTESIAN_POINT('Ctrl Pts',(181.135155851547,11.2641121097171,4.));
#11854=CARTESIAN_POINT('Ctrl Pts',(181.135155851547,11.2641121097171,10.));
#11855=CARTESIAN_POINT('Ctrl Pts',(178.217580227961,11.4491387058038,4.));
#11856=CARTESIAN_POINT('Ctrl Pts',(178.217580227961,11.4491387058038,10.));
#11857=CARTESIAN_POINT('Ctrl Pts',(176.580521140886,11.6000555719,4.));
#11858=CARTESIAN_POINT('Ctrl Pts',(176.580521140886,11.6000555719,10.));
#11859=CARTESIAN_POINT('Ctrl Pts',(175.,11.8319212832288,4.));
#11860=CARTESIAN_POINT('Ctrl Pts',(175.,11.8319212832288,10.));
#11861=CARTESIAN_POINT('',(184.455052011921,11.1283607763625,4.));
#11862=CARTESIAN_POINT('Origin',(241.203112506199,10.0725988288692,4.));
#11863=CARTESIAN_POINT('',(247.500002216165,9.9554491591635,4.));
#11864=CARTESIAN_POINT('Origin',(310.544952397306,11.1283607762998,4.));
#11865=CARTESIAN_POINT('',(310.544952397306,11.1283607762997,4.));
#11866=CARTESIAN_POINT('Ctrl Pts',(346.825,49.2789735390363,4.));
#11867=CARTESIAN_POINT('Ctrl Pts',(346.825,49.2789735390363,10.));
#11868=CARTESIAN_POINT('Ctrl Pts',(346.183806233511,44.2226391242471,4.));
#11869=CARTESIAN_POINT('Ctrl Pts',(346.183806233511,44.2226391242471,10.));
#11870=CARTESIAN_POINT('Ctrl Pts',(345.421709861452,39.3237679818845,4.));
#11871=CARTESIAN_POINT('Ctrl Pts',(345.421709861452,39.3237679818845,10.));
#11872=CARTESIAN_POINT('Ctrl Pts',(343.7212730357,31.6263666635329,4.));
#11873=CARTESIAN_POINT('Ctrl Pts',(343.7212730357,31.6263666635329,10.));
#11874=CARTESIAN_POINT('Ctrl Pts',(342.742772991255,28.49627240149,4.));
#11875=CARTESIAN_POINT('Ctrl Pts',(342.742772991255,28.49627240149,10.));
#11876=CARTESIAN_POINT('Ctrl Pts',(340.181241436435,23.6799311490844,4.));
#11877=CARTESIAN_POINT('Ctrl Pts',(340.181241436435,23.6799311490844,10.));
#11878=CARTESIAN_POINT('Ctrl Pts',(338.342473648287,20.86465167966,4.));
#11879=CARTESIAN_POINT('Ctrl Pts',(338.342473648287,20.86465167966,10.));
#11880=CARTESIAN_POINT('Ctrl Pts',(332.393362356735,15.9995120225071,4.));
#11881=CARTESIAN_POINT('Ctrl Pts',(332.393362356735,15.9995120225071,10.));
#11882=CARTESIAN_POINT('Ctrl Pts',(329.149092832162,14.1870389628447,4.));
#11883=CARTESIAN_POINT('Ctrl Pts',(329.149092832162,14.1870389628447,10.));
#11884=CARTESIAN_POINT('Ctrl Pts',(320.522166501544,11.5409892090828,4.));
#11885=CARTESIAN_POINT('Ctrl Pts',(320.522166501544,11.5409892090828,10.));
#11886=CARTESIAN_POINT('Ctrl Pts',(315.900505751998,11.3498508199475,4.));
#11887=CARTESIAN_POINT('Ctrl Pts',(315.900505751998,11.3498508199475,10.));
#11888=CARTESIAN_POINT('Ctrl Pts',(310.544952397306,11.1283607762997,4.));
#11889=CARTESIAN_POINT('Ctrl Pts',(310.544952397306,11.1283607762997,10.));
#11890=CARTESIAN_POINT('',(346.825,49.2789735390363,4.));
#11891=CARTESIAN_POINT('Origin',(346.825,116.721026460964,4.));
#11892=CARTESIAN_POINT('',(346.825,116.721026460964,4.));
#11893=CARTESIAN_POINT('Ctrl Pts',(310.544952399253,154.87163922362,4.));
#11894=CARTESIAN_POINT('Ctrl Pts',(310.544952399253,154.87163922362,10.));
#11895=CARTESIAN_POINT('Ctrl Pts',(314.318332422132,154.715583247585,4.));
#11896=CARTESIAN_POINT('Ctrl Pts',(314.318332422132,154.715583247585,10.));
#11897=CARTESIAN_POINT('Ctrl Pts',(317.684671992729,154.576361275728,4.));
#11898=CARTESIAN_POINT('Ctrl Pts',(317.684671992729,154.576361275728,10.));
#11899=CARTESIAN_POINT('Ctrl Pts',(323.628963350823,153.560890419246,4.));
#11900=CARTESIAN_POINT('Ctrl Pts',(323.628963350823,153.560890419246,10.));
#11901=CARTESIAN_POINT('Ctrl Pts',(327.178607517118,152.674516853091,4.));
#11902=CARTESIAN_POINT('Ctrl Pts',(327.178607517118,152.674516853091,10.));
#11903=CARTESIAN_POINT('Ctrl Pts',(333.620884210253,149.126460476005,4.));
#11904=CARTESIAN_POINT('Ctrl Pts',(333.620884210253,149.126460476005,10.));
#11905=CARTESIAN_POINT('Ctrl Pts',(336.114710991583,147.174400630712,4.));
#11906=CARTESIAN_POINT('Ctrl Pts',(336.114710991583,147.174400630712,10.));
#11907=CARTESIAN_POINT('Ctrl Pts',(340.688965371221,141.902524184045,4.));
#11908=CARTESIAN_POINT('Ctrl Pts',(340.688965371221,141.902524184045,10.));
#11909=CARTESIAN_POINT('Ctrl Pts',(342.147857457294,138.824121047546,4.));
#11910=CARTESIAN_POINT('Ctrl Pts',(342.147857457294,138.824121047546,10.));
#11911=CARTESIAN_POINT('Ctrl Pts',(343.864750073342,133.670221917469,4.));
#11912=CARTESIAN_POINT('Ctrl Pts',(343.864750073342,133.670221917469,10.));
#11913=CARTESIAN_POINT('Ctrl Pts',(345.306906019428,128.69243236043,4.));
#11914=CARTESIAN_POINT('Ctrl Pts',(345.306906019428,128.69243236043,10.));
#11915=CARTESIAN_POINT('Ctrl Pts',(346.825,116.721026460964,4.));
#11916=CARTESIAN_POINT('Ctrl Pts',(346.825,116.721026460964,10.));
#11917=CARTESIAN_POINT('',(310.544952399238,154.871639223621,4.));
#11918=CARTESIAN_POINT('Origin',(253.79689190498,155.927401171484,4.));
#11919=CARTESIAN_POINT('Origin',(357.,7.50000000000002,4.));
#11920=CARTESIAN_POINT('',(357.,7.50000000000002,4.));
#11921=CARTESIAN_POINT('Origin',(349.5,7.50000000000002,4.));
#11922=CARTESIAN_POINT('Origin',(175.,83.,4.));
#11923=CARTESIAN_POINT('',(14.0348,-16.9854402652207,4.));
#11924=CARTESIAN_POINT('Origin',(338.134530448972,56.3525095941199,0.));
#11925=CARTESIAN_POINT('',(338.134530448972,56.3525095941199,0.));
#11926=CARTESIAN_POINT('Origin',(338.045366723449,60.8091377836175,0.));
#11927=CARTESIAN_POINT('',(338.270681531902,65.260959683297,0.));
#11928=CARTESIAN_POINT('Origin',(336.897713675465,65.260959683297,0.));
#11929=CARTESIAN_POINT('Ctrl Pts',(337.780670807837,78.6297792759088,0.));
#11930=CARTESIAN_POINT('Ctrl Pts',(337.780670807837,78.6297792759088,4.));
#11931=CARTESIAN_POINT('Ctrl Pts',(337.779721123456,78.5898276042592,0.));
#11932=CARTESIAN_POINT('Ctrl Pts',(337.779721123456,78.5898276042592,4.));
#11933=CARTESIAN_POINT('Ctrl Pts',(337.778759639156,78.5498371348521,0.));
#11934=CARTESIAN_POINT('Ctrl Pts',(337.778759639156,78.5498371348521,4.));
#11935=CARTESIAN_POINT('Ctrl Pts',(337.777786420673,78.5098079781643,0.));
#11936=CARTESIAN_POINT('Ctrl Pts',(337.777786420673,78.5098079781643,4.));
#11937=CARTESIAN_POINT('Ctrl Pts',(337.680464572306,74.5068923093892,0.));
#11938=CARTESIAN_POINT('Ctrl Pts',(337.680464572306,74.5068923093892,4.));
#11939=CARTESIAN_POINT('Ctrl Pts',(337.481752403086,70.1713576180115,0.));
#11940=CARTESIAN_POINT('Ctrl Pts',(337.481752403086,70.1713576180115,4.));
#11941=CARTESIAN_POINT('Ctrl Pts',(337.147139198275,65.2440213076125,0.));
#11942=CARTESIAN_POINT('Ctrl Pts',(337.147139198275,65.2440213076125,4.));
#11943=CARTESIAN_POINT('Origin',(339.549139132851,78.5001365683365,0.));
#11944=CARTESIAN_POINT('',(339.549139132851,78.5001365683365,0.));
#11945=CARTESIAN_POINT('Origin',(339.584197603683,83.0000000000001,0.));
#11946=CARTESIAN_POINT('',(339.584197603683,87.5,0.));
#11947=CARTESIAN_POINT('Origin',(337.527473517207,87.5,0.));
#11948=CARTESIAN_POINT('Ctrl Pts',(337.147139198275,100.755978692388,0.));
#11949=CARTESIAN_POINT('Ctrl Pts',(337.147139198275,100.755978692388,4.));
#11950=CARTESIAN_POINT('Ctrl Pts',(337.481309359155,95.8351664115826,0.));
#11951=CARTESIAN_POINT('Ctrl Pts',(337.481309359155,95.8351664115826,4.));
#11952=CARTESIAN_POINT('Ctrl Pts',(337.679896028406,91.5047327739099,0.));
#11953=CARTESIAN_POINT('Ctrl Pts',(337.679896028406,91.5047327739099,4.));
#11954=CARTESIAN_POINT('Ctrl Pts',(337.777399227298,87.5060942132803,0.));
#11955=CARTESIAN_POINT('Ctrl Pts',(337.777399227298,87.5060942132803,4.));
#11956=CARTESIAN_POINT('Ctrl Pts',(337.778374259287,87.466107827674,0.));
#11957=CARTESIAN_POINT('Ctrl Pts',(337.778374259287,87.466107827674,4.));
#11958=CARTESIAN_POINT('Ctrl Pts',(337.779337596745,87.4261600128005,0.));
#11959=CARTESIAN_POINT('Ctrl Pts',(337.779337596745,87.4261600128005,4.));
#11960=CARTESIAN_POINT('Ctrl Pts',(337.780289174339,87.3862508779554,0.));
#11961=CARTESIAN_POINT('Ctrl Pts',(337.780289174339,87.3862508779554,4.));
#11962=CARTESIAN_POINT('Origin',(338.270681531902,100.739040316703,0.));
#11963=CARTESIAN_POINT('',(338.270681531902,100.739040316703,0.));
#11964=CARTESIAN_POINT('Origin',(338.045366723449,105.190862216383,0.));
#11965=CARTESIAN_POINT('',(338.134530448972,109.64749040588,0.));
#11966=CARTESIAN_POINT('Origin',(335.79103779857,109.590877093928,0.));
#11967=CARTESIAN_POINT('Ctrl Pts',(326.117199338377,131.371399075611,0.));
#11968=CARTESIAN_POINT('Ctrl Pts',(326.117199338377,131.371399075611,4.));
#11969=CARTESIAN_POINT('Ctrl Pts',(329.534184912043,127.442119527604,0.));
#11970=CARTESIAN_POINT('Ctrl Pts',(329.534184912043,127.442119527604,4.));
#11971=CARTESIAN_POINT('Ctrl Pts',(331.637518758671,124.055020293885,0.));
#11972=CARTESIAN_POINT('Ctrl Pts',(331.637518758671,124.055020293885,4.));
#11973=CARTESIAN_POINT('Ctrl Pts',(333.02315936296,120.967113433796,0.));
#11974=CARTESIAN_POINT('Ctrl Pts',(333.02315936296,120.967113433796,4.));
#11975=CARTESIAN_POINT('Ctrl Pts',(334.383471634667,117.93565088668,0.));
#11976=CARTESIAN_POINT('Ctrl Pts',(334.383471634667,117.93565088668,4.));
#11977=CARTESIAN_POINT('Ctrl Pts',(335.119258689698,115.167482136147,0.));
#11978=CARTESIAN_POINT('Ctrl Pts',(335.119258689698,115.167482136147,4.));
#11979=CARTESIAN_POINT('Ctrl Pts',(335.61053214466,112.503802037305,0.));
#11980=CARTESIAN_POINT('Ctrl Pts',(335.61053214466,112.503802037305,4.));
#11981=CARTESIAN_POINT('Ctrl Pts',(335.790754864519,111.526636128179,0.));
#11982=CARTESIAN_POINT('Ctrl Pts',(335.790754864519,111.526636128179,4.));
#11983=CARTESIAN_POINT('Ctrl Pts',(335.9328147446,110.565507343348,0.));
#11984=CARTESIAN_POINT('Ctrl Pts',(335.9328147446,110.565507343348,4.));
#11985=CARTESIAN_POINT('Ctrl Pts',(336.03946612863,109.618865749187,0.));
#11986=CARTESIAN_POINT('Ctrl Pts',(336.03946612863,109.618865749187,4.));
#11987=CARTESIAN_POINT('Ctrl Pts',(336.046357899846,109.557694135245,0.));
#11988=CARTESIAN_POINT('Ctrl Pts',(336.046357899846,109.557694135245,4.));
#11989=CARTESIAN_POINT('Ctrl Pts',(336.053249671062,109.496522521301,0.));
#11990=CARTESIAN_POINT('Ctrl Pts',(336.053249671062,109.496522521301,4.));
#11991=CARTESIAN_POINT('Ctrl Pts',(336.060141442278,109.435350907359,0.));
#11992=CARTESIAN_POINT('Ctrl Pts',(336.060141442278,109.435350907359,4.));
#11993=CARTESIAN_POINT('Origin',(316.597337164182,139.945643823899,0.));
#11994=CARTESIAN_POINT('Origin',(310.435862139232,143.46958070155,0.));
#11995=CARTESIAN_POINT('',(310.435862139232,143.46958070155,0.));
#11996=CARTESIAN_POINT('Ctrl Pts',(247.500002249623,148.288074118009,0.));
#11997=CARTESIAN_POINT('Ctrl Pts',(247.500002249623,148.288074118009,4.));
#11998=CARTESIAN_POINT('Ctrl Pts',(247.653349221462,148.287786599508,0.));
#11999=CARTESIAN_POINT('Ctrl Pts',(247.653349221462,148.287786599508,4.));
#12000=CARTESIAN_POINT('Ctrl Pts',(248.346076257382,148.286617272643,0.));
#12001=CARTESIAN_POINT('Ctrl Pts',(248.346076257382,148.286617272643,4.));
#12002=CARTESIAN_POINT('Ctrl Pts',(250.656795644176,148.282415656498,0.));
#12003=CARTESIAN_POINT('Ctrl Pts',(250.656795644176,148.282415656498,4.));
#12004=CARTESIAN_POINT('Ctrl Pts',(256.165264278795,148.265414223144,0.));
#12005=CARTESIAN_POINT('Ctrl Pts',(256.165264278795,148.265414223144,4.));
#12006=CARTESIAN_POINT('Ctrl Pts',(265.365466888937,148.187789674057,0.));
#12007=CARTESIAN_POINT('Ctrl Pts',(265.365466888937,148.187789674057,4.));
#12008=CARTESIAN_POINT('Ctrl Pts',(275.382759951142,148.014716656865,0.));
#12009=CARTESIAN_POINT('Ctrl Pts',(275.382759951142,148.014716656865,4.));
#12010=CARTESIAN_POINT('Ctrl Pts',(283.034177211795,147.709505322744,0.));
#12011=CARTESIAN_POINT('Ctrl Pts',(283.034177211795,147.709505322744,4.));
#12012=CARTESIAN_POINT('Ctrl Pts',(289.552482465215,147.426839194622,0.));
#12013=CARTESIAN_POINT('Ctrl Pts',(289.552482465215,147.426839194622,4.));
#12014=CARTESIAN_POINT('Ctrl Pts',(297.08694896597,147.128578986897,0.));
#12015=CARTESIAN_POINT('Ctrl Pts',(297.08694896597,147.128578986897,4.));
#12016=CARTESIAN_POINT('Ctrl Pts',(302.635826643549,146.401268876447,0.));
#12017=CARTESIAN_POINT('Ctrl Pts',(302.635826643549,146.401268876447,4.));
#12018=CARTESIAN_POINT('Ctrl Pts',(306.190585073884,145.465739569227,0.));
#12019=CARTESIAN_POINT('Ctrl Pts',(306.190585073884,145.465739569227,4.));
#12020=CARTESIAN_POINT('Ctrl Pts',(308.411660300704,144.547250676738,0.));
#12021=CARTESIAN_POINT('Ctrl Pts',(308.411660300704,144.547250676738,4.));
#12022=CARTESIAN_POINT('Ctrl Pts',(309.78107842384,143.844071626565,0.));
#12023=CARTESIAN_POINT('Ctrl Pts',(309.78107842384,143.844071626565,4.));
#12024=CARTESIAN_POINT('Ctrl Pts',(310.435862139232,143.46958070155,0.));
#12025=CARTESIAN_POINT('Ctrl Pts',(310.435862139232,143.46958070155,4.));
#12026=CARTESIAN_POINT('',(247.500002249623,148.288074118009,0.));
#12027=CARTESIAN_POINT('Ctrl Pts',(184.564142271533,143.469580701565,0.));
#12028=CARTESIAN_POINT('Ctrl Pts',(184.564142271533,143.469580701565,4.));
#12029=CARTESIAN_POINT('Ctrl Pts',(185.218925986717,143.844071626462,0.));
#12030=CARTESIAN_POINT('Ctrl Pts',(185.218925986717,143.844071626462,4.));
#12031=CARTESIAN_POINT('Ctrl Pts',(186.588344109312,144.547250676241,0.));
#12032=CARTESIAN_POINT('Ctrl Pts',(186.588344109312,144.547250676241,4.));
#12033=CARTESIAN_POINT('Ctrl Pts',(188.809419334925,145.465739567659,0.));
#12034=CARTESIAN_POINT('Ctrl Pts',(188.809419334925,145.465739567659,4.));
#12035=CARTESIAN_POINT('Ctrl Pts',(192.364177763385,146.401268872901,0.));
#12036=CARTESIAN_POINT('Ctrl Pts',(192.364177763385,146.401268872901,4.));
#12037=CARTESIAN_POINT('Ctrl Pts',(197.913055439172,147.128578981058,0.));
#12038=CARTESIAN_POINT('Ctrl Pts',(197.913055439172,147.128578981058,4.));
#12039=CARTESIAN_POINT('Ctrl Pts',(205.447521940538,147.426839188237,0.));
#12040=CARTESIAN_POINT('Ctrl Pts',(205.447521940538,147.426839188237,4.));
#12041=CARTESIAN_POINT('Ctrl Pts',(211.965827192443,147.709505315802,0.));
#12042=CARTESIAN_POINT('Ctrl Pts',(211.965827192443,147.709505315802,4.));
#12043=CARTESIAN_POINT('Ctrl Pts',(219.617244457325,148.014716649428,0.));
#12044=CARTESIAN_POINT('Ctrl Pts',(219.617244457325,148.014716649428,4.));
#12045=CARTESIAN_POINT('Ctrl Pts',(229.634537521412,148.187789668287,0.));
#12046=CARTESIAN_POINT('Ctrl Pts',(229.634537521412,148.187789668287,4.));
#12047=CARTESIAN_POINT('Ctrl Pts',(238.834740261967,148.265414220887,0.));
#12048=CARTESIAN_POINT('Ctrl Pts',(238.834740261967,148.265414220887,4.));
#12049=CARTESIAN_POINT('Ctrl Pts',(244.343208965618,148.282415655607,0.));
#12050=CARTESIAN_POINT('Ctrl Pts',(244.343208965618,148.282415655607,4.));
#12051=CARTESIAN_POINT('Ctrl Pts',(246.653928327495,148.286617272355,0.));
#12052=CARTESIAN_POINT('Ctrl Pts',(246.653928327495,148.286617272355,4.));
#12053=CARTESIAN_POINT('Ctrl Pts',(247.346655303605,148.287786599435,0.));
#12054=CARTESIAN_POINT('Ctrl Pts',(247.346655303605,148.287786599435,4.));
#12055=CARTESIAN_POINT('Ctrl Pts',(247.500002249623,148.288074118003,0.));
#12056=CARTESIAN_POINT('Ctrl Pts',(247.500002249623,148.288074118003,4.));
#12057=CARTESIAN_POINT('',(184.564142271512,143.46958070155,0.));
#12058=CARTESIAN_POINT('Origin',(178.402667246562,139.945643823899,0.));
#12059=CARTESIAN_POINT('Origin',(171.123114506833,145.108518975644,0.));
#12060=CARTESIAN_POINT('Origin',(46.0983443721447,19.2304535003449,0.));
#12061=CARTESIAN_POINT('',(46.0983443721447,19.2304535003449,0.));
#12062=CARTESIAN_POINT('Origin',(54.5555779592179,16.1522722104139,0.));
#12063=CARTESIAN_POINT('',(54.5555779592179,16.1522722104139,0.));
#12064=CARTESIAN_POINT('Origin',(56.1480088091429,20.5274400126259,0.));
#12065=CARTESIAN_POINT('Origin',(74.0973611268153,83.0000000000001,0.));
#12066=CARTESIAN_POINT('Origin',(93.6391442944126,16.1522722104139,0.));
#12067=CARTESIAN_POINT('',(93.6391442944126,16.1522722104139,0.));
#12068=CARTESIAN_POINT('Origin',(102.096377881486,19.2304535003449,0.));
#12069=CARTESIAN_POINT('',(102.096377881486,19.2304535003449,0.));
#12070=CARTESIAN_POINT('Origin',(100.503947031561,23.6056213025569,0.));
#12071=CARTESIAN_POINT('Origin',(74.0973611268153,83.0000000000001,0.));
#12072=CARTESIAN_POINT('Origin',(335.9652,182.985440265221,0.));
#12073=CARTESIAN_POINT('',(14.0348,182.985440265221,0.));
#12074=CARTESIAN_POINT('',(335.9652,182.985440265221,0.));
#12075=CARTESIAN_POINT('Origin',(335.,151.,0.));
#12076=CARTESIAN_POINT('',(367.,151.,0.));
#12077=CARTESIAN_POINT('Origin',(367.,15.,0.));
#12078=CARTESIAN_POINT('',(367.,15.,0.));
#12079=CARTESIAN_POINT('Origin',(335.,15.,0.));
#12080=CARTESIAN_POINT('',(335.9652,-16.9854402652207,0.));
#12081=CARTESIAN_POINT('Origin',(14.0348,-16.9854402652207,0.));
#12082=CARTESIAN_POINT('',(14.0348,-16.9854402652207,0.));
#12083=CARTESIAN_POINT('Origin',(15.,15.,0.));
#12084=CARTESIAN_POINT('',(-17.,15.,0.));
#12085=CARTESIAN_POINT('Origin',(-17.,151.,0.));
#12086=CARTESIAN_POINT('',(-17.,151.,0.));
#12087=CARTESIAN_POINT('Origin',(15.,151.,0.));
#12088=CARTESIAN_POINT('Origin',(181.044700386246,83.,1.9));
#12089=CARTESIAN_POINT('',(244.700002205372,2.30412535485566,1.9));
#12090=CARTESIAN_POINT('Origin',(247.500002205372,2.30412535485566,1.9));
#12091=CARTESIAN_POINT('Origin',(247.500002205372,2.30412535485566,10.));
#12092=CARTESIAN_POINT('',(244.700002205372,2.30412535485566,10.));
#12093=CARTESIAN_POINT('',(0.,0.,0.));
#12094=CARTESIAN_POINT('Origin',(0.,0.,0.));
#12095=UNCERTAINTY_MEASURE_WITH_UNIT(LENGTH_MEASURE(0.01),#12101,
'DISTANCE_ACCURACY_VALUE',
'Maximum model space distance between geometric entities at asserted c
onnectivities');
#12096=UNCERTAINTY_MEASURE_WITH_UNIT(LENGTH_MEASURE(0.01),#12101,
'DISTANCE_ACCURACY_VALUE',
'Maximum model space distance between geometric entities at asserted c
onnectivities');
#12097=UNCERTAINTY_MEASURE_WITH_UNIT(LENGTH_MEASURE(0.01),#12101,
'DISTANCE_ACCURACY_VALUE',
'Maximum model space distance between geometric entities at asserted c
onnectivities');
#12098=(
GEOMETRIC_REPRESENTATION_CONTEXT(3)
GLOBAL_UNCERTAINTY_ASSIGNED_CONTEXT((#12095))
GLOBAL_UNIT_ASSIGNED_CONTEXT((#12101,#12103,#12104))
REPRESENTATION_CONTEXT('','3D')
);
#12099=(
GEOMETRIC_REPRESENTATION_CONTEXT(3)
GLOBAL_UNCERTAINTY_ASSIGNED_CONTEXT((#12096))
GLOBAL_UNIT_ASSIGNED_CONTEXT((#12101,#12103,#12104))
REPRESENTATION_CONTEXT('','3D')
);
#12100=(
GEOMETRIC_REPRESENTATION_CONTEXT(3)
GLOBAL_UNCERTAINTY_ASSIGNED_CONTEXT((#12097))
GLOBAL_UNIT_ASSIGNED_CONTEXT((#12101,#12103,#12104))
REPRESENTATION_CONTEXT('','3D')
);
#12101=(
LENGTH_UNIT()
NAMED_UNIT(*)
SI_UNIT(.MILLI.,.METRE.)
);
#12102=(
LENGTH_UNIT()
NAMED_UNIT(*)
SI_UNIT($,.METRE.)
);
#12103=(
NAMED_UNIT(*)
PLANE_ANGLE_UNIT()
SI_UNIT($,.RADIAN.)
);
#12104=(
NAMED_UNIT(*)
SI_UNIT($,.STERADIAN.)
SOLID_ANGLE_UNIT()
);
#12105=SHAPE_DEFINITION_REPRESENTATION(#12107,#12110);
#12106=SHAPE_DEFINITION_REPRESENTATION(#12108,#12111);
#12107=PRODUCT_DEFINITION_SHAPE('',$,#12113);
#12108=PRODUCT_DEFINITION_SHAPE('',$,#12114);
#12109=PRODUCT_DEFINITION_SHAPE($,$,#17);
#12110=SHAPE_REPRESENTATION('',(#6045,#6671),#12098);
#12111=SHAPE_REPRESENTATION('',(#6046),#12099);
#12112=PRODUCT_DEFINITION_CONTEXT('part definition',#12120,'design');
#12113=PRODUCT_DEFINITION('headlight dual holder separate retainers',
'headlight dual holder separate retainers',#12115,#12112);
#12114=PRODUCT_DEFINITION('main holder','main holder',#12116,#12112);
#12115=PRODUCT_DEFINITION_FORMATION('',$,#12122);
#12116=PRODUCT_DEFINITION_FORMATION('',$,#12123);
#12117=PRODUCT_RELATED_PRODUCT_CATEGORY(
'headlight dual holder separate retainers',
'headlight dual holder separate retainers',(#12122));
#12118=PRODUCT_RELATED_PRODUCT_CATEGORY('main holder','main holder',(#12123));
#12119=APPLICATION_PROTOCOL_DEFINITION('international standard',
'automotive_design',2009,#12120);
#12120=APPLICATION_CONTEXT(
'Core Data for Automotive Mechanical Design Process');
#12121=PRODUCT_CONTEXT('part definition',#12120,'mechanical');
#12122=PRODUCT('headlight dual holder separate retainers',
'headlight dual holder separate retainers',$,(#12121));
#12123=PRODUCT('main holder','main holder',$,(#12121));
#12124=PRESENTATION_STYLE_ASSIGNMENT((#12127));
#12125=PRESENTATION_STYLE_ASSIGNMENT((#12128));
#12126=PRESENTATION_STYLE_ASSIGNMENT((NULL_STYLE(.NULL.)));
#12127=SURFACE_STYLE_USAGE(.BOTH.,#12129);
#12128=SURFACE_STYLE_USAGE(.BOTH.,#12130);
#12129=SURFACE_SIDE_STYLE('',(#12131));
#12130=SURFACE_SIDE_STYLE('',(#12132));
#12131=SURFACE_STYLE_FILL_AREA(#12133);
#12132=SURFACE_STYLE_FILL_AREA(#12134);
#12133=FILL_AREA_STYLE('Steel - Satin',(#12135));
#12134=FILL_AREA_STYLE('ABS (White)',(#12136));
#12135=FILL_AREA_STYLE_COLOUR('Steel - Satin',#12137);
#12136=FILL_AREA_STYLE_COLOUR('ABS (White)',#12138);
#12137=COLOUR_RGB('Steel - Satin',0.627450980392157,0.627450980392157,0.627450980392157);
#12138=COLOUR_RGB('ABS (White)',0.0666666666666667,0.345098039215686,0.313725490196078);
ENDSEC;
END-ISO-10303-21;
